folder,photo,iou,area_old,area_new,area_ratio,h_old,h_new,h_ratio,w_old,w_new,w_ratio
3159,IMG_20260604_065125,0.9228,859152,904702,1.053,1032,1082,1.0484,1562,1530,0.9795
3159,IMG_20260604_065126,0.9275,859656,905369,1.0532,1032,1076,1.0426,1664,1639,0.985
3159,IMG_20260604_065126_1,0.9144,822372,867691,1.0551,1032,1056,1.0233,1690,1657,0.9805
3159,IMG_20260604_065127,0.9245,710364,751002,1.0572,888,928,1.045,1561,1536,0.984
3672,IMG_20260604_064806,0.931,753936,798543,1.0592,1224,1273,1.04,1485,1459,0.9825
3672,IMG_20260604_064807,0.9293,800994,848906,1.0598,1200,1255,1.0458,1562,1536,0.9834
3672,IMG_20260604_064808,0.9201,767172,810163,1.056,1104,1152,1.0435,1562,1536,0.9834
3672,IMG_20260604_064814,0.9246,670554,696198,1.0382,984,1024,1.0407,1280,1255,0.9805
3672,IMG_20260604_064815,0.9255,728970,753487,1.0336,984,1017,1.0335,1459,1433,0.9822
3672,IMG_20260604_064815_1,0.9086,736152,757960,1.0296,1008,1056,1.0476,1434,1395,0.9728
3672,IMG_20260604_064816,0.916,700080,715551,1.0221,984,1011,1.0274,1408,1382,0.9815
3672,IMG_20260604_064816_1,0.9279,703290,728348,1.0356,984,1018,1.0346,1357,1337,0.9853
3672,IMG_20260604_064817,0.9261,645648,678367,1.0507,1008,1037,1.0288,1357,1331,0.9808
3672,IMG_20260604_064817_1,0.9277,688386,716387,1.0407,960,1011,1.0531,1408,1382,0.9815
3672,IMG_20260604_064818,0.9298,676620,706660,1.0444,960,999,1.0406,1332,1306,0.9805
3672,IMG_20260604_064818_1,0.9268,662232,687142,1.0376,936,986,1.0534,1357,1331,0.9808
3672,IMG_20260604_064818_2,0.9164,650568,680211,1.0456,960,992,1.0333,1305,1267,0.9709
3672,IMG_20260604_064819,0.914,646434,678362,1.0494,960,986,1.0271,1357,1325,0.9764
3672,IMG_20260604_064819_1,0.9217,669252,685021,1.0236,936,985,1.0524,1357,1312,0.9668
3672,IMG_20260604_064820,0.9378,633246,666538,1.0526,936,986,1.0534,1312,1293,0.9855
3672,IMG_20260604_064820_1,0.9163,693168,721253,1.0405,864,896,1.037,1434,1388,0.9679
3672,IMG_20260604_064821,0.9352,645366,672760,1.0424,936,992,1.0598,1254,1236,0.9856
3672,IMG_20260604_064821_1,0.9199,682146,699970,1.0261,960,992,1.0333,1305,1261,0.9663
3672,IMG_20260604_064821_2,0.9252,693750,715702,1.0316,960,992,1.0333,1383,1337,0.9667
3672,IMG_20260604_064822,0.9173,689712,723920,1.0496,1008,1050,1.0417,1408,1370,0.973
3672,IMG_20260604_064822_1,0.9225,646044,679059,1.0511,960,1004,1.0458,1382,1370,0.9913
3672,IMG_20260604_064823,0.9205,683052,715582,1.0476,960,998,1.0396,1434,1408,0.9819
3672,IMG_20260604_064823_1,0.9221,666060,693837,1.0417,960,992,1.0333,1382,1351,0.9776
3672,IMG_20260604_064828,0.8864,5218841,5443708,1.0431,2177,2290,1.0519,3965,3940,0.9937
3672,IMG_20260604_064829,0.9232,3951256,4161771,1.0533,2129,2251,1.0573,2997,2970,0.991
3672,IMG_20260604_064831,0.9221,706104,733205,1.0384,960,1011,1.0531,1434,1388,0.9679
3672,IMG_20260604_064832,0.9146,687288,715726,1.0414,960,1004,1.0458,1280,1255,0.9805
3672,IMG_20260604_064832_1,0.916,658086,683392,1.0385,960,999,1.0406,1229,1216,0.9894
3672,IMG_20260604_064833,0.923,654168,683265,1.0445,936,985,1.0524,1280,1267,0.9898
3672,IMG_20260604_064833_1,0.9188,661698,675126,1.0203,960,999,1.0406,1254,1229,0.9801
3672,IMG_20260604_064834,0.934,824706,865139,1.049,960,1005,1.0469,1689,1651,0.9775
3677,IMG_20260604_064525,0.9296,535320,564347,1.0542,840,889,1.0583,1305,1286,0.9854
3677,IMG_20260604_064526,0.934,527640,557276,1.0562,816,864,1.0588,1254,1248,0.9952
3677,IMG_20260604_064527,0.9408,510636,535082,1.0479,840,871,1.0369,1197,1184,0.9891
3677,IMG_20260604_064528,0.9351,474720,499391,1.052,864,877,1.015,979,954,0.9745
3677,IMG_20260604_064531,0.9432,506406,528560,1.0437,864,877,1.015,1164,1152,0.9897
3677,IMG_20260604_064531_1,0.9359,505656,525218,1.0387,864,877,1.015,1152,1127,0.9783
3677,IMG_20260604_064532,0.9394,516354,541338,1.0484,840,864,1.0286,1229,1178,0.9585
3677,IMG_20260604_064536,0.934,668994,700167,1.0466,888,915,1.0304,1613,1606,0.9957
3677,IMG_20260604_064537,0.9351,665496,701984,1.0548,888,928,1.045,1664,1632,0.9808
3677,IMG_20260604_064537_1,0.9423,681780,714305,1.0477,888,928,1.045,1638,1625,0.9921
3677,IMG_20260604_064538,0.9312,678144,716177,1.0561,912,935,1.0252,1613,1607,0.9963
3677,IMG_20260604_064539,0.9336,682182,714185,1.0469,888,922,1.0383,1587,1561,0.9836
3677,IMG_20260604_064539_1,0.9308,669432,705558,1.054,888,921,1.0372,1587,1555,0.9798
3677,IMG_20260604_064540,0.9276,681888,714106,1.0472,912,928,1.0175,1587,1555,0.9798
3677,IMG_20260604_064541,0.9348,662076,697110,1.0529,888,915,1.0304,1587,1555,0.9798
3677,IMG_20260604_064541_1,0.9313,631932,670907,1.0617,888,909,1.0236,1523,1523,1.0
3677,IMG_20260604_064542,0.9291,658686,696732,1.0578,888,916,1.0315,1587,1568,0.988
3677,IMG_20260604_064542_1,0.9298,647580,682728,1.0543,912,928,1.0175,1562,1523,0.975
3677,IMG_20260604_064543,0.9336,650262,686303,1.0554,888,915,1.0304,1536,1517,0.9876
3677,IMG_20260604_064544,0.9301,662424,697320,1.0527,888,922,1.0383,1561,1530,0.9801
3677,IMG_20260604_064544_1,0.9271,652278,687415,1.0539,888,915,1.0304,1561,1524,0.9763
3677,IMG_20260604_064545,0.9296,638898,675365,1.0571,888,915,1.0304,1511,1491,0.9868
3677,IMG_20260604_064545_1,0.9214,660966,700936,1.0605,888,928,1.045,1459,1415,0.9698
3677,IMG_20260604_064549,0.9134,4383419,4600377,1.0495,2153,2257,1.0483,2767,2748,0.9931
3677,IMG_20260604_064552,0.9178,613812,641797,1.0456,888,921,1.0372,1274,1254,0.9843
3677,IMG_20260604_064553,0.9269,570444,599423,1.0508,888,922,1.0383,1306,1280,0.9801
3678,IMG_20260604_064423,0.932,751590,783453,1.0424,984,1011,1.0274,1382,1363,0.9863
3678,IMG_20260604_064425,0.9233,736512,783600,1.0639,900,947,1.0522,1652,1632,0.9879
3678,IMG_20260604_064425_1,0.9229,747150,794119,1.0629,960,979,1.0198,1600,1600,1.0
3678,IMG_20260604_064426,0.9273,719232,759583,1.0561,912,953,1.045,1529,1530,1.0007
3678,IMG_20260604_064427,0.9171,712890,754877,1.0589,936,966,1.0321,1524,1510,0.9908
3678,IMG_20260604_064427_1,0.9218,711852,757734,1.0645,960,985,1.026,1497,1498,1.0007
3678,IMG_20260604_064428,0.9201,752658,798612,1.0611,960,979,1.0198,1632,1606,0.9841
3678,IMG_20260604_064429,0.9204,748860,795192,1.0619,960,980,1.0208,1651,1632,0.9885
3678,IMG_20260604_064429_1,0.9233,762246,804332,1.0552,960,986,1.0271,1626,1599,0.9834
3678,IMG_20260604_064430,0.9188,750180,793448,1.0577,960,980,1.0208,1639,1612,0.9835
3678,IMG_20260604_064431,0.925,751104,794086,1.0572,936,967,1.0331,1594,1568,0.9837
3678,IMG_20260604_064431_1,0.9272,758574,799759,1.0543,912,953,1.045,1613,1594,0.9882
3678,IMG_20260604_064432,0.9244,741066,785844,1.0604,912,953,1.045,1574,1562,0.9924
3678,IMG_20260604_064433,0.92,738918,783109,1.0598,912,953,1.045,1613,1574,0.9758
3678,IMG_20260604_064433_1,0.9258,732642,772805,1.0548,912,953,1.045,1613,1581,0.9802
3678,IMG_20260604_064434,0.9218,737634,782820,1.0613,912,953,1.045,1613,1587,0.9839
3678,IMG_20260604_064435,0.9235,730236,772944,1.0585,912,960,1.0526,1638,1606,0.9805
3678,IMG_20260604_064435_1,0.9239,723156,767921,1.0619,936,966,1.0321,1607,1580,0.9832
3678,IMG_20260604_064436,0.9241,766842,809153,1.0552,936,960,1.0256,1638,1613,0.9847
3678,IMG_20260604_064437,0.9254,761136,805451,1.0582,936,967,1.0331,1638,1625,0.9921
3678,IMG_20260604_064437_1,0.9243,743694,786195,1.0571,936,954,1.0192,1632,1613,0.9884
3678_2,IMG_20260604_064459,0.9227,659412,699740,1.0612,876,915,1.0445,1395,1395,1.0
3678_2,IMG_20260604_064459_1,0.9204,673188,715852,1.0634,876,928,1.0594,1511,1472,0.9742
3678_2,IMG_20260604_064500,0.9265,699990,733825,1.0483,888,921,1.0372,1613,1594,0.9882
3678_2,IMG_20260604_064501,0.9193,685104,727488,1.0619,876,915,1.0445,1588,1555,0.9792
3678_2,IMG_20260604_064502,0.9212,681408,724873,1.0638,876,915,1.0445,1536,1530,0.9961
3678_2,IMG_20260604_064502_1,0.9201,691884,735733,1.0634,882,915,1.0374,1556,1536,0.9871
3678_2,IMG_20260604_064503,0.9191,692424,736565,1.0637,858,916,1.0676,1588,1568,0.9874
3678_2,IMG_20260604_064504,0.9219,706284,750150,1.0621,882,935,1.0601,1613,1574,0.9758
3678_2,IMG_20260604_064504_1,0.9181,709464,751644,1.0595,888,922,1.0383,1638,1599,0.9762
3678_2,IMG_20260604_064505,0.9288,698892,733757,1.0499,888,921,1.0372,1587,1549,0.9761
3678_2,IMG_20260604_064506,0.9203,731244,768942,1.0516,888,928,1.045,1689,1645,0.9739
3678_2,IMG_20260604_064507,0.9186,679836,718825,1.0574,912,947,1.0384,1511,1466,0.9702
3678_2,IMG_20260604_064508,0.9267,720150,757687,1.0521,888,928,1.045,1626,1606,0.9877
3679,IMG_20260604_065624,0.9385,635844,668241,1.051,1008,1062,1.0536,1036,1011,0.9759
3679,IMG_20260604_065625,0.9417,670740,701830,1.0464,984,1024,1.0407,960,954,0.9938
3679,IMG_20260604_065626,0.9296,625902,650160,1.0388,1008,1056,1.0476,908,883,0.9725
3679,IMG_20260604_065626_1,0.9307,574656,606012,1.0546,984,1031,1.0478,857,845,0.986
3679,IMG_20260604_065627,0.9214,592266,622974,1.0518,1008,1049,1.0407,832,813,0.9772
3679,IMG_20260604_065627_1,0.9247,603660,626398,1.0377,1080,1114,1.0315,806,794,0.9851
3679,IMG_20260604_065628,0.9224,580710,603865,1.0399,984,1024,1.0407,985,966,0.9807
3679,IMG_20260604_065628_1,0.9258,559602,589230,1.0529,1032,1094,1.0601,806,781,0.969
3679,IMG_20260604_065629,0.926,576066,606953,1.0536,1008,1062,1.0536,780,781,1.0013
3679,IMG_20260604_065629_1,0.9415,575406,599191,1.0413,1008,1030,1.0218,800,800,1.0
3679,IMG_20260604_065630,0.9233,600588,624566,1.0399,984,1024,1.0407,908,883,0.9725
3679,IMG_20260604_065630_1,0.9332,585726,606345,1.0352,984,1024,1.0407,857,838,0.9778
3679,IMG_20260604_065631,0.9279,606144,620625,1.0239,984,1018,1.0346,857,845,0.986
3679,IMG_20260604_065632,0.9299,621912,655096,1.0534,1080,1126,1.0426,985,979,0.9939
3679,IMG_20260604_065632_1,0.9323,611622,642791,1.051,1008,1049,1.0407,960,934,0.9729
3679,IMG_20260604_065633,0.9294,622920,658001,1.0563,1056,1108,1.0492,883,870,0.9853
3679,IMG_20260604_065633_1,0.943,633444,660963,1.0434,984,1037,1.0539,960,941,0.9802
3679,IMG_20260604_065634,0.9306,597450,626613,1.0488,1008,1069,1.0605,883,864,0.9785
3679,IMG_20260604_065634_1,0.9363,610476,643527,1.0541,1008,1049,1.0407,883,864,0.9785
3679,IMG_20260604_065635,0.9464,607902,637476,1.0486,1008,1056,1.0476,851,851,1.0
3679,IMG_20260604_065635_1,0.9485,657990,690907,1.05,1080,1127,1.0435,851,851,1.0
3679,IMG_20260604_065636,0.9282,612918,639395,1.0432,1008,1056,1.0476,857,832,0.9708
3679,IMG_20260604_065636_1,0.9421,605880,629318,1.0387,1008,1044,1.0357,851,851,1.0
3679,IMG_20260604_065637,0.9417,593376,615966,1.0381,984,1024,1.0407,857,838,0.9778
3679,IMG_20260604_065637_1,0.9273,611736,640490,1.047,984,1030,1.0467,1011,998,0.9871
3679,IMG_20260604_065638,0.9236,626796,651478,1.0394,1080,1139,1.0546,857,838,0.9778
3679,IMG_20260604_065638_1,0.9436,620700,649264,1.046,1008,1049,1.0407,883,858,0.9717
3679,IMG_20260604_065639,0.9373,621402,650700,1.0471,1032,1081,1.0475,934,928,0.9936
3679,IMG_20260604_065639_1,0.941,652398,678776,1.0404,1176,1222,1.0391,857,845,0.986
3679,IMG_20260604_065639_2,0.9338,630168,657317,1.0431,1032,1075,1.0417,857,845,0.986
3679,IMG_20260604_065642,0.9253,3057228,3227466,1.0557,1968,2074,1.0539,2548,2535,0.9949
3679,IMG_20260604_065643,0.9383,623370,656298,1.0528,1008,1049,1.0407,883,858,0.9717
3679,IMG_20260604_065644,0.9313,581946,608899,1.0463,984,1024,1.0407,908,883,0.9725
3679,IMG_20260604_065644_1,0.9356,612504,644164,1.0517,984,1037,1.0539,934,909,0.9732
3681,IMG_20260604_064219,0.9163,395358,418253,1.0579,744,755,1.0148,1158,1133,0.9784
3681,IMG_20260604_064221,0.9022,455526,474809,1.0423,744,762,1.0242,1254,1222,0.9745
3681,IMG_20260604_064222,0.9228,448860,470412,1.048,720,742,1.0306,1229,1203,0.9788
3681,IMG_20260604_064223,0.9228,436434,462422,1.0595,744,762,1.0242,1197,1177,0.9833
3681,IMG_20260604_064224,0.9284,480372,502957,1.047,744,774,1.0403,1127,1088,0.9654
3681,IMG_20260604_064224_1,0.9284,409170,423252,1.0344,744,768,1.0323,922,909,0.9859
3681,IMG_20260604_064225,0.9342,406908,425005,1.0445,720,762,1.0583,941,928,0.9862
3681,IMG_20260604_064226,0.9295,403116,424118,1.0521,744,761,1.0228,915,903,0.9869
3681,IMG_20260604_064229,0.9329,5682444,6049388,1.0646,1985,2098,1.0569,3429,3417,0.9965
3681,IMG_20260604_064232,0.9117,913632,967182,1.0586,1080,1139,1.0546,1216,1197,0.9844
3682,IMG_20260604_065542,0.9237,4021904,4236429,1.0533,2153,2271,1.0548,2640,2614,0.9902
3682,IMG_20260604_065543,0.9307,5541235,5865283,1.0585,2153,2277,1.0576,3507,3493,0.996
3682,IMG_20260604_065545,0.9278,517224,549251,1.0619,768,800,1.0417,1331,1325,0.9955
3682,IMG_20260604_065545_1,0.9287,521532,545510,1.046,792,819,1.0341,1331,1312,0.9857
3682,IMG_20260604_065545_2,0.9275,517290,538998,1.042,768,787,1.0247,1357,1318,0.9713
3682,IMG_20260604_065546,0.931,512550,534195,1.0422,744,775,1.0417,1325,1299,0.9804
3682,IMG_20260604_065546_1,0.9198,514224,544199,1.0583,744,781,1.0497,1357,1318,0.9713
3682,IMG_20260604_065547,0.9229,499740,528720,1.058,792,819,1.0341,1331,1305,0.9805
3682,IMG_20260604_065547_1,0.9279,511872,538762,1.0525,768,806,1.0495,1356,1312,0.9676
3682,IMG_20260604_065548,0.9245,502188,531300,1.058,792,800,1.0101,1306,1286,0.9847
3682,IMG_20260604_065548_1,0.9306,505272,529527,1.048,744,768,1.0323,1331,1312,0.9857
3682,IMG_20260604_065549,0.9304,505020,526913,1.0434,792,813,1.0265,1357,1324,0.9757
3682,IMG_20260604_065549_1,0.9253,498654,528857,1.0606,792,819,1.0341,1325,1312,0.9902
3682,IMG_20260604_065550,0.9288,502866,531483,1.0569,768,787,1.0247,1357,1325,0.9764
3682,IMG_20260604_065550_1,0.9346,502146,526412,1.0483,768,787,1.0247,1357,1324,0.9757
3682,IMG_20260604_065551,0.9362,514422,537928,1.0457,792,832,1.0505,1357,1325,0.9764
3682,IMG_20260604_065551_1,0.9276,503328,532809,1.0586,816,844,1.0343,1325,1305,0.9849
3682,IMG_20260604_065552,0.9267,501828,529509,1.0552,816,838,1.027,1357,1318,0.9713
3682,IMG_20260604_065552_1,0.9297,497376,527239,1.06,792,825,1.0417,1325,1319,0.9955
3682,IMG_20260604_065553,0.9245,507042,537141,1.0594,816,851,1.0429,1357,1318,0.9713
3682,IMG_20260604_065553_1,0.9226,509610,538595,1.0569,816,845,1.0355,1357,1318,0.9713
3682,IMG_20260604_065554,0.9326,520890,546685,1.0495,816,845,1.0355,1357,1319,0.972
3682,IMG_20260604_065555,0.9305,507132,534317,1.0536,768,793,1.0326,1370,1344,0.981
3682,IMG_20260604_065555_1,0.9317,503754,532574,1.0572,792,807,1.0189,1344,1337,0.9948
3682,IMG_20260604_065556,0.9275,505650,534718,1.0575,816,839,1.0282,1337,1325,0.991
3682,IMG_20260604_065556_1,0.9305,494622,523238,1.0579,792,807,1.0189,1337,1325,0.991
3682,IMG_20260604_065557,0.9288,492804,520644,1.0565,768,794,1.0339,1356,1331,0.9816
3682,IMG_20260604_065557_1,0.9297,504468,534172,1.0589,792,813,1.0265,1318,1312,0.9954
3682,IMG_20260604_065558,0.9305,510036,538911,1.0566,792,826,1.0429,1292,1286,0.9954
3682,IMG_20260604_065558_1,0.9272,485706,514257,1.0588,792,819,1.0341,1254,1229,0.9801
3682,IMG_20260604_065559,0.9315,466452,487501,1.0451,768,787,1.0247,1050,1011,0.9629
3682,IMG_20260604_065559_1,0.9345,441606,461954,1.0461,768,781,1.0169,998,967,0.9689
3683,IMG_20260604_064257,0.8963,835638,864300,1.0343,1320,1370,1.0379,1126,1101,0.9778
3683,IMG_20260604_064258,0.8998,819654,853664,1.0415,1320,1370,1.0379,1049,1024,0.9762
3683,IMG_20260604_064259,0.9159,980892,1023306,1.0432,1296,1357,1.0471,1178,1152,0.9779
3683,IMG_20260604_064300,0.9155,916512,972857,1.0615,1236,1318,1.0663,1255,1248,0.9944
3683,IMG_20260604_064301,0.9223,975930,1033618,1.0591,1296,1344,1.037,1408,1389,0.9865
3683_2,IMG_20260604_064328,0.9274,1064736,1118803,1.0508,1128,1184,1.0496,1664,1639,0.985
3683_2,IMG_20260604_064329,0.9132,1097250,1153708,1.0515,1128,1178,1.0443,1639,1600,0.9762
3683_2,IMG_20260604_064330,0.9097,1098636,1149261,1.0461,1128,1165,1.0328,1638,1606,0.9805
3683_2,IMG_20260604_064331,0.9077,1067682,1125192,1.0539,1104,1158,1.0489,1638,1594,0.9731
3683_2,IMG_20260604_064332,0.9229,1072218,1129585,1.0535,1128,1197,1.0612,1639,1613,0.9841
3683_2,IMG_20260604_064337,0.9267,3090751,3262511,1.0556,2153,2257,1.0483,1964,1957,0.9964
3683_2,IMG_20260604_064338,0.9102,3601210,3776507,1.0487,2153,2257,1.0483,2524,2492,0.9873
3683_2,IMG_20260604_064339,0.9345,2333260,2477256,1.0617,1985,2105,1.0605,1996,1989,0.9965
3683_2,IMG_20260604_064342,0.9189,1198962,1268063,1.0576,1200,1255,1.0458,1997,1965,0.984
3683_2,IMG_20260604_064343,0.9177,1066134,1132195,1.062,1200,1261,1.0508,1613,1600,0.9919
3683_2,IMG_20260604_064344,0.9242,1057164,1125590,1.0647,1224,1261,1.0302,1613,1594,0.9882
3683_2,IMG_20260604_064344_1,0.9223,1068300,1132900,1.0605,1200,1260,1.05,1613,1593,0.9876
3683_2,IMG_20260604_064345,0.9167,1057962,1118472,1.0572,1176,1248,1.0612,1613,1580,0.9795
3683_3,IMG_20260604_070436,0.9187,1454892,1548329,1.0642,1284,1363,1.0615,2381,2381,1.0
3683_3,IMG_20260604_070437,0.921,1462290,1555457,1.0637,1272,1318,1.0362,2432,2380,0.9786
3683_3,IMG_20260604_070437_1,0.919,1488210,1582177,1.0631,1296,1370,1.0571,2432,2400,0.9868
3683_3,IMG_20260604_070437_2,0.9179,1490286,1583006,1.0622,1296,1363,1.0517,2406,2394,0.995
3683_3,IMG_20260604_070438,0.9198,1452726,1546461,1.0645,1320,1363,1.0326,2330,2279,0.9781
3683_3,IMG_20260604_070438_1,0.9194,1433832,1525342,1.0638,1248,1319,1.0569,2278,2246,0.986
3683_3,IMG_20260604_070439,0.9177,1387194,1475906,1.064,1230,1293,1.0512,2202,2195,0.9968
3683_3,IMG_20260604_070439_1,0.9281,1366386,1448666,1.0602,1224,1280,1.0458,2067,2067,1.0
3683_3,IMG_20260604_070439_2,0.9244,1370844,1455757,1.0619,1224,1286,1.0507,2169,2151,0.9917
3683_3,IMG_20260604_070440,0.9306,1384020,1467691,1.0605,1224,1287,1.0515,2253,2208,0.98
3683_3,IMG_20260604_070440_1,0.9298,1390614,1477698,1.0626,1248,1293,1.0361,2228,2183,0.9798
3683_3,IMG_20260604_070441,0.931,1396188,1480176,1.0602,1224,1287,1.0515,2202,2176,0.9882
3683_3,IMG_20260604_070441_1,0.9301,1375056,1457802,1.0602,1200,1267,1.0558,2201,2170,0.9859
3683_3,IMG_20260604_070441_2,0.9335,1371798,1456770,1.0619,1200,1261,1.0508,2163,2151,0.9945
3683_3,IMG_20260604_070442,0.932,1395150,1480461,1.0611,1224,1267,1.0351,2221,2201,0.991
3683_3,IMG_20260604_070442_1,0.9326,1413186,1500680,1.0619,1224,1286,1.0507,2279,2265,0.9939
3683_3,IMG_20260604_070442_2,0.9303,1414758,1501596,1.0614,1224,1287,1.0515,2298,2285,0.9943
3683_3,IMG_20260604_070443,0.9279,1419630,1510725,1.0642,1218,1293,1.0616,2323,2311,0.9948
3683_3,IMG_20260604_070446,0.9351,6030400,6402889,1.0618,2153,2277,1.0576,3353,3328,0.9925
3685,IMG_20260604_063542,0.8923,646013,691774,1.0708,973,960,0.9866,1331,1325,0.9955
3685,IMG_20260604_063544,0.8733,602626,636631,1.0564,963,954,0.9907,1178,1197,1.0161
3685,IMG_20260604_063546,0.8693,635726,680089,1.0698,957,909,0.9498,1271,1312,1.0323
3685,IMG_20260604_063546_1,0.893,669771,696858,1.0404,922,909,0.9859,1389,1401,1.0086
3685,IMG_20260604_063547,0.8776,681490,707638,1.0384,938,890,0.9488,1440,1453,1.009
3685,IMG_20260604_063548,0.8653,701291,742282,1.0585,960,960,1.0,1532,1568,1.0235
3685,IMG_20260604_063548_1,0.8652,722969,752906,1.0414,982,954,0.9715,1603,1638,1.0218
3685,IMG_20260604_063549,0.8893,727979,763436,1.0487,995,973,0.9779,1597,1600,1.0019
3685,IMG_20260604_063550,0.8983,726667,735609,1.0123,989,972,0.9828,1597,1600,1.0019
3685,IMG_20260604_063551,0.8852,717536,744044,1.0369,982,980,0.998,1562,1587,1.016
3685,IMG_20260604_063552,0.8832,708951,746779,1.0534,973,973,1.0,1542,1568,1.0169
3685,IMG_20260604_063552_1,0.8891,710127,737542,1.0386,979,973,0.9939,1591,1594,1.0019
3685,IMG_20260604_063553,0.8823,724651,751998,1.0377,970,973,1.0031,1564,1593,1.0185
3685,IMG_20260604_063555,0.886,817959,839781,1.0267,1076,1062,0.987,1664,1677,1.0078
3685,IMG_20260604_063556,0.8864,830205,836857,1.008,1075,1044,0.9712,1677,1696,1.0113
6502,IMG_20260604_070217,0.8834,980268,1029095,1.0498,912,947,1.0384,1370,1344,0.981
6502,IMG_20260604_070221,0.8645,329544,343747,1.0431,960,992,1.0333,627,602,0.9601
6502,IMG_20260604_070222,0.8675,340854,359394,1.0544,960,998,1.0396,601,589,0.98
6502,IMG_20260604_070222_1,0.872,346698,365397,1.0539,984,1011,1.0274,678,659,0.972
6502,IMG_20260604_070223,0.8499,297288,315405,1.0609,912,953,1.045,601,589,0.98
6502,IMG_20260604_070223_1,0.8697,292716,308526,1.054,912,941,1.0318,620,621,1.0016
6502,IMG_20260604_070224,0.8659,293592,308071,1.0493,912,935,1.0252,627,602,0.9601
6502,IMG_20260604_070224_1,0.8585,291234,305830,1.0501,936,953,1.0182,601,582,0.9684
6502,IMG_20260604_070225,0.8699,283380,299366,1.0564,984,1030,1.0467,550,538,0.9782
6502,IMG_20260604_070225_1,0.9198,276348,287409,1.04,624,659,1.0561,742,723,0.9744
6502,IMG_20260604_070228,0.9342,3434508,3660971,1.0659,1650,1735,1.0515,2460,2454,0.9976
6502,IMG_20260604_070228_1,0.939,3740953,3971468,1.0616,1674,1753,1.0472,2741,2716,0.9909
6502,IMG_20260604_070229,0.939,3618535,3844242,1.0624,1603,1697,1.0586,2690,2678,0.9955
6502,IMG_20260604_070231,0.9105,280464,291257,1.0385,648,659,1.017,819,780,0.9524
6502,IMG_20260604_070232,0.9208,285768,299822,1.0492,624,653,1.0465,819,787,0.9609
6502,IMG_20260604_070232_1,0.9095,294504,303080,1.0291,624,646,1.0353,845,820,0.9704
6502,IMG_20260604_070233,0.9239,290160,303991,1.0477,648,653,1.0077,845,813,0.9621
6502,IMG_20260604_070233_1,0.9165,296220,306125,1.0334,648,659,1.017,845,813,0.9621
6502,IMG_20260604_070234,0.9235,294924,308472,1.0459,648,666,1.0278,845,819,0.9692
6502,IMG_20260604_070234_1,0.9167,285822,298262,1.0435,648,653,1.0077,845,812,0.9609
6502,IMG_20260604_070235,0.9171,283380,295617,1.0432,624,646,1.0353,820,800,0.9756
6502,IMG_20260604_070235_1,0.9159,296130,300012,1.0131,624,633,1.0144,845,826,0.9775
6502,IMG_20260604_070236,0.9112,280812,291349,1.0375,618,660,1.068,870,857,0.9851
6502,IMG_20260604_070236_1,0.9143,278328,288833,1.0377,624,653,1.0465,845,813,0.9621
6502,IMG_20260604_070236_2,0.9123,269442,279290,1.0365,618,647,1.0469,794,774,0.9748
6502,IMG_20260604_070237,0.9372,261924,271168,1.0353,648,666,1.0278,794,762,0.9597
6590,IMG_20260604_064617,0.9222,642126,681682,1.0616,960,985,1.026,1434,1395,0.9728
6590,IMG_20260604_064621,0.9393,768378,801157,1.0427,984,1018,1.0346,1638,1600,0.9768
6590,IMG_20260604_064621_1,0.9339,782850,818638,1.0457,984,1030,1.0467,1639,1606,0.9799
6590,IMG_20260604_064622,0.9276,761694,808720,1.0617,984,1031,1.0478,1581,1581,1.0
6590,IMG_20260604_064623,0.9282,755604,797175,1.055,984,1024,1.0407,1568,1568,1.0
6590,IMG_20260604_064623_1,0.9258,703674,740651,1.0525,984,1037,1.0539,1382,1357,0.9819
6590,IMG_20260604_064624,0.9209,795120,835088,1.0503,984,1024,1.0407,1715,1703,0.993
6590,IMG_20260604_064625,0.9232,784410,825441,1.0523,960,1018,1.0604,1613,1594,0.9882
6590,IMG_20260604_064625_1,0.9285,780054,816077,1.0462,984,1024,1.0407,1587,1556,0.9805
6590,IMG_20260604_064626,0.9273,782202,817463,1.0451,984,1031,1.0478,1562,1549,0.9917
6590,IMG_20260604_064627,0.9312,782388,822319,1.051,984,1024,1.0407,1588,1561,0.983
6590,IMG_20260604_064627_1,0.9254,764958,805914,1.0535,984,1024,1.0407,1536,1516,0.987
6590,IMG_20260604_064628,0.9289,761862,801516,1.052,984,1018,1.0346,1562,1517,0.9712
6590,IMG_20260604_064629,0.935,777648,811471,1.0435,960,1011,1.0531,1562,1530,0.9795
6590,IMG_20260604_064630,0.9325,756792,786740,1.0396,984,1024,1.0407,1510,1485,0.9834
6590,IMG_20260604_064633,0.9332,4459928,4702978,1.0545,2177,2284,1.0492,2895,2869,0.991
6590,IMG_20260604_064633_1,0.9348,4453938,4692993,1.0537,2177,2290,1.0519,2920,2907,0.9955
6590,IMG_20260604_064637,0.923,832392,875214,1.0514,1272,1331,1.0464,985,979,0.9939
6590,IMG_20260604_064638,0.9319,755010,789050,1.0451,984,1018,1.0346,1536,1498,0.9753
6590,IMG_20260604_064639,0.9229,752190,800863,1.0647,984,1030,1.0467,1536,1511,0.9837
6590,IMG_20260604_064639_1,0.9199,735138,780226,1.0613,1032,1062,1.0291,1613,1580,0.9795
6590_2,IMG_20260604_065443,0.9288,337494,356117,1.0552,696,716,1.0287,998,966,0.9679
6590_2,IMG_20260604_065443_1,0.9243,340176,358590,1.0541,696,704,1.0115,1024,992,0.9688
6590_2,IMG_20260604_065444,0.9245,355014,371485,1.0464,672,691,1.0283,1101,1063,0.9655
6590_2,IMG_20260604_065444_1,0.9322,346146,364244,1.0523,648,659,1.017,1069,1062,0.9935
6590_3,IMG_20260604_065500,0.9478,364356,376426,1.0331,648,660,1.0185,1075,1063,0.9888
6590_3,IMG_20260604_065501,0.9389,362502,376128,1.0376,648,684,1.0556,1101,1088,0.9882
6590_3,IMG_20260604_065501_1,0.9376,325068,334734,1.0297,648,665,1.0262,921,883,0.9587
6590_3,IMG_20260604_065502,0.936,322218,330699,1.0263,648,666,1.0278,922,890,0.9653
6590_3,IMG_20260604_065502_1,0.9343,336174,340336,1.0124,624,640,1.0256,947,934,0.9863
6590_3,IMG_20260604_065503,0.9371,326412,339781,1.041,648,666,1.0278,947,909,0.9599
6590_3,IMG_20260604_065504,0.9426,324438,332712,1.0255,624,634,1.016,966,947,0.9803
6590_3,IMG_20260604_065504_1,0.9378,351162,359232,1.023,648,672,1.037,998,960,0.9619
6590_3,IMG_20260604_065504_2,0.9243,339132,353517,1.0424,672,679,1.0104,998,954,0.9559
6590_3,IMG_20260604_065505,0.933,344058,356423,1.0359,648,672,1.037,999,973,0.974
6590_3,IMG_20260604_065505_1,0.9324,335922,343992,1.024,648,646,0.9969,1024,992,0.9688
6590_3,IMG_20260604_065506,0.9268,326496,341043,1.0446,648,646,0.9969,1075,1050,0.9767
6590_3,IMG_20260604_065509,0.932,2476939,2636495,1.0644,1561,1658,1.0621,2460,2435,0.9898
6679,IMG_20260604_063741,0.8936,492739,537510,1.0909,749,851,1.1362,1312,1344,1.0244
6679,IMG_20260604_063742,0.8811,482416,536939,1.113,816,839,1.0282,1324,1401,1.0582
6679,IMG_20260604_063743,0.919,484647,512615,1.0577,797,819,1.0276,1252,1280,1.0224
6679,IMG_20260604_063744,0.8742,493731,536922,1.0875,768,838,1.0911,1257,1331,1.0589
6679,IMG_20260604_063745,0.8656,499233,561008,1.1237,807,851,1.0545,1318,1357,1.0296
6679,IMG_20260604_063745_1,0.8913,497216,538082,1.0822,752,845,1.1237,1302,1376,1.0568
6679,IMG_20260604_063746,0.8942,495049,538504,1.0878,777,845,1.0875,1331,1383,1.0391
6679,IMG_20260604_063747,0.8777,501967,550731,1.0971,784,877,1.1186,1321,1440,1.0901
6679,IMG_20260604_063747_1,0.9026,500972,527982,1.0539,775,838,1.0813,1312,1338,1.0198
6679,IMG_20260604_063748,0.9197,495259,521136,1.0522,762,819,1.0748,1306,1338,1.0245
6679,IMG_20260604_063749,0.8501,495309,571410,1.1536,784,845,1.0778,1264,1319,1.0435
6679,IMG_20260604_063749_1,0.8995,494558,534904,1.0816,809,826,1.021,1274,1324,1.0392
6679,IMG_20260604_063750,0.8916,495190,548883,1.1084,793,838,1.0567,1258,1299,1.0326
6679,IMG_20260604_063802,0.8785,463234,498574,1.0763,771,812,1.0532,1309,1344,1.0267
6679,IMG_20260604_063802_1,0.8927,455751,486674,1.0679,739,806,1.0907,1267,1306,1.0308
6681,IMG_20260604_063914,0.879,259553,276948,1.067,573,563,0.9825,890,916,1.0292
6681,IMG_20260604_063917,0.9059,264784,269156,1.0165,579,557,0.962,842,851,1.0107
6681,IMG_20260604_063919,0.904,292300,293211,1.0031,617,627,1.0162,871,864,0.992
6681,IMG_20260604_063919_1,0.9181,296471,306441,1.0336,614,627,1.0212,925,921,0.9957
6681,IMG_20260604_063920,0.8871,272049,288317,1.0598,605,627,1.0364,832,877,1.0541
6681,IMG_20260604_063927,0.9054,270904,277424,1.0241,618,614,0.9935,845,820,0.9704
6681,IMG_20260604_063927_1,0.9126,277746,287127,1.0338,633,621,0.981,857,877,1.0233
6681,IMG_20260604_063928,0.8806,299720,317726,1.0601,656,665,1.0137,998,1062,1.0641
6681,IMG_20260604_063929,0.901,311163,319564,1.027,691,679,0.9826,1001,1018,1.017
6681,IMG_20260604_063930,0.8833,315612,326671,1.035,672,685,1.0193,1075,1043,0.9702
6681,IMG_20260604_063931,0.8818,303318,313899,1.0349,672,678,1.0089,1050,1011,0.9629
6681,IMG_20260604_063931_1,0.8591,301165,333383,1.107,668,679,1.0165,957,1126,1.1766
6681,IMG_20260604_063932,0.9105,295572,309895,1.0485,624,660,1.0577,998,967,0.9689
6681,IMG_20260604_063933,0.9115,298896,309662,1.036,672,672,1.0,947,941,0.9937
6681,IMG_20260604_063934,0.9237,280116,293055,1.0462,648,672,1.037,948,902,0.9515
6681,IMG_20260604_063934_1,0.9129,287154,296481,1.0325,624,659,1.0561,871,857,0.9839
6681,IMG_20260604_063935,0.9235,300564,313712,1.0437,648,659,1.017,998,966,0.9679
6681,IMG_20260604_063936,0.9235,302820,314332,1.038,648,665,1.0262,1024,979,0.9561
6681,IMG_20260604_063936_1,0.9232,304818,317868,1.0428,648,659,1.017,999,992,0.993
6681,IMG_20260604_063942,0.9272,3011789,3175856,1.0545,2177,2296,1.0547,1977,1957,0.9899
6681,IMG_20260604_063943,0.9331,2849603,3025338,1.0617,1579,1677,1.0621,2448,2429,0.9922
6684,IMG_20260604_065957,0.9184,792762,839687,1.0592,1080,1133,1.0491,1472,1459,0.9912
6684,IMG_20260604_070000,0.907,451020,470423,1.043,1128,1171,1.0381,652,640,0.9816
6684,IMG_20260604_070001,0.9095,422040,425459,1.0081,768,787,1.0247,1178,1139,0.9669
6684,IMG_20260604_070002,0.9114,533892,566335,1.0608,936,960,1.0256,1107,1107,1.0
6684,IMG_20260604_070003,0.911,544044,578679,1.0637,912,972,1.0658,1139,1120,0.9833
6684,IMG_20260604_070003_1,0.9235,516462,549471,1.0639,834,883,1.0588,1113,1107,0.9946
6684,IMG_20260604_070004,0.9136,557964,595059,1.0665,888,940,1.0586,1190,1190,1.0
6684,IMG_20260604_070005,0.9162,568536,602993,1.0606,936,979,1.0459,1216,1203,0.9893
6684,IMG_20260604_070005_1,0.928,558108,590581,1.0582,846,928,1.0969,1216,1197,0.9844
6684,IMG_20260604_070008,0.9099,486630,517739,1.0639,912,935,1.0252,1062,1050,0.9887
6684,IMG_20260604_070009,0.9107,517968,550571,1.0629,900,941,1.0456,1036,1030,0.9942
6684,IMG_20260604_070013,0.9396,487590,514739,1.0557,840,877,1.044,1081,1069,0.9889
6684,IMG_20260604_070018,0.9195,514710,545222,1.0593,816,839,1.0282,1229,1216,0.9894
6684,IMG_20260604_070019,0.9179,544170,574703,1.0561,840,864,1.0286,1216,1203,0.9893
6684,IMG_20260604_070019_1,0.916,516822,550656,1.0655,816,851,1.0429,1229,1216,0.9894
6684,IMG_20260604_070020,0.9243,537948,568796,1.0573,816,857,1.0502,1196,1222,1.0217
6684,IMG_20260604_070020_1,0.9371,539502,571478,1.0593,912,934,1.0241,1145,1146,1.0009
6684,IMG_20260604_070021,0.9342,526836,555840,1.0551,840,877,1.044,1120,1120,1.0
6684,IMG_20260604_070022,0.9123,519588,551522,1.0615,816,845,1.0355,1203,1184,0.9842
6684,IMG_20260604_070022_1,0.9065,465192,490418,1.0542,810,864,1.0667,998,954,0.9559
6684,IMG_20260604_070023,0.905,509118,529218,1.0395,840,870,1.0357,1075,1043,0.9702
6684,IMG_20260604_070023_1,0.8975,546756,558749,1.0219,840,877,1.044,1126,1101,0.9778
6690,IMG_20260604_070356,0.918,610404,648945,1.0631,1128,1171,1.0381,1216,1203,0.9893
6690,IMG_20260604_070356_1,0.9321,692412,735878,1.0628,1176,1229,1.0451,1267,1261,0.9953
6690,IMG_20260604_070357,0.9367,677100,719862,1.0632,1248,1299,1.0409,1203,1203,1.0
6690,IMG_20260604_070357_1,0.9372,668100,711396,1.0648,1254,1331,1.0614,1216,1190,0.9786
6690,IMG_20260604_070358,0.9108,735096,782161,1.064,1200,1273,1.0608,1241,1222,0.9847
6690,IMG_20260604_070358_1,0.9246,815400,869180,1.066,1140,1216,1.0667,1344,1338,0.9955
6690,IMG_20260604_070359,0.9299,880764,934191,1.0607,1134,1191,1.0503,1420,1408,0.9915
6690,IMG_20260604_070359_1,0.9174,908574,965585,1.0627,1080,1126,1.0426,1446,1440,0.9959
6690,IMG_20260604_070400,0.8993,938652,992895,1.0578,1080,1139,1.0546,1420,1414,0.9958
6690,IMG_20260604_070401,0.8993,951240,1002534,1.0539,1080,1120,1.037,1395,1389,0.9957
6690,IMG_20260604_070401_1,0.9052,973674,1027470,1.0553,1104,1146,1.038,1420,1414,0.9958
6690,IMG_20260604_070401_2,0.9092,997068,1056648,1.0598,1104,1165,1.0553,1548,1542,0.9961
6690,IMG_20260604_070402,0.9289,1004466,1066781,1.062,1152,1197,1.0391,1574,1555,0.9879
6690,IMG_20260604_070404,0.9184,587958,624895,1.0628,1134,1191,1.0503,1062,1056,0.9944
6690,IMG_20260604_070404_1,0.9191,661932,704545,1.0644,1116,1178,1.0556,1113,1114,1.0009
6690,IMG_20260604_070405,0.9349,789288,836014,1.0592,1176,1236,1.051,1216,1203,0.9893
6690,IMG_20260604_070405_1,0.9296,892416,946729,1.0609,1134,1191,1.0503,1369,1350,0.9861
6690,IMG_20260604_070406,0.9348,916506,972279,1.0609,1200,1254,1.045,1369,1363,0.9956
6690,IMG_20260604_070406_1,0.9353,923190,981098,1.0627,1248,1306,1.0465,1369,1370,1.0007
6690,IMG_20260604_070406_2,0.9365,919764,975307,1.0604,1224,1274,1.0408,1446,1421,0.9827
6690,IMG_20260604_070411,0.9295,621372,654278,1.053,1296,1363,1.0517,729,704,0.9657
6690,IMG_20260604_070412,0.8785,741960,788881,1.0632,1008,1069,1.0605,1216,1210,0.9951
6690,IMG_20260604_070413,0.8887,739374,781801,1.0574,1056,1101,1.0426,1292,1267,0.9807
6690,IMG_20260604_070415,0.9386,581352,606656,1.0435,912,935,1.0252,1254,1222,0.9745
6690,IMG_20260604_070416,0.9307,635244,675434,1.0633,1200,1261,1.0508,1164,1152,0.9897
6690,IMG_20260604_070417,0.9319,640794,681477,1.0635,1224,1286,1.0507,1164,1152,0.9897
6690,IMG_20260604_070417_1,0.9312,575538,610811,1.0613,1200,1254,1.045,1113,1107,0.9946
6690,IMG_20260604_070418,0.9316,665082,707815,1.0643,1224,1280,1.0458,1190,1171,0.984
6690,IMG_20260604_070418_1,0.9332,693876,739613,1.0659,1200,1273,1.0608,1209,1210,1.0008
6690,IMG_20260604_070419,0.9356,715776,757907,1.0589,1248,1293,1.0361,1216,1210,0.9951
6690,IMG_20260604_070419_1,0.937,754344,799234,1.0595,1218,1280,1.0509,1267,1261,0.9953
6690,IMG_20260604_070420,0.9352,762486,808693,1.0606,1218,1286,1.0558,1267,1254,0.9897
6690,IMG_20260604_070420_1,0.9403,782730,829976,1.0604,1200,1255,1.0458,1260,1261,1.0008
6690,IMG_20260604_070420_2,0.9394,812580,861242,1.0599,1224,1280,1.0458,1312,1312,1.0
6690,IMG_20260604_070421,0.9378,827802,876896,1.0593,1200,1255,1.0458,1369,1344,0.9817
6690,IMG_20260604_070422,0.9369,851550,901221,1.0583,1224,1274,1.0408,1369,1350,0.9861
6690,IMG_20260604_070422_1,0.9383,846882,897807,1.0601,1200,1255,1.0458,1356,1357,1.0007
6690,IMG_20260604_070423,0.9371,852402,904289,1.0609,1248,1287,1.0312,1363,1363,1.0
6690,IMG_20260604_070423_1,0.9374,848358,899213,1.0599,1248,1287,1.0312,1363,1363,1.0
6690,IMG_20260604_070424,0.9386,852132,903711,1.0605,1272,1319,1.0369,1363,1363,1.0
6690,IMG_20260604_070424_1,0.9377,854754,905234,1.0591,1272,1319,1.0369,1395,1376,0.9864
6690,IMG_20260604_070424_2,0.9356,851868,907952,1.0658,1224,1299,1.0613,1388,1389,1.0007
6690,IMG_20260604_070425,0.9386,859476,911419,1.0604,1296,1338,1.0324,1420,1408,0.9915
6690,IMG_20260604_070425_1,0.9383,826218,876061,1.0603,1320,1370,1.0379,1369,1350,0.9861
6690,IMG_20260604_070426,0.936,836832,892127,1.0661,1296,1357,1.0471,1420,1395,0.9824
6690,IMG_20260604_070426_1,0.9354,844320,900021,1.066,1260,1344,1.0667,1395,1370,0.9821
6690,IMG_20260604_070426_2,0.94,835458,887288,1.062,1290,1357,1.0519,1350,1350,1.0
6690,IMG_20260604_070427,0.936,833316,889374,1.0673,1260,1344,1.0667,1369,1370,1.0007
6693,IMG_20260604_070313,0.9308,733380,775399,1.0573,1128,1191,1.0559,1408,1376,0.9773
6693,IMG_20260604_070317,0.9203,803004,849110,1.0574,1104,1132,1.0254,1587,1562,0.9842
6693,IMG_20260604_070318,0.9389,793770,835651,1.0528,1080,1140,1.0556,1484,1472,0.9919
6693,IMG_20260604_070318_1,0.9379,668994,706338,1.0558,1104,1140,1.0326,1229,1223,0.9951
6693,IMG_20260604_070319,0.9304,681576,718659,1.0544,1080,1133,1.0491,1229,1210,0.9845
6693,IMG_20260604_070321,0.9347,692100,731979,1.0576,1080,1139,1.0546,1287,1267,0.9845
6693,IMG_20260604_070322,0.9343,819144,867194,1.0587,1104,1171,1.0607,1587,1568,0.988
6693,IMG_20260604_070323,0.9249,889512,934642,1.0507,1248,1293,1.0361,1689,1638,0.9698
6693,IMG_20260604_070323_1,0.9384,840060,886833,1.0557,1104,1165,1.0553,1639,1606,0.9799
6693,IMG_20260604_070324,0.9291,841350,892129,1.0604,1128,1159,1.0275,1587,1574,0.9918
6693,IMG_20260604_070324_1,0.933,831684,883576,1.0624,1104,1152,1.0435,1619,1600,0.9883
6693,IMG_20260604_070324_2,0.9449,843534,881799,1.0454,1104,1152,1.0435,1607,1593,0.9913
6693,IMG_20260604_070325,0.9318,835530,886363,1.0608,1056,1113,1.054,1588,1542,0.971
6693,IMG_20260604_070325_1,0.9294,809682,858757,1.0606,1110,1178,1.0613,1434,1415,0.9868
6693,IMG_20260604_070325_2,0.9313,784326,832994,1.0621,1128,1178,1.0443,1357,1344,0.9904
6693,IMG_20260604_070326,0.9368,711084,749723,1.0543,1104,1159,1.0498,1204,1164,0.9668
6693,IMG_20260604_070327,0.9271,754560,786892,1.0428,1104,1158,1.0489,1280,1248,0.975
6693,IMG_20260604_070327_1,0.933,787218,835538,1.0614,1128,1190,1.055,1350,1332,0.9867
6693,IMG_20260604_070328,0.9228,774534,812635,1.0492,1104,1152,1.0435,1357,1318,0.9713
6693,IMG_20260604_070328_1,0.9375,783762,830593,1.0598,1056,1113,1.054,1395,1370,0.9821
6693,IMG_20260604_070329,0.9361,790602,836084,1.0575,1104,1158,1.0489,1408,1370,0.973
6693,IMG_20260604_070329_1,0.9306,720432,767546,1.0654,1104,1171,1.0607,1203,1191,0.99
6693,IMG_20260604_070329_2,0.9217,745326,786429,1.0551,1128,1165,1.0328,1280,1261,0.9852
6693,IMG_20260604_070330,0.9325,780774,824978,1.0566,1128,1184,1.0496,1325,1312,0.9902
6693,IMG_20260604_070330_1,0.9297,795042,840982,1.0578,1128,1171,1.0381,1357,1338,0.986
6693,IMG_20260604_070331,0.9271,780750,828011,1.0605,1104,1165,1.0553,1331,1312,0.9857
6693,IMG_20260604_070331_1,0.9347,785610,831729,1.0587,1032,1094,1.0601,1382,1331,0.9631
6693,IMG_20260604_070332,0.9293,849780,901309,1.0606,1104,1159,1.0498,1536,1504,0.9792
6693,IMG_20260604_070332_1,0.9354,839310,886376,1.0561,1080,1126,1.0426,1613,1587,0.9839
6693,IMG_20260604_070332_2,0.934,838218,890181,1.062,1104,1158,1.0489,1689,1664,0.9852
6693,IMG_20260604_070333,0.9322,842868,894290,1.061,1104,1171,1.0607,1715,1696,0.9889
6693,IMG_20260604_070333_1,0.933,847248,897524,1.0593,1128,1165,1.0328,1740,1709,0.9822
6693,IMG_20260604_070334,0.933,814122,865661,1.0633,1104,1158,1.0489,1613,1587,0.9839
6693,IMG_20260604_070334_1,0.9311,714690,757617,1.0601,1056,1101,1.0426,1177,1165,0.9898
6693,IMG_20260604_070334_2,0.9291,738324,784593,1.0627,1104,1177,1.0661,1357,1344,0.9904
6693,IMG_20260604_070335,0.937,829848,877483,1.0574,1104,1164,1.0543,1664,1639,0.985
6693,IMG_20260604_070335_1,0.9349,843834,892925,1.0582,1128,1178,1.0443,1716,1690,0.9848
6693,IMG_20260604_070336,0.9303,859386,914731,1.0644,1086,1158,1.0663,1818,1798,0.989
6693,IMG_20260604_070336_1,0.9296,877326,933097,1.0636,1080,1146,1.0611,1741,1728,0.9925
6693,IMG_20260604_070336_2,0.9288,883986,943191,1.067,1074,1145,1.0661,1741,1722,0.9891
6693,IMG_20260604_070337,0.9284,890016,949116,1.0664,1074,1145,1.0661,1709,1715,1.0035
6693,IMG_20260604_070337_1,0.9264,918912,975160,1.0612,1098,1158,1.0546,1869,1843,0.9861
6693,IMG_20260604_070338,0.9257,907104,962634,1.0612,1176,1216,1.034,1894,1856,0.9799
6693,IMG_20260604_070338_1,0.9291,866958,922532,1.0641,1080,1152,1.0667,1715,1696,0.9889
6693,IMG_20260604_070338_2,0.9141,941856,996058,1.0575,1200,1267,1.0558,1920,1895,0.987
6693,IMG_20260604_070339,0.9424,902664,945992,1.048,1104,1152,1.0435,1715,1689,0.9848
6693,IMG_20260604_070339_2,0.9421,934476,977964,1.0465,1080,1126,1.0426,1792,1772,0.9888
6693,IMG_20260604_070340,0.9336,926088,980431,1.0587,1128,1171,1.0381,1843,1818,0.9864
6693,IMG_20260604_070340_1,0.9351,893724,945510,1.0579,1128,1171,1.0381,1818,1779,0.9785
6693,IMG_20260604_070341,0.9346,893628,947878,1.0607,1128,1165,1.0328,1767,1760,0.996
6693,IMG_20260604_070341_1,0.9211,973530,1034999,1.0631,1110,1165,1.0495,2380,2343,0.9845
6697,IMG_20260604_065045,0.9243,696630,732956,1.0521,1056,1107,1.0483,1114,1095,0.9829
6697,IMG_20260604_065048,0.9293,540642,568256,1.0511,816,852,1.0441,1280,1255,0.9805
6697,IMG_20260604_065049,0.9383,520320,546137,1.0496,816,851,1.0429,1255,1241,0.9888
6697,IMG_20260604_065049_1,0.9349,547188,576498,1.0536,840,851,1.0131,1293,1273,0.9845
6697,IMG_20260604_065050,0.93,524598,556177,1.0602,888,909,1.0236,1306,1267,0.9701
6697,IMG_20260604_065051,0.9231,500226,530730,1.061,882,941,1.0669,1228,1203,0.9796
6697,IMG_20260604_065055,0.9182,500238,527437,1.0544,816,851,1.0429,1255,1228,0.9785
6697,IMG_20260604_065056,0.9227,495342,523849,1.0576,768,806,1.0495,1280,1242,0.9703
6697,IMG_20260604_065056_1,0.9333,541740,566458,1.0456,768,806,1.0495,1280,1268,0.9906
6699,IMG_20260604_064713,0.9321,815736,864550,1.0598,1104,1133,1.0263,1581,1594,1.0082
6699,IMG_20260604_064714,0.9305,828864,876772,1.0578,1104,1146,1.038,1612,1588,0.9851
6699,IMG_20260604_064714_1,0.9299,800226,843235,1.0537,1080,1120,1.037,1664,1638,0.9844
6699,IMG_20260604_064715,0.9268,744600,789056,1.0597,1128,1171,1.0381,1408,1376,0.9773
6699,IMG_20260604_064716,0.9303,735456,775466,1.0544,1128,1178,1.0443,1357,1331,0.9808
6699,IMG_20260604_064716_1,0.9301,724752,766934,1.0582,1080,1139,1.0546,1383,1369,0.9899
6699,IMG_20260604_064716_2,0.9245,772362,818523,1.0598,1104,1146,1.038,1459,1459,1.0
6699,IMG_20260604_064717,0.928,795384,838569,1.0543,1080,1133,1.0491,1638,1594,0.9731
6699,IMG_20260604_064717_1,0.9287,788094,833361,1.0574,1080,1113,1.0306,1664,1632,0.9808
6699,IMG_20260604_064718,0.909,796794,837898,1.0516,1080,1133,1.0491,1690,1664,0.9846
6699,IMG_20260604_064718_1,0.9242,782298,827003,1.0571,1104,1146,1.038,1613,1574,0.9758
6699,IMG_20260604_064719,0.9307,802014,847392,1.0566,1032,1094,1.0601,1523,1511,0.9921
6699,IMG_20260604_064720,0.9326,836652,881982,1.0542,1080,1127,1.0435,1638,1599,0.9762
6699,IMG_20260604_064720_1,0.9295,794670,838333,1.0549,1104,1145,1.0371,1613,1593,0.9876
6699,IMG_20260604_064720_2,0.9311,785514,826829,1.0526,1104,1146,1.038,1588,1575,0.9918
6699,IMG_20260604_064721,0.9302,794118,837616,1.0548,1104,1145,1.0371,1638,1607,0.9811
6699,IMG_20260604_064721_1,0.9335,791682,836611,1.0568,1104,1133,1.0263,1568,1568,1.0
6699,IMG_20260604_064722,0.9295,768216,816886,1.0634,1080,1140,1.0556,1600,1575,0.9844
6699,IMG_20260604_064722_1,0.9339,812376,856554,1.0544,1104,1139,1.0317,1639,1594,0.9725
6699,IMG_20260604_064722_2,0.934,797454,842732,1.0568,1104,1152,1.0435,1620,1619,0.9994
6699,IMG_20260604_064723,0.9352,805812,847647,1.0519,1104,1139,1.0317,1689,1644,0.9734
6699,IMG_20260604_064723_1,0.9357,808734,850742,1.0519,1080,1107,1.025,1639,1607,0.9805
6699,IMG_20260604_064723_2,0.9365,776880,816926,1.0515,1104,1145,1.0371,1613,1575,0.9764
6699,IMG_20260604_064724,0.9339,798882,839464,1.0508,1104,1133,1.0263,1613,1587,0.9839
6699,IMG_20260604_064724_1,0.9361,794364,837270,1.054,1104,1145,1.0371,1600,1594,0.9962
6699,IMG_20260604_064729,0.927,4002080,4240420,1.0596,2081,2194,1.0543,2990,2984,0.998
6699,IMG_20260604_064736,0.9301,769422,814948,1.0592,1128,1171,1.0381,1587,1575,0.9924
6699,IMG_20260604_064737,0.9349,846288,893185,1.0554,1128,1178,1.0443,1613,1593,0.9876
6699,IMG_20260604_064737_1,0.9357,831918,874029,1.0506,1128,1171,1.0381,1588,1549,0.9754
6699,IMG_20260604_064738,0.9363,825480,866505,1.0497,1128,1171,1.0381,1588,1548,0.9748
6699,IMG_20260604_064745,0.9323,1083306,1150277,1.0618,1158,1209,1.044,1843,1837,0.9967
6699,IMG_20260604_064753,0.9352,2441492,2573857,1.0542,1985,2086,1.0509,2162,2161,0.9995
6699,IMG_20260604_064754,0.9215,4407063,4666533,1.0589,2081,2200,1.0572,2914,2913,0.9997
6699,IMG_20260604_064755,0.9214,5214716,5466716,1.0483,2153,2264,1.0516,3347,3327,0.994
6700,IMG_20260604_070504,0.865,607836,642938,1.0577,984,1024,1.0407,1036,1030,0.9942
6700,IMG_20260604_070505,0.7963,584712,618177,1.0572,984,1018,1.0346,1446,1427,0.9869
6700,IMG_20260604_070505_1,0.9204,321762,335564,1.0429,696,717,1.0302,922,883,0.9577
6700,IMG_20260604_070506,0.9142,318486,332869,1.0452,696,717,1.0302,947,909,0.9599
6700,IMG_20260604_070506_1,0.9299,331578,344418,1.0387,696,723,1.0388,947,915,0.9662
6700,IMG_20260604_070506_2,0.9258,308136,324033,1.0516,720,730,1.0139,896,883,0.9855
6700,IMG_20260604_070507,0.9145,262026,275321,1.0507,672,716,1.0655,716,691,0.9651
6700,IMG_20260604_070507_1,0.9347,261930,273413,1.0438,696,723,1.0388,691,652,0.9436
6700,IMG_20260604_070507_2,0.9327,279918,292358,1.0444,696,730,1.0489,768,736,0.9583
6700,IMG_20260604_070508,0.9313,320214,332366,1.0379,696,730,1.0489,896,877,0.9788
6700,IMG_20260604_070508_1,0.9226,333030,341302,1.0248,696,730,1.0489,947,928,0.9799
6700,IMG_20260604_070508_2,0.9392,346224,362921,1.0482,696,724,1.0402,999,972,0.973
6700,IMG_20260604_070509,0.9391,341856,356482,1.0428,696,711,1.0216,998,960,0.9619
6700,IMG_20260604_070509_1,0.9305,339966,349546,1.0282,696,717,1.0302,921,903,0.9805
6700,IMG_20260604_070510,0.9305,336576,346941,1.0308,672,704,1.0476,922,890,0.9653
6700,IMG_20260604_070510_1,0.9312,324072,336854,1.0394,672,710,1.0565,922,896,0.9718
6700,IMG_20260604_070511,0.9263,331158,349049,1.054,696,716,1.0287,947,915,0.9662
6700,IMG_20260604_070511_1,0.9222,323028,339359,1.0506,696,710,1.0201,922,889,0.9642
6700,IMG_20260604_070511_2,0.8918,436110,463826,1.0636,1152,1197,1.0391,832,832,1.0
6700,IMG_20260604_070512,0.9003,492960,520053,1.055,1200,1241,1.0342,908,902,0.9934
6700,IMG_20260604_070512_1,0.9115,531684,563673,1.0602,1224,1260,1.0294,985,960,0.9746
6700,IMG_20260604_070512_2,0.9094,558252,592649,1.0616,1200,1255,1.0458,953,954,1.001
6700,IMG_20260604_070513,0.9065,572226,603557,1.0548,1200,1248,1.04,985,973,0.9878
6700,IMG_20260604_070513_1,0.9063,592284,626060,1.057,1200,1274,1.0617,1036,1024,0.9884
6700,IMG_20260604_070514,0.8967,720678,760639,1.0554,1272,1331,1.0464,1267,1242,0.9803
6700,IMG_20260604_070514_1,0.9206,762684,804909,1.0554,1272,1344,1.0566,1241,1235,0.9952
6700,IMG_20260604_070514_2,0.918,732594,776767,1.0603,1272,1331,1.0464,1267,1248,0.985
6700,IMG_20260604_070515,0.9244,670098,708144,1.0568,1296,1363,1.0517,960,934,0.9729
6700,IMG_20260604_070515_1,0.9241,684162,724947,1.0596,1272,1331,1.0464,1062,1050,0.9887
6700,IMG_20260604_070517,0.9233,920640,976075,1.0602,1152,1216,1.0556,1523,1517,0.9961
6700,IMG_20260604_070518,0.9259,915924,969138,1.0581,1176,1235,1.0502,1446,1434,0.9917
6700,IMG_20260604_070518_1,0.9227,890772,943478,1.0592,1176,1242,1.0561,1420,1395,0.9824
6700,IMG_20260604_070518_2,0.9252,917064,973749,1.0618,1200,1254,1.045,1472,1446,0.9823
6700,IMG_20260604_070519,0.9257,922326,982060,1.0648,1176,1248,1.0612,1446,1440,0.9959
6700,IMG_20260604_070519_1,0.9277,903744,961504,1.0639,1152,1223,1.0616,1420,1395,0.9824
6700,IMG_20260604_070520,0.9263,901356,957438,1.0622,1176,1229,1.0451,1395,1376,0.9864
6700,IMG_20260604_070520_1,0.9217,902472,961825,1.0658,1158,1235,1.0665,1369,1357,0.9912
6700,IMG_20260604_070520_2,0.9294,925194,977717,1.0568,1224,1268,1.0359,1344,1325,0.9859
6700,IMG_20260604_070521,0.9329,895980,951809,1.0623,1212,1274,1.0512,1344,1325,0.9859
6700,IMG_20260604_070521_1,0.9248,907866,965630,1.0636,1200,1261,1.0508,1344,1338,0.9955
6700,IMG_20260604_070522,0.9262,922914,976165,1.0577,1224,1261,1.0302,1344,1338,0.9955
6700,IMG_20260604_070522_1,0.931,926568,979772,1.0574,1224,1268,1.0359,1344,1331,0.9903
6700,IMG_20260604_070522_2,0.9311,939054,995802,1.0604,1248,1287,1.0312,1369,1344,0.9817
6700,IMG_20260604_070523,0.9285,930534,987262,1.061,1248,1287,1.0312,1369,1363,0.9956
6700,IMG_20260604_070523_1,0.9278,916782,973477,1.0618,1224,1261,1.0302,1395,1376,0.9864
6700,IMG_20260604_070524,0.9308,921192,976149,1.0597,1200,1255,1.0458,1344,1331,0.9903
6700,IMG_20260604_070524_1,0.9272,912060,966646,1.0598,1200,1236,1.03,1344,1331,0.9903
6700,IMG_20260604_070524_2,0.9198,938034,997151,1.063,1176,1241,1.0553,1344,1331,0.9903
6700,IMG_20260604_070525,0.9303,929814,985439,1.0598,1224,1268,1.0359,1318,1299,0.9856
6700,IMG_20260604_070525_1,0.9316,906306,962451,1.0619,1200,1242,1.035,1241,1229,0.9903
6700,IMG_20260604_070526,0.9209,902766,949877,1.0522,1200,1261,1.0508,1164,1139,0.9785
6700,IMG_20260604_070526_1,0.9312,884490,933740,1.0557,1200,1255,1.0458,1164,1152,0.9897
6700,IMG_20260604_070526_2,0.9309,911604,964928,1.0585,1224,1268,1.0359,1216,1203,0.9893
6703,IMG_20260604_063437,0.7372,485614,633315,1.3042,1046,1037,0.9914,1149,1248,1.0862
6703,IMG_20260604_063438,0.8055,668265,751541,1.1246,979,948,0.9683,1469,1562,1.0633
6703,IMG_20260604_063439,0.6815,658913,904439,1.3726,1012,985,0.9733,1415,1939,1.3703
6703_2,IMG_20260604_063820,0.9192,601182,633224,1.0533,888,941,1.0597,1433,1401,0.9777
6703_2,IMG_20260604_063821,0.897,601098,636578,1.059,840,890,1.0595,1459,1414,0.9692
6703_2,IMG_20260604_063822,0.9165,612436,642601,1.0493,912,915,1.0033,1482,1498,1.0108
6703_2,IMG_20260604_063822_1,0.9055,469511,497439,1.0595,964,966,1.0021,928,941,1.014
6703_2,IMG_20260604_063824,0.9199,551538,580865,1.0532,888,909,1.0236,1331,1286,0.9662
6703_2,IMG_20260604_063825,0.9049,499548,527555,1.0561,888,909,1.0236,1152,1120,0.9722
6703_2,IMG_20260604_063826,0.8817,492913,530973,1.0772,922,922,1.0,1020,1056,1.0353
6703_2,IMG_20260604_063827,0.912,458434,481369,1.05,912,922,1.011,908,948,1.0441
6703_2,IMG_20260604_063827_1,0.9132,499404,527138,1.0555,882,928,1.0522,1178,1145,0.972
6703_2,IMG_20260604_063828,0.9127,529224,558947,1.0562,888,915,1.0304,1280,1268,0.9906
6703_2,IMG_20260604_063829,0.9123,534354,564645,1.0567,912,941,1.0318,1305,1268,0.9716
6703_2,IMG_20260604_063829_1,0.9136,551730,582595,1.0559,912,941,1.0318,1280,1267,0.9898
6703_2,IMG_20260604_063830,0.9139,533454,563105,1.0556,912,934,1.0241,1306,1267,0.9701
6703_2,IMG_20260604_063831,0.9134,527418,557628,1.0573,912,928,1.0175,1280,1254,0.9797
6703_2,IMG_20260604_063832,0.9151,536700,567331,1.0571,912,947,1.0384,1306,1286,0.9847
6703_2,IMG_20260604_063833,0.9143,534852,566561,1.0593,912,947,1.0384,1357,1344,0.9904
6703_2,IMG_20260604_063833_1,0.9148,542448,574108,1.0584,912,947,1.0384,1383,1344,0.9718
6703_2,IMG_20260604_063834,0.9152,548400,580273,1.0581,912,953,1.045,1382,1350,0.9768
6703_2,IMG_20260604_063838,0.9337,4366651,4633078,1.061,2129,2238,1.0512,2664,2639,0.9906
6703_3,IMG_20260604_064052,0.9115,1074114,1141050,1.0623,1500,1587,1.058,1715,1708,0.9959
6703_3,IMG_20260604_064054,0.9136,1076772,1135273,1.0543,1368,1434,1.0482,1690,1651,0.9769
6703_3,IMG_20260604_064055,0.9135,1066518,1126601,1.0563,1368,1414,1.0336,1664,1657,0.9958
6703_3,IMG_20260604_064055_1,0.9136,1018626,1081725,1.0619,1344,1389,1.0335,1664,1626,0.9772
6703_3,IMG_20260604_064056,0.9165,1046400,1109305,1.0601,1368,1440,1.0526,1651,1625,0.9843
6703_3,IMG_20260604_064057,0.9232,1091616,1153143,1.0564,1344,1414,1.0521,1684,1677,0.9958
6703_3,IMG_20260604_064058,0.9225,1111260,1174102,1.0566,1464,1536,1.0492,1824,1799,0.9863
6703_3,IMG_20260604_064102,0.9161,1333440,1416619,1.0624,1518,1612,1.0619,2266,2240,0.9885
6703_3,IMG_20260604_064102_1,0.9203,1344144,1431971,1.0653,1530,1606,1.0497,2240,2220,0.9911
6703_3,IMG_20260604_064103,0.9162,1291596,1375528,1.065,1476,1575,1.0671,2125,2093,0.9849
6703_3,IMG_20260604_064104,0.9154,1233942,1313616,1.0646,1500,1587,1.058,1996,1959,0.9815
6705,IMG_20260604_070123,0.9207,562050,592028,1.0533,840,877,1.044,1228,1203,0.9796
6705,IMG_20260604_070123_1,0.9185,306720,320502,1.0449,864,909,1.0521,588,570,0.9694
6705,IMG_20260604_070127,0.936,644460,677428,1.0512,888,928,1.045,1433,1402,0.9784
6705,IMG_20260604_070127_1,0.9189,614970,650584,1.0579,888,934,1.0518,1383,1369,0.9899
6705,IMG_20260604_070128,0.9043,601908,632528,1.0509,912,935,1.0252,1434,1408,0.9819
6705,IMG_20260604_070128_1,0.9068,682182,720928,1.0568,888,915,1.0304,1639,1625,0.9915
6705,IMG_20260604_070129,0.9252,623238,661981,1.0622,888,908,1.0225,1459,1440,0.987
6705,IMG_20260604_070129_1,0.9173,641136,681689,1.0633,870,915,1.0517,1459,1440,0.987
6705,IMG_20260604_070130,0.9236,662760,704685,1.0633,870,909,1.0448,1485,1485,1.0
6705,IMG_20260604_070130_1,0.9203,630336,670894,1.0643,870,922,1.0598,1459,1446,0.9911
6705,IMG_20260604_070130_2,0.919,630798,667267,1.0578,870,909,1.0448,1434,1408,0.9819
6705,IMG_20260604_070131,0.9152,558462,593946,1.0635,834,889,1.0659,1331,1293,0.9715
6705,IMG_20260604_070131_1,0.924,636600,669531,1.0517,1416,1498,1.0579,896,896,1.0
6705,IMG_20260604_070131_2,0.9157,610452,646285,1.0587,912,941,1.0318,1485,1452,0.9778
6705,IMG_20260604_070132,0.9219,615762,652001,1.0589,1344,1395,1.0379,1036,1024,0.9884
6705,IMG_20260604_070132_1,0.9238,639162,678852,1.0621,1368,1440,1.0526,1062,1056,0.9944
6705,IMG_20260604_070132_2,0.923,679620,714935,1.052,1416,1472,1.0395,1062,1056,0.9944
6705,IMG_20260604_070134,0.9198,672576,712282,1.059,936,973,1.0395,1504,1478,0.9827
6705,IMG_20260604_070135,0.9177,647838,684421,1.0565,1296,1351,1.0424,1178,1127,0.9567
6705,IMG_20260604_070135_1,0.917,697572,740292,1.0612,936,992,1.0598,1510,1479,0.9795
6705,IMG_20260604_070136,0.9238,672318,712555,1.0598,930,973,1.0462,1485,1466,0.9872
6705,IMG_20260604_070137,0.9221,671058,707847,1.0548,960,1005,1.0469,1485,1459,0.9825
6705,IMG_20260604_070137_1,0.9234,668784,706094,1.0558,960,986,1.0271,1485,1472,0.9912
6705,IMG_20260604_070137_2,0.9224,675414,713087,1.0558,936,979,1.0459,1485,1460,0.9832
6705,IMG_20260604_070138,0.9259,666078,704905,1.0583,960,992,1.0333,1484,1459,0.9832
6705,IMG_20260604_070138_1,0.925,660360,696927,1.0554,936,979,1.0459,1484,1460,0.9838
6705,IMG_20260604_070138_2,0.9275,666156,702464,1.0545,936,973,1.0395,1485,1453,0.9785
6705,IMG_20260604_070139,0.923,655644,691729,1.055,936,980,1.047,1485,1459,0.9825
6705,IMG_20260604_070139_1,0.925,661548,698228,1.0554,936,986,1.0534,1485,1465,0.9865
6705,IMG_20260604_070139_2,0.9217,667302,703989,1.055,960,999,1.0406,1485,1453,0.9785
6705,IMG_20260604_070140,0.9247,671424,708155,1.0547,984,1024,1.0407,1485,1453,0.9785
6705,IMG_20260604_070140_1,0.9283,660804,700158,1.0596,936,960,1.0256,1453,1453,1.0
6705,IMG_20260604_070140_2,0.9279,662670,702396,1.0599,960,992,1.0333,1453,1453,1.0
6705,IMG_20260604_070141,0.924,659352,694086,1.0527,936,967,1.0331,1459,1434,0.9829
6705,IMG_20260604_070149,0.9216,588048,622508,1.0586,1296,1350,1.0417,1050,1037,0.9876
6705,IMG_20260604_070150,0.9185,658632,694334,1.0542,1320,1363,1.0326,1113,1094,0.9829
6705,IMG_20260604_070150_1,0.9215,595662,630223,1.058,1248,1312,1.0513,973,941,0.9671
6705,IMG_20260604_070151,0.9196,591264,627401,1.0611,1260,1331,1.0563,947,921,0.9725
6705,IMG_20260604_070151_1,0.0,584262,614683,1.0521,840,1299,1.5464,1434,916,0.6388
6705,IMG_20260604_070152,0.9101,599352,629959,1.0511,864,889,1.0289,1485,1447,0.9744
6705,IMG_20260604_070152_1,0.9195,581322,615119,1.0581,1272,1319,1.0369,947,922,0.9736
6706,IMG_20260604_065420,0.9432,275544,287257,1.0425,912,966,1.0592,704,685,0.973
6706,IMG_20260604_065421,0.9178,276264,287467,1.0406,624,640,1.0256,921,890,0.9663
6706,IMG_20260604_065422,0.9064,288072,303033,1.0519,624,627,1.0048,966,954,0.9876
6706,IMG_20260604_065422_1,0.9083,299514,313017,1.0451,792,819,1.0341,807,787,0.9752
6706,IMG_20260604_065423,0.9265,314298,329408,1.0481,792,819,1.0341,807,800,0.9913
6706,IMG_20260604_065423_1,0.923,304236,318277,1.0462,786,825,1.0496,807,800,0.9913
6706,IMG_20260604_065425,0.9303,278658,288704,1.0361,600,615,1.025,832,806,0.9688
6706,IMG_20260604_065425_1,0.9152,343026,357304,1.0416,672,698,1.0387,896,863,0.9632
6706,IMG_20260604_065426,0.923,313740,330695,1.054,624,634,1.016,889,890,1.0011
6706,IMG_20260604_065426_1,0.9125,336288,348571,1.0365,600,627,1.045,941,928,0.9862
6706,IMG_20260604_065427,0.9061,320856,334944,1.0439,600,628,1.0467,973,940,0.9661
6706,IMG_20260604_065427_1,0.9125,304212,314543,1.034,600,621,1.035,973,947,0.9733
6706,IMG_20260604_065428,0.9061,327540,337591,1.0307,600,614,1.0233,973,947,0.9733
6706,IMG_20260604_065428_1,0.9027,309120,320698,1.0375,600,621,1.035,992,973,0.9808
6706,IMG_20260604_065428_2,0.904,309294,319934,1.0344,600,628,1.0467,973,967,0.9938
6706,IMG_20260604_065429,0.9243,326628,340976,1.0439,648,665,1.0262,999,972,0.973
6706,IMG_20260604_065429_1,0.9165,329958,344257,1.0433,648,665,1.0262,1024,1018,0.9941
6706,IMG_20260604_065429_2,0.9246,298326,317795,1.0653,588,615,1.0459,807,806,0.9988
6706,IMG_20260604_065430,0.9225,310836,325785,1.0481,600,620,1.0333,985,966,0.9807
6706,IMG_20260604_065430_1,0.9206,315936,334583,1.059,720,736,1.0222,858,838,0.9767
6706,IMG_20260604_065433,0.9291,2654890,2812066,1.0592,1914,2021,1.0559,2460,2442,0.9927
6706,IMG_20260604_065434,0.9263,3176688,3383954,1.0652,2003,2123,1.0599,2307,2289,0.9922
6706,IMG_20260604_065435,0.9287,3312452,3529829,1.0656,2033,2155,1.06,2295,2295,1.0
6706,IMG_20260604_065450,0.9443,373356,385971,1.0338,648,679,1.0478,1095,1081,0.9872
6706,IMG_20260604_065451,0.9258,381756,401340,1.0513,696,697,1.0014,1177,1158,0.9839
7259,IMG_20260604_065718,0.9328,2636322,2803505,1.0634,1800,1907,1.0594,2828,2803,0.9912
7259,IMG_20260604_065719,0.9276,2474640,2630437,1.063,1524,1613,1.0584,2733,2713,0.9927
7259,IMG_20260604_065720,0.9242,2391930,2542856,1.0631,1338,1408,1.0523,3040,3040,1.0
7259,IMG_20260604_065721,0.9275,2426292,2573751,1.0608,1392,1447,1.0395,3027,3008,0.9937
7259,IMG_20260604_065721_1,0.93,2577138,2739499,1.063,1380,1453,1.0529,3129,3117,0.9962
7259,IMG_20260604_065723,0.9186,2443146,2601163,1.0647,1608,1702,1.0585,2976,2976,1.0
7259,IMG_20260604_065723_1,0.914,2462412,2622429,1.065,1704,1812,1.0634,3033,3027,0.998
7259,IMG_20260604_065724,0.9104,2344980,2498980,1.0657,1692,1792,1.0591,2970,2944,0.9912
7259,IMG_20260604_065725,0.9155,2373132,2528667,1.0655,1620,1728,1.0667,3001,3002,1.0003
7259,IMG_20260604_065725_1,0.9152,2351088,2499742,1.0632,1632,1715,1.0509,2995,2951,0.9853
7259,IMG_20260604_065726,0.9129,2389842,2545327,1.0651,1644,1734,1.0547,2912,2912,1.0
7259,IMG_20260604_065726_1,0.9159,2406108,2562345,1.0649,1656,1741,1.0513,3008,3008,1.0
7259,IMG_20260604_065726_2,0.9179,2410380,2565696,1.0644,1656,1728,1.0435,3040,3015,0.9918
7259,IMG_20260604_065727,0.919,2460954,2618789,1.0641,1560,1625,1.0417,3200,3180,0.9938
7259,IMG_20260604_065728,0.9163,2449938,2607185,1.0642,1584,1664,1.0505,2662,2644,0.9932
7259,IMG_20260604_065729,0.9201,2478174,2636449,1.0639,1584,1671,1.0549,3123,3079,0.9859
7259,IMG_20260604_065729_1,0.9238,2497914,2653916,1.0625,1560,1632,1.0462,3174,3149,0.9921
7259,IMG_20260604_065730,0.9197,2371350,2523410,1.0641,1530,1632,1.0667,2867,2823,0.9847
7260,IMG_20260604_064948,0.9111,628134,666975,1.0618,1044,1101,1.0546,1408,1376,0.9773
7260,IMG_20260604_064949,0.9327,578916,605926,1.0467,1080,1127,1.0435,973,967,0.9938
7260,IMG_20260604_064953,0.9146,636642,673839,1.0584,1092,1152,1.0549,1254,1216,0.9697
7260,IMG_20260604_064954,0.9279,660168,703386,1.0655,1038,1101,1.0607,1389,1389,1.0
7260,IMG_20260604_064955,0.9243,663972,704961,1.0617,1080,1107,1.025,1433,1388,0.9686
7260,IMG_20260604_064956,0.9189,724116,763907,1.055,1080,1120,1.037,1459,1427,0.9781
7260,IMG_20260604_064956_1,0.919,694050,737738,1.0629,1044,1113,1.0661,1447,1427,0.9862
7260,IMG_20260604_064957,0.9287,685128,726803,1.0608,1074,1133,1.0549,1433,1414,0.9867
7260,IMG_20260604_064957_1,0.9274,681654,724420,1.0627,1050,1107,1.0543,1459,1414,0.9692
7260,IMG_20260604_064958,0.9232,683202,725635,1.0621,1050,1114,1.061,1434,1395,0.9728
7260,IMG_20260604_064959,0.9237,667458,707213,1.0596,1044,1114,1.067,1433,1395,0.9735
7260,IMG_20260604_064959_1,0.9222,666288,706867,1.0609,1056,1107,1.0483,1382,1370,0.9913
7260_2,IMG_20260604_065009,0.9168,846402,892347,1.0543,1050,1107,1.0543,1715,1689,0.9848
7260_2,IMG_20260604_065011,0.932,698352,727391,1.0416,960,998,1.0396,1562,1511,0.9673
7260_2,IMG_20260604_065012,0.9297,748062,784218,1.0483,984,1017,1.0335,1510,1491,0.9874
7260_2,IMG_20260604_065012_1,0.9263,746178,781718,1.0476,984,1017,1.0335,1562,1536,0.9834
7260_2,IMG_20260604_065013,0.931,745164,784247,1.0524,984,1024,1.0407,1549,1542,0.9955
7260_2,IMG_20260604_065013_1,0.9302,778392,817891,1.0507,984,1030,1.0467,1587,1543,0.9723
7260_2,IMG_20260604_065014,0.9254,777906,815179,1.0479,984,1024,1.0407,1639,1607,0.9805
7260_2,IMG_20260604_065014_1,0.9318,766056,803181,1.0485,984,1024,1.0407,1587,1575,0.9924
7260_2,IMG_20260604_065014_2,0.9226,689520,729252,1.0576,1008,1056,1.0476,1306,1267,0.9701
7260_2,IMG_20260604_065015,0.8759,694775,744629,1.0718,1017,1094,1.0757,1172,1197,1.0213
7260_2,IMG_20260604_065015_1,0.931,766986,804044,1.0483,984,1011,1.0274,1613,1568,0.9721
7260_2,IMG_20260604_065016,0.9326,791076,828753,1.0476,984,1011,1.0274,1613,1581,0.9802
7260_2,IMG_20260604_065016_1,0.9317,782994,820389,1.0478,984,1011,1.0274,1638,1613,0.9847
7260_2,IMG_20260604_065016_2,0.9305,788610,827875,1.0498,984,1011,1.0274,1664,1645,0.9886
7260_2,IMG_20260604_065019,0.9335,3994878,4244722,1.0625,2153,2264,1.0516,2761,2760,0.9996
7269,IMG_20260604_065913,0.9035,351216,369978,1.0534,816,832,1.0196,844,826,0.9787
7269,IMG_20260604_065915,0.9163,383790,406655,1.0596,654,692,1.0581,1049,1018,0.9704
7269,IMG_20260604_065917,0.921,414120,435656,1.052,672,685,1.0193,1280,1261,0.9852
7269,IMG_20260604_065918,0.9248,393714,413741,1.0509,816,825,1.011,890,896,1.0067
7269,IMG_20260604_065918_1,0.9306,423870,442006,1.0428,816,864,1.0588,1024,979,0.9561
7269,IMG_20260604_065919,0.9208,412782,426760,1.0339,816,838,1.027,948,915,0.9652
7269,IMG_20260604_065919_1,0.931,436254,456217,1.0458,816,839,1.0282,1101,1075,0.9764
7269,IMG_20260604_065920,0.9214,458010,483553,1.0558,792,806,1.0177,1229,1190,0.9683
7269,IMG_20260604_065920_1,0.9225,471378,494341,1.0487,792,806,1.0177,1228,1197,0.9748
7269,IMG_20260604_065921,0.927,452688,477694,1.0552,792,800,1.0101,1228,1204,0.9805
7269,IMG_20260604_065921_1,0.9237,477756,503305,1.0535,768,787,1.0247,1254,1229,0.9801
7269,IMG_20260604_065922,0.9271,454170,474589,1.045,744,762,1.0242,1280,1248,0.975
7269,IMG_20260604_065922_1,0.9263,462114,489447,1.0591,744,768,1.0323,1280,1254,0.9797
7269,IMG_20260604_065922_2,0.9275,459510,487098,1.06,756,788,1.0423,1306,1267,0.9701
7269,IMG_20260604_065923,0.9318,457668,486651,1.0633,732,775,1.0587,1299,1280,0.9854
7269,IMG_20260604_065923_1,0.9279,466710,495024,1.0607,732,781,1.0669,1305,1292,0.99
7269,IMG_20260604_065923_2,0.9286,478686,505570,1.0562,792,812,1.0253,1382,1357,0.9819
7269,IMG_20260604_065924,0.93,473256,500867,1.0583,768,812,1.0573,1357,1331,0.9808
7269,IMG_20260604_065924_1,0.9296,495366,523532,1.0569,744,768,1.0323,1402,1382,0.9857
7269,IMG_20260604_065925,0.9247,487368,513279,1.0532,744,761,1.0228,1408,1388,0.9858
7269,IMG_20260604_065925_1,0.9223,477120,500973,1.05,744,768,1.0323,1331,1318,0.9902
7269,IMG_20260604_065925_2,0.9159,474900,496926,1.0464,768,787,1.0247,1357,1318,0.9713
7269,IMG_20260604_065926,0.9266,459906,489166,1.0636,708,756,1.0678,1331,1312,0.9857
7269,IMG_20260604_065926_1,0.9245,455190,482412,1.0598,684,724,1.0585,1357,1312,0.9668
7269,IMG_20260604_065926_2,0.9203,479844,499958,1.0419,744,762,1.0242,1331,1306,0.9812
7269,IMG_20260604_065927,0.9108,477408,498010,1.0432,720,743,1.0319,1331,1299,0.976
7269,IMG_20260604_065927_1,0.9131,480528,498710,1.0378,720,755,1.0486,1331,1306,0.9812
7269,IMG_20260604_065928,0.9137,487398,505340,1.0368,768,787,1.0247,1357,1338,0.986
7269,IMG_20260604_065931,0.9356,4353501,4621139,1.0615,1746,1843,1.0556,3786,3768,0.9952
7269,IMG_20260604_065932,0.9304,4552369,4831852,1.0614,1722,1831,1.0633,3914,3889,0.9936
7269,IMG_20260604_065932_1,0.9361,4525717,4825140,1.0662,1842,1965,1.0668,3812,3806,0.9984
7898,IMG_20260604_065745,0.9308,918018,969027,1.0556,1056,1094,1.036,1690,1677,0.9923
7898,IMG_20260604_065746,0.9197,893958,950462,1.0632,1068,1133,1.0609,1728,1715,0.9925
7898,IMG_20260604_065746_1,0.9241,875478,929361,1.0615,1056,1101,1.0426,1760,1753,0.996
7898,IMG_20260604_065747,0.9272,875952,928653,1.0602,1056,1088,1.0303,1792,1747,0.9749
7898,IMG_20260604_065747_1,0.9218,900288,950620,1.0559,1080,1107,1.025,1792,1760,0.9821
7898,IMG_20260604_065748,0.9206,939438,986241,1.0498,1104,1139,1.0317,1818,1805,0.9928
7898,IMG_20260604_065749,0.9273,871398,927747,1.0647,1044,1101,1.0546,1728,1722,0.9965
7898,IMG_20260604_065749_1,0.9226,959628,1016727,1.0595,1098,1152,1.0492,1792,1760,0.9821
7898,IMG_20260604_065750,0.9252,881322,935188,1.0611,1080,1107,1.025,1792,1766,0.9855
7898,IMG_20260604_065750_1,0.9248,907332,950058,1.0471,1032,1088,1.0543,1792,1772,0.9888
7898,IMG_20260604_065751,0.9238,917910,971710,1.0586,1056,1095,1.0369,1818,1792,0.9857
7898,IMG_20260604_065752,0.9234,913458,972829,1.065,1050,1101,1.0486,1843,1818,0.9864
7898,IMG_20260604_065753,0.9181,936036,986371,1.0538,1056,1101,1.0426,1843,1805,0.9794
7898,IMG_20260604_065753_1,0.9335,916650,962019,1.0495,1056,1101,1.0426,1869,1843,0.9861
7898,IMG_20260604_065753_2,0.9256,892668,943435,1.0569,1056,1094,1.036,1869,1837,0.9829
7898,IMG_20260604_065754,0.9347,933636,979033,1.0486,1056,1095,1.0369,1843,1812,0.9832
7898,IMG_20260604_065755,0.9238,828936,882999,1.0652,1026,1094,1.0663,1575,1574,0.9994
7898,IMG_20260604_065755_1,0.9252,836046,888948,1.0633,1056,1095,1.0369,1639,1632,0.9957
7898,IMG_20260604_065758,0.9317,5028198,5348192,1.0636,2153,2277,1.0576,3506,3487,0.9946
7898,IMG_20260604_065758_1,0.9232,4936086,5247972,1.0632,2129,2257,1.0601,3302,3290,0.9964
7898,IMG_20260604_065800,0.9216,898968,950112,1.0569,1080,1139,1.0546,1716,1683,0.9808
7898,IMG_20260604_065800_1,0.9215,926982,981250,1.0585,1104,1152,1.0435,1741,1715,0.9851
7898,IMG_20260604_065801,0.9206,872652,924820,1.0598,1080,1120,1.037,1767,1741,0.9853
7898,IMG_20260604_065801_1,0.9243,908394,962317,1.0594,1080,1120,1.037,1741,1728,0.9925
7898,IMG_20260604_065802,0.9246,891300,938447,1.0529,1056,1114,1.0549,1741,1709,0.9816
7898,IMG_20260604_065802_1,0.9173,909654,956397,1.0514,1080,1120,1.037,1741,1722,0.9891
7898,IMG_20260604_065803,0.9195,896016,947222,1.0571,1050,1095,1.0429,1767,1735,0.9819
7898,IMG_20260604_065804,0.9133,912264,955846,1.0478,1056,1094,1.036,1767,1734,0.9813
7898,IMG_20260604_065804_1,0.9257,926730,975943,1.0531,1080,1120,1.037,1767,1747,0.9887
7898,IMG_20260604_065805,0.921,906426,947359,1.0452,1056,1088,1.0303,1767,1741,0.9853
7898,IMG_20260604_065805_1,0.932,878364,924546,1.0526,1056,1108,1.0492,1715,1703,0.993
7911,IMG_20260604_065354,0.9412,693318,730410,1.0535,912,953,1.045,1286,1286,1.0
7911,IMG_20260604_065354_1,0.9284,733212,781736,1.0662,906,953,1.0519,1324,1325,1.0008
7911,IMG_20260604_065355,0.9279,742416,789608,1.0636,912,973,1.0669,1369,1344,0.9817
7911,IMG_20260604_065356,0.9326,696990,735334,1.055,936,973,1.0395,1292,1267,0.9807
7911,IMG_20260604_065356_1,0.9308,703350,747696,1.063,936,967,1.0331,1286,1286,1.0
7911,IMG_20260604_065357,0.9325,710574,749773,1.0552,912,967,1.0603,1286,1286,1.0
7911,IMG_20260604_065357_1,0.933,718482,754728,1.0504,912,960,1.0526,1318,1306,0.9909
7911,IMG_20260604_065358,0.9278,707742,747163,1.0557,936,973,1.0395,1273,1274,1.0008
7911,IMG_20260604_065358_1,0.9282,690594,734505,1.0636,936,992,1.0598,1273,1274,1.0008
7911,IMG_20260604_065358_2,0.9293,692148,734508,1.0612,960,992,1.0333,1292,1286,0.9954
7911,IMG_20260604_065359,0.9255,681792,723804,1.0616,936,966,1.0321,1292,1274,0.9861
7911,IMG_20260604_065359_1,0.9248,684390,727917,1.0636,984,1024,1.0407,1318,1293,0.981
7911,IMG_20260604_065359_2,0.9264,697152,741195,1.0632,954,1012,1.0608,1369,1350,0.9861
7911,IMG_20260604_065400,0.9265,703236,749376,1.0656,954,999,1.0472,1395,1395,1.0
7911,IMG_20260604_065400_1,0.9273,709902,756521,1.0657,978,1024,1.047,1414,1414,1.0
7911,IMG_20260604_065400_2,0.9284,704856,750216,1.0644,984,1018,1.0346,1401,1402,1.0007
7911,IMG_20260604_065401,0.9287,698742,744226,1.0651,930,986,1.0602,1414,1414,1.0
7911,IMG_20260604_065401_1,0.9279,696672,741418,1.0642,984,1018,1.0346,1420,1421,1.0007
7911,IMG_20260604_065401_2,0.9268,697590,742278,1.0641,984,1011,1.0274,1433,1434,1.0007
7911,IMG_20260604_065402,0.9264,706554,752718,1.0653,984,1024,1.0407,1446,1446,1.0
7911,IMG_20260604_065402_1,0.9295,702828,747509,1.0636,960,999,1.0406,1440,1440,1.0
7911,IMG_20260604_065407,0.9037,3611672,3851036,1.0663,2105,2213,1.0513,3175,3175,1.0
7915,IMG_20260604_065331,0.8932,349404,363548,1.0405,648,679,1.0478,1178,1152,0.9779
7915,IMG_20260604_065333,0.899,255768,265717,1.0389,696,704,1.0115,871,838,0.9621
7915,IMG_20260604_065333_1,0.9351,264786,273972,1.0347,648,666,1.0278,742,717,0.9663
7915,IMG_20260604_065334,0.9194,455256,473742,1.0406,696,697,1.0014,1152,1126,0.9774
7915,IMG_20260604_065335,0.928,452106,474797,1.0502,648,653,1.0077,1152,1120,0.9722
7915,IMG_20260604_065335_1,0.9372,376626,391024,1.0382,648,672,1.037,1126,1101,0.9778
7915,IMG_20260604_065336,0.9254,376110,393132,1.0453,624,640,1.0256,1177,1165,0.9898
7915,IMG_20260604_065336_1,0.9284,373944,390813,1.0451,624,640,1.0256,1203,1184,0.9842
7915,IMG_20260604_065337,0.9289,402684,418811,1.04,624,627,1.0048,1280,1248,0.975
7915,IMG_20260604_065337_1,0.9333,409938,428782,1.046,600,621,1.035,1485,1440,0.9697
7915,IMG_20260604_065338,0.9273,386400,405414,1.0492,624,621,0.9952,1255,1216,0.9689
7915,IMG_20260604_065338_1,0.9231,322422,333946,1.0357,624,640,1.0256,1050,1017,0.9686
7915,IMG_20260604_065339,0.9326,405630,424410,1.0463,624,640,1.0256,1255,1210,0.9641
7915,IMG_20260604_065339_1,0.9308,382062,397783,1.0411,624,640,1.0256,1204,1171,0.9726
7915,IMG_20260604_065340,0.9233,336534,348735,1.0363,624,640,1.0256,1152,1120,0.9722
7915,IMG_20260604_065340_1,0.909,347244,352874,1.0162,624,634,1.016,1095,1075,0.9817
7915,IMG_20260604_065341,0.9206,322584,341889,1.0598,648,653,1.0077,1101,1069,0.9709
7915,IMG_20260604_065341_1,0.9224,323208,342195,1.0587,648,666,1.0278,1152,1107,0.9609
7915,IMG_20260604_065342,0.9414,319866,329045,1.0287,624,640,1.0256,1050,1024,0.9752
7915,IMG_20260604_065342_1,0.9394,313164,326643,1.043,600,621,1.035,1049,1024,0.9762
7915,IMG_20260604_065345,0.9299,4241801,4509885,1.0632,2081,2193,1.0538,2970,2964,0.998
