folder,photo,status,n_cows,dom_conf,dom_frac,img_frac,edge,marker_px,mask_h_px,mask_w_px,area_px
3159,IMG_20260604_065125.jpg,revisar,2,0.956,0.634,0.0959,0,156,1082,1530,904702
3159,IMG_20260604_065126.jpg,revisar,2,0.932,0.643,0.0959,0,154,1076,1639,905369
3159,IMG_20260604_065126_1.jpg,revisar,2,0.949,0.696,0.0919,0,157,1056,1657,867691
3159,IMG_20260604_065127.jpg,revisar,2,0.945,0.733,0.0796,0,167,928,1536,751002
3672,IMG_20260604_064806.jpg,revisar,4,0.906,0.44,0.0846,0,166,1273,1459,798543
3672,IMG_20260604_064807.jpg,revisar,5,0.887,0.405,0.09,0,159,1255,1536,848906
3672,IMG_20260604_064808.jpg,revisar,4,0.883,0.461,0.0858,0,161,1152,1536,810163
3672,IMG_20260604_064814.jpg,revisar,5,0.863,0.319,0.0738,0,147,1024,1255,696198
3672,IMG_20260604_064815.jpg,revisar,4,0.892,0.367,0.0798,0,145,1017,1433,753487
3672,IMG_20260604_064815_1.jpg,revisar,5,0.858,0.344,0.0803,0,149,1056,1395,757960
3672,IMG_20260604_064816.jpg,revisar,6,0.879,0.31,0.0758,0,149,1011,1382,715551
3672,IMG_20260604_064816_1.jpg,revisar,3,0.832,0.435,0.0772,0,150,1018,1337,728348
3672,IMG_20260604_064817.jpg,revisar,5,0.774,0.349,0.0719,0,149,1037,1331,678367
3672,IMG_20260604_064817_1.jpg,revisar,4,0.857,0.383,0.0759,0,149,1011,1382,716387
3672,IMG_20260604_064818.jpg,revisar,5,0.874,0.361,0.0749,0,149,999,1306,706660
3672,IMG_20260604_064818_1.jpg,revisar,4,0.769,0.442,0.0728,0,147,986,1331,687142
3672,IMG_20260604_064818_2.jpg,revisar,6,0.871,0.304,0.0721,0,145,992,1267,680211
3672,IMG_20260604_064819.jpg,revisar,4,0.869,0.371,0.0719,0,143,986,1325,678362
3672,IMG_20260604_064819_1.jpg,revisar,5,0.883,0.344,0.0726,0,145,985,1312,685021
3672,IMG_20260604_064820.jpg,revisar,5,0.832,0.345,0.0706,0,144,986,1293,666538
3672,IMG_20260604_064820_1.jpg,revisar,7,0.64,0.291,0.0764,0,140,896,1388,721253
3672,IMG_20260604_064821.jpg,revisar,5,0.866,0.333,0.0713,0,142,992,1236,672760
3672,IMG_20260604_064821_1.jpg,revisar,5,0.876,0.348,0.0742,0,147,992,1261,699970
3672,IMG_20260604_064821_2.jpg,revisar,4,0.826,0.37,0.0758,0,145,992,1337,715702
3672,IMG_20260604_064822.jpg,revisar,5,0.847,0.335,0.0767,0,141,1050,1370,723920
3672,IMG_20260604_064822_1.jpg,revisar,4,0.822,0.347,0.072,0,140,1004,1370,679059
3672,IMG_20260604_064823.jpg,revisar,4,0.822,0.373,0.0758,0,141,998,1408,715582
3672,IMG_20260604_064823_1.jpg,revisar,5,0.83,0.344,0.0735,0,139,992,1351,693837
3672,IMG_20260604_064828.jpg,sin_marcador,2,0.761,0.559,0.5811,1,,2290,3940,5443708
3672,IMG_20260604_064829.jpg,sin_marcador,2,0.819,0.532,0.4443,1,,2251,2970,4161771
3672,IMG_20260604_064831.jpg,revisar,5,0.539,0.342,0.0777,0,141,1011,1388,733205
3672,IMG_20260604_064832.jpg,revisar,5,0.676,0.351,0.0758,0,142,1004,1255,715726
3672,IMG_20260604_064832_1.jpg,revisar,5,0.838,0.329,0.0724,0,140,999,1216,683392
3672,IMG_20260604_064833.jpg,revisar,5,0.782,0.327,0.0724,0,137,985,1267,683265
3672,IMG_20260604_064833_1.jpg,revisar,4,0.797,0.378,0.0715,0,147,999,1229,675126
3672,IMG_20260604_064834.jpg,revisar,4,0.621,0.418,0.0917,0,140,1005,1651,865139
3677,IMG_20260604_064525.jpg,revisar,3,0.904,0.449,0.0598,0,113,889,1286,564347
3677,IMG_20260604_064526.jpg,revisar,3,0.916,0.489,0.0591,0,117,864,1248,557276
3677,IMG_20260604_064527.jpg,revisar,3,0.916,0.46,0.0567,0,115,871,1184,535082
3677,IMG_20260604_064528.jpg,revisar,3,0.865,0.44,0.0529,0,113,877,954,499391
3677,IMG_20260604_064531.jpg,revisar,3,0.893,0.456,0.056,0,112,877,1152,528560
3677,IMG_20260604_064531_1.jpg,revisar,3,0.898,0.459,0.0557,0,111,877,1127,525218
3677,IMG_20260604_064532.jpg,revisar,3,0.911,0.485,0.0574,0,112,864,1178,541338
3677,IMG_20260604_064536.jpg,revisar,3,0.892,0.548,0.0742,0,129,915,1606,700167
3677,IMG_20260604_064537.jpg,revisar,3,0.937,0.557,0.0744,0,130,928,1632,701984
3677,IMG_20260604_064537_1.jpg,revisar,3,0.935,0.548,0.0757,0,132,928,1625,714305
3677,IMG_20260604_064538.jpg,revisar,2,0.929,0.62,0.0759,0,131,935,1607,716177
3677,IMG_20260604_064539.jpg,revisar,4,0.938,0.454,0.0757,0,133,922,1561,714185
3677,IMG_20260604_064539_1.jpg,revisar,4,0.939,0.471,0.0748,0,132,921,1555,705558
3677,IMG_20260604_064540.jpg,revisar,2,0.934,0.658,0.0757,0,132,928,1555,714106
3677,IMG_20260604_064541.jpg,revisar,3,0.94,0.487,0.0739,0,133,915,1555,697110
3677,IMG_20260604_064541_1.jpg,revisar,3,0.938,0.529,0.0711,0,133,909,1523,670907
3677,IMG_20260604_064542.jpg,revisar,3,0.943,0.484,0.0738,0,133,916,1568,696732
3677,IMG_20260604_064542_1.jpg,revisar,4,0.939,0.497,0.0723,0,132,928,1523,682728
3677,IMG_20260604_064543.jpg,revisar,4,0.935,0.464,0.0727,0,133,915,1517,686303
3677,IMG_20260604_064544.jpg,revisar,4,0.939,0.467,0.0739,0,132,922,1530,697320
3677,IMG_20260604_064544_1.jpg,revisar,3,0.942,0.479,0.0728,0,133,915,1524,687415
3677,IMG_20260604_064545.jpg,revisar,3,0.928,0.526,0.0716,0,132,915,1491,675365
3677,IMG_20260604_064545_1.jpg,revisar,4,0.936,0.506,0.0743,0,134,928,1415,700936
3677,IMG_20260604_064549.jpg,sin_marcador,3,0.747,0.571,0.4911,1,,2257,2748,4600377
3677,IMG_20260604_064552.jpg,revisar,4,0.905,0.402,0.068,0,133,921,1254,641797
3677,IMG_20260604_064553.jpg,revisar,4,0.89,0.373,0.0635,0,135,922,1280,599423
3678,IMG_20260604_064423.jpg,revisar,2,0.901,0.653,0.083,0,141,1011,1363,783453
3678,IMG_20260604_064425.jpg,revisar,5,0.928,0.446,0.083,0,138,947,1632,783600
3678,IMG_20260604_064425_1.jpg,revisar,4,0.931,0.454,0.0841,0,140,979,1600,794119
3678,IMG_20260604_064426.jpg,revisar,4,0.923,0.498,0.0805,0,136,953,1530,759583
3678,IMG_20260604_064427.jpg,revisar,3,0.918,0.543,0.08,0,135,966,1510,754877
3678,IMG_20260604_064427_1.jpg,revisar,2,0.925,0.68,0.0803,0,137,985,1498,757734
3678,IMG_20260604_064428.jpg,revisar,4,0.932,0.406,0.0846,0,138,979,1606,798612
3678,IMG_20260604_064429.jpg,revisar,3,0.925,0.562,0.0843,0,134,980,1632,795192
3678,IMG_20260604_064429_1.jpg,revisar,5,0.945,0.456,0.0852,0,137,986,1599,804332
3678,IMG_20260604_064430.jpg,revisar,3,0.934,0.521,0.0841,0,134,980,1612,793448
3678,IMG_20260604_064431.jpg,revisar,4,0.926,0.518,0.0841,0,134,967,1568,794086
3678,IMG_20260604_064431_1.jpg,revisar,4,0.938,0.467,0.0847,0,134,953,1594,799759
3678,IMG_20260604_064432.jpg,revisar,3,0.925,0.478,0.0833,0,134,953,1562,785844
3678,IMG_20260604_064433.jpg,revisar,3,0.93,0.526,0.083,0,134,953,1574,783109
3678,IMG_20260604_064433_1.jpg,revisar,3,0.936,0.503,0.0819,0,133,953,1581,772805
3678,IMG_20260604_064434.jpg,revisar,3,0.916,0.48,0.083,0,134,953,1587,782820
3678,IMG_20260604_064435.jpg,revisar,4,0.813,0.402,0.0819,0,133,960,1606,772944
3678,IMG_20260604_064435_1.jpg,revisar,2,0.924,0.718,0.0814,0,135,966,1580,767921
3678,IMG_20260604_064436.jpg,revisar,3,0.912,0.517,0.0857,0,136,960,1613,809153
3678,IMG_20260604_064437.jpg,revisar,2,0.93,0.687,0.0853,0,137,967,1625,805451
3678,IMG_20260604_064437_1.jpg,revisar,3,0.931,0.545,0.0833,0,136,954,1613,786195
3678_2,IMG_20260604_064459.jpg,revisar,5,0.924,0.398,0.0741,0,129,915,1395,699740
3678_2,IMG_20260604_064459_1.jpg,revisar,6,0.927,0.38,0.0759,0,132,928,1472,715852
3678_2,IMG_20260604_064500.jpg,revisar,6,0.904,0.384,0.0778,0,134,921,1594,733825
3678_2,IMG_20260604_064501.jpg,revisar,5,0.924,0.444,0.0771,0,135,915,1555,727488
3678_2,IMG_20260604_064502.jpg,revisar,5,0.925,0.431,0.0768,0,135,915,1530,724873
3678_2,IMG_20260604_064502_1.jpg,revisar,5,0.918,0.444,0.078,0,135,915,1536,735733
3678_2,IMG_20260604_064503.jpg,revisar,4,0.918,0.516,0.078,0,134,916,1568,736565
3678_2,IMG_20260604_064504.jpg,revisar,4,0.934,0.477,0.0795,0,134,935,1574,750150
3678_2,IMG_20260604_064504_1.jpg,revisar,3,0.924,0.569,0.0796,0,135,922,1599,751644
3678_2,IMG_20260604_064505.jpg,revisar,3,0.935,0.516,0.0778,0,134,921,1549,733757
3678_2,IMG_20260604_064506.jpg,revisar,4,0.897,0.473,0.0815,0,149,928,1645,768942
3678_2,IMG_20260604_064507.jpg,revisar,3,0.924,0.527,0.0762,0,153,947,1466,718825
3678_2,IMG_20260604_064508.jpg,revisar,3,0.922,0.565,0.0803,0,141,928,1606,757687
3678_closeup,IMG_20260604_064450.jpg,sin_vaca,0,,,,,,,,
3679,IMG_20260604_065624.jpg,revisar,3,0.914,0.502,0.0708,1,112,1062,1011,668241
3679,IMG_20260604_065625.jpg,revisar,3,0.936,0.519,0.0744,1,110,1024,954,701830
3679,IMG_20260604_065626.jpg,revisar,3,0.932,0.496,0.0689,1,100,1056,883,650160
3679,IMG_20260604_065626_1.jpg,revisar,2,0.901,0.577,0.0642,1,103,1031,845,606012
3679,IMG_20260604_065627.jpg,revisar,3,0.901,0.473,0.066,1,100,1049,813,622974
3679,IMG_20260604_065627_1.jpg,revisar,3,0.886,0.479,0.0664,1,98,1114,794,626398
3679,IMG_20260604_065628.jpg,revisar,3,0.87,0.476,0.064,1,98,1024,966,603865
3679,IMG_20260604_065628_1.jpg,revisar,3,0.896,0.467,0.0624,1,98,1094,781,589230
3679,IMG_20260604_065629.jpg,revisar,3,0.923,0.476,0.0643,1,98,1062,781,606953
3679,IMG_20260604_065629_1.jpg,revisar,3,0.913,0.468,0.0635,1,100,1030,800,599191
3679,IMG_20260604_065630.jpg,revisar,3,0.897,0.479,0.0662,1,100,1024,883,624566
3679,IMG_20260604_065630_1.jpg,revisar,3,0.907,0.468,0.0643,1,100,1024,838,606345
3679,IMG_20260604_065631.jpg,revisar,3,0.896,0.48,0.0658,1,100,1018,845,620625
3679,IMG_20260604_065632.jpg,revisar,3,0.899,0.489,0.0694,1,100,1126,979,655096
3679,IMG_20260604_065632_1.jpg,revisar,3,0.909,0.486,0.0681,1,100,1049,934,642791
3679,IMG_20260604_065633.jpg,revisar,3,0.916,0.494,0.0697,1,100,1108,870,658001
3679,IMG_20260604_065633_1.jpg,revisar,3,0.906,0.499,0.07,1,101,1037,941,660963
3679,IMG_20260604_065634.jpg,revisar,3,0.89,0.486,0.0664,1,100,1069,864,626613
3679,IMG_20260604_065634_1.jpg,revisar,3,0.912,0.52,0.0682,1,100,1049,864,643527
3679,IMG_20260604_065635.jpg,revisar,4,0.91,0.428,0.0675,1,100,1056,851,637476
3679,IMG_20260604_065635_1.jpg,revisar,3,0.91,0.541,0.0732,1,99,1127,851,690907
3679,IMG_20260604_065636.jpg,revisar,3,0.894,0.511,0.0678,1,99,1056,832,639395
3679,IMG_20260604_065636_1.jpg,revisar,3,0.908,0.478,0.0667,1,100,1044,851,629318
3679,IMG_20260604_065637.jpg,revisar,3,0.913,0.495,0.0653,1,100,1024,838,615966
3679,IMG_20260604_065637_1.jpg,revisar,3,0.908,0.5,0.0679,1,101,1030,998,640490
3679,IMG_20260604_065638.jpg,revisar,3,0.885,0.506,0.069,1,101,1139,838,651478
3679,IMG_20260604_065638_1.jpg,revisar,3,0.915,0.523,0.0688,1,101,1049,858,649264
3679,IMG_20260604_065639.jpg,revisar,3,0.918,0.514,0.069,1,101,1081,928,650700
3679,IMG_20260604_065639_1.jpg,revisar,3,0.913,0.529,0.0719,1,100,1222,845,678776
3679,IMG_20260604_065639_2.jpg,revisar,3,0.906,0.522,0.0697,1,100,1075,845,657317
3679,IMG_20260604_065642.jpg,sin_marcador,3,0.476,0.441,0.342,1,,2074,2535,3227466
3679,IMG_20260604_065643.jpg,revisar,2,0.927,0.609,0.0695,1,100,1049,858,656298
3679,IMG_20260604_065644.jpg,revisar,4,0.911,0.421,0.0645,1,101,1024,883,608899
3679,IMG_20260604_065644_1.jpg,revisar,3,0.905,0.495,0.0683,1,101,1037,909,644164
3681,IMG_20260604_064219.jpg,revisar,4,0.912,0.572,0.0443,0,113,755,1133,418253
3681,IMG_20260604_064221.jpg,revisar,5,0.894,0.607,0.0503,0,119,762,1222,474809
3681,IMG_20260604_064222.jpg,revisar,5,0.875,0.712,0.0498,0,115,742,1203,470412
3681,IMG_20260604_064223.jpg,revisar,4,0.902,0.732,0.049,0,116,762,1177,462422
3681,IMG_20260604_064224.jpg,revisar,4,0.919,0.755,0.0533,0,117,774,1088,502957
3681,IMG_20260604_064224_1.jpg,revisar,3,0.906,0.736,0.0448,0,119,768,909,423252
3681,IMG_20260604_064225.jpg,revisar,4,0.896,0.716,0.045,0,121,762,928,425005
3681,IMG_20260604_064226.jpg,revisar,5,0.902,0.615,0.0449,0,120,761,903,424118
3681,IMG_20260604_064229.jpg,sin_marcador,2,0.947,0.911,0.6458,1,,2098,3417,6049388
3681,IMG_20260604_064232.jpg,revisar,5,0.796,0.641,0.1025,1,118,1139,1197,967182
3682,IMG_20260604_065542.jpg,sin_marcador,3,0.72,0.75,0.4522,1,,2271,2614,4236429
3682,IMG_20260604_065543.jpg,sin_marcador,2,0.91,0.747,0.6261,1,,2277,3493,5865283
3682,IMG_20260604_065545.jpg,revisar,3,0.898,0.425,0.0582,0,134,800,1325,549251
3682,IMG_20260604_065545_1.jpg,revisar,3,0.894,0.414,0.0578,0,131,819,1312,545510
3682,IMG_20260604_065545_2.jpg,revisar,3,0.92,0.415,0.0571,0,130,787,1318,538998
3682,IMG_20260604_065546.jpg,revisar,3,0.941,0.437,0.0566,0,129,775,1299,534195
3682,IMG_20260604_065546_1.jpg,revisar,3,0.94,0.444,0.0577,0,129,781,1318,544199
3682,IMG_20260604_065547.jpg,revisar,3,0.938,0.448,0.056,0,128,819,1305,528720
3682,IMG_20260604_065547_1.jpg,revisar,2,0.931,0.68,0.0571,0,125,806,1312,538762
3682,IMG_20260604_065548.jpg,revisar,3,0.922,0.453,0.0563,0,125,800,1286,531300
3682,IMG_20260604_065548_1.jpg,revisar,3,0.936,0.44,0.0561,0,125,768,1312,529527
3682,IMG_20260604_065549.jpg,revisar,3,0.933,0.449,0.0558,0,125,813,1324,526913
3682,IMG_20260604_065549_1.jpg,revisar,3,0.927,0.45,0.056,0,125,819,1312,528857
3682,IMG_20260604_065550.jpg,revisar,3,0.927,0.46,0.0563,0,124,787,1325,531483
3682,IMG_20260604_065550_1.jpg,revisar,3,0.934,0.454,0.0558,0,125,787,1324,526412
3682,IMG_20260604_065551.jpg,revisar,3,0.921,0.454,0.057,0,125,832,1325,537928
3682,IMG_20260604_065551_1.jpg,revisar,3,0.9,0.431,0.0565,0,124,844,1305,532809
3682,IMG_20260604_065552.jpg,revisar,4,0.909,0.386,0.0561,0,123,838,1318,529509
3682,IMG_20260604_065552_1.jpg,revisar,3,0.908,0.45,0.0559,0,122,825,1319,527239
3682,IMG_20260604_065553.jpg,revisar,3,0.932,0.457,0.0569,0,122,851,1318,537141
3682,IMG_20260604_065553_1.jpg,revisar,3,0.932,0.465,0.0571,0,121,845,1318,538595
3682,IMG_20260604_065554.jpg,revisar,3,0.926,0.475,0.0579,0,122,845,1319,546685
3682,IMG_20260604_065555.jpg,revisar,3,0.938,0.478,0.0566,0,122,793,1344,534317
3682,IMG_20260604_065555_1.jpg,revisar,3,0.938,0.479,0.0564,0,122,807,1337,532574
3682,IMG_20260604_065556.jpg,revisar,3,0.93,0.463,0.0567,0,122,839,1325,534718
3682,IMG_20260604_065556_1.jpg,revisar,3,0.936,0.476,0.0554,0,122,807,1325,523238
3682,IMG_20260604_065557.jpg,revisar,3,0.927,0.454,0.0552,0,122,794,1331,520644
3682,IMG_20260604_065557_1.jpg,revisar,3,0.936,0.463,0.0566,0,121,813,1312,534172
3682,IMG_20260604_065558.jpg,revisar,3,0.937,0.463,0.0571,0,121,826,1286,538911
3682,IMG_20260604_065558_1.jpg,revisar,2,0.933,0.675,0.0545,0,121,819,1229,514257
3682,IMG_20260604_065559.jpg,revisar,2,0.927,0.687,0.0517,0,120,787,1011,487501
3682,IMG_20260604_065559_1.jpg,revisar,3,0.92,0.439,0.049,0,122,781,967,461954
3683,IMG_20260604_064257.jpg,revisar,4,0.744,0.444,0.0916,1,109,1370,1101,864300
3683,IMG_20260604_064258.jpg,revisar,5,0.644,0.44,0.0905,1,110,1370,1024,853664
3683,IMG_20260604_064259.jpg,revisar,5,0.774,0.441,0.1084,1,109,1357,1152,1023306
3683,IMG_20260604_064300.jpg,revisar,4,0.636,0.501,0.1031,1,109,1318,1248,972857
3683,IMG_20260604_064301.jpg,revisar,2,0.905,0.664,0.1095,1,110,1344,1389,1033618
3683_2,IMG_20260604_064328.jpg,revisar,4,0.946,0.485,0.1186,0,193,1184,1639,1118803
3683_2,IMG_20260604_064329.jpg,revisar,4,0.945,0.47,0.1223,0,205,1178,1600,1153708
3683_2,IMG_20260604_064330.jpg,revisar,5,0.943,0.454,0.1218,0,201,1165,1606,1149261
3683_2,IMG_20260604_064331.jpg,revisar,5,0.935,0.455,0.1192,0,207,1158,1594,1125192
3683_2,IMG_20260604_064332.jpg,revisar,6,0.935,0.45,0.1197,0,204,1197,1613,1129585
3683_2,IMG_20260604_064337.jpg,sin_marcador,2,0.8,0.739,0.3483,1,,2257,1957,3262511
3683_2,IMG_20260604_064338.jpg,sin_marcador,2,0.87,0.719,0.4031,1,,2257,2492,3776507
3683_2,IMG_20260604_064339.jpg,sin_marcador,2,0.865,0.845,0.2644,1,,2105,1989,2477256
3683_2,IMG_20260604_064342.jpg,revisar,5,0.94,0.54,0.1344,0,207,1255,1965,1268063
3683_2,IMG_20260604_064343.jpg,revisar,6,0.949,0.447,0.12,0,203,1261,1600,1132195
3683_2,IMG_20260604_064344.jpg,revisar,5,0.952,0.487,0.1193,0,205,1261,1594,1125590
3683_2,IMG_20260604_064344_1.jpg,revisar,5,0.951,0.485,0.12,0,205,1260,1593,1132900
3683_2,IMG_20260604_064345.jpg,revisar,6,0.945,0.433,0.1185,0,205,1248,1580,1118472
3683_3,IMG_20260604_070436.jpg,revisar,3,0.948,0.685,0.1641,0,199,1363,2381,1548329
3683_3,IMG_20260604_070437.jpg,revisar,3,0.948,0.683,0.1648,0,207,1318,2380,1555457
3683_3,IMG_20260604_070437_1.jpg,revisar,3,0.95,0.718,0.1677,0,201,1370,2400,1582177
3683_3,IMG_20260604_070437_2.jpg,revisar,3,0.945,0.712,0.1677,0,201,1363,2394,1583006
3683_3,IMG_20260604_070438.jpg,revisar,3,0.951,0.703,0.1639,0,199,1363,2279,1546461
3683_3,IMG_20260604_070438_1.jpg,revisar,3,0.949,0.685,0.1616,0,199,1319,2246,1525342
3683_3,IMG_20260604_070439.jpg,revisar,3,0.952,0.692,0.1564,0,200,1293,2195,1475906
3683_3,IMG_20260604_070439_1.jpg,revisar,3,0.939,0.683,0.1535,0,202,1280,2067,1448666
3683_3,IMG_20260604_070439_2.jpg,revisar,3,0.94,0.685,0.1543,0,203,1286,2151,1455757
3683_3,IMG_20260604_070440.jpg,revisar,3,0.941,0.659,0.1555,0,203,1287,2208,1467691
3683_3,IMG_20260604_070440_1.jpg,revisar,3,0.935,0.653,0.1566,0,202,1293,2183,1477698
3683_3,IMG_20260604_070441.jpg,revisar,3,0.937,0.68,0.1568,0,204,1287,2176,1480176
3683_3,IMG_20260604_070441_1.jpg,revisar,3,0.94,0.671,0.1545,0,206,1267,2170,1457802
3683_3,IMG_20260604_070441_2.jpg,revisar,3,0.935,0.681,0.1544,0,205,1261,2151,1456770
3683_3,IMG_20260604_070442.jpg,revisar,3,0.944,0.664,0.1569,0,203,1267,2201,1480461
3683_3,IMG_20260604_070442_1.jpg,revisar,3,0.94,0.658,0.159,0,198,1286,2265,1500680
3683_3,IMG_20260604_070442_2.jpg,revisar,3,0.939,0.685,0.1591,0,198,1287,2285,1501596
3683_3,IMG_20260604_070443.jpg,revisar,3,0.941,0.687,0.1601,0,199,1293,2311,1510725
3683_3,IMG_20260604_070446.jpg,sin_marcador,2,0.853,0.809,0.6835,1,,2277,3328,6402889
3685,IMG_20260604_063542.jpg,revisar,3,0.921,0.61,0.0733,0,166,960,1325,691774
3685,IMG_20260604_063544.jpg,lista,1,0.941,1.0,0.0675,0,163,954,1197,636631
3685,IMG_20260604_063546.jpg,revisar,2,0.945,0.804,0.0721,0,163,909,1312,680089
3685,IMG_20260604_063546_1.jpg,lista,1,0.943,1.0,0.0738,0,162,909,1401,696858
3685,IMG_20260604_063547.jpg,revisar,2,0.944,0.807,0.075,0,160,890,1453,707638
3685,IMG_20260604_063548.jpg,revisar,2,0.949,0.812,0.0787,0,159,960,1568,742282
3685,IMG_20260604_063548_1.jpg,revisar,2,0.939,0.791,0.0798,0,159,954,1638,752906
3685,IMG_20260604_063549.jpg,revisar,2,0.947,0.79,0.0809,0,160,973,1600,763436
3685,IMG_20260604_063550.jpg,revisar,2,0.947,0.791,0.0779,0,160,972,1600,735609
3685,IMG_20260604_063551.jpg,revisar,2,0.943,0.788,0.0788,0,159,980,1587,744044
3685,IMG_20260604_063552.jpg,revisar,2,0.942,0.775,0.0791,0,160,973,1568,746779
3685,IMG_20260604_063552_1.jpg,revisar,2,0.942,0.78,0.0782,0,160,973,1594,737542
3685,IMG_20260604_063553.jpg,revisar,2,0.942,0.815,0.0797,0,160,973,1593,751998
3685,IMG_20260604_063555.jpg,lista,1,0.937,1.0,0.089,0,166,1062,1677,839781
3685,IMG_20260604_063556.jpg,revisar,3,0.951,0.739,0.0887,0,186,1044,1696,836857
3685_closeup,IMG_20260604_063615.jpg,sin_vaca,0,,,,,,,,
3685_closeup,IMG_20260604_063617.jpg,sin_vaca,0,,,,,,,,
6502,IMG_20260604_070217.jpg,revisar,6,0.921,0.53,0.109,1,105,947,1344,1029095
6502,IMG_20260604_070221.jpg,revisar,4,0.883,0.379,0.0364,1,109,992,602,343747
6502,IMG_20260604_070222.jpg,revisar,3,0.921,0.421,0.0381,1,110,998,589,359394
6502,IMG_20260604_070222_1.jpg,revisar,4,0.903,0.371,0.0387,1,110,1011,659,365397
6502,IMG_20260604_070223.jpg,revisar,4,0.926,0.338,0.0334,1,107,953,589,315405
6502,IMG_20260604_070223_1.jpg,revisar,4,0.913,0.338,0.0327,1,108,941,621,308526
6502,IMG_20260604_070224.jpg,revisar,4,0.915,0.335,0.0326,1,108,935,602,308071
6502,IMG_20260604_070224_1.jpg,revisar,4,0.912,0.336,0.0324,1,107,953,582,305830
6502,IMG_20260604_070225.jpg,revisar,4,0.887,0.323,0.0317,1,106,1030,538,299366
6502,IMG_20260604_070225_1.jpg,revisar,4,0.928,0.334,0.0305,0,107,659,723,287409
6502,IMG_20260604_070228.jpg,sin_marcador,1,0.955,1.0,0.3908,1,,1735,2454,3660971
6502,IMG_20260604_070228_1.jpg,sin_marcador,1,0.947,1.0,0.424,1,,1753,2716,3971468
6502,IMG_20260604_070229.jpg,sin_marcador,1,0.962,1.0,0.4104,1,,1697,2678,3844242
6502,IMG_20260604_070231.jpg,revisar,4,0.926,0.349,0.0309,0,110,659,780,291257
6502,IMG_20260604_070232.jpg,revisar,2,0.927,0.739,0.0318,0,109,653,787,299822
6502,IMG_20260604_070232_1.jpg,revisar,2,0.933,0.756,0.0321,0,105,646,820,303080
6502,IMG_20260604_070233.jpg,revisar,3,0.923,0.498,0.0322,0,104,653,813,303991
6502,IMG_20260604_070233_1.jpg,revisar,4,0.938,0.363,0.0324,0,98,659,813,306125
6502,IMG_20260604_070234.jpg,revisar,4,0.935,0.412,0.0327,0,99,666,819,308472
6502,IMG_20260604_070234_1.jpg,revisar,2,0.932,0.717,0.0316,0,99,653,812,298262
6502,IMG_20260604_070235.jpg,revisar,3,0.932,0.439,0.0313,0,100,646,800,295617
6502,IMG_20260604_070235_1.jpg,revisar,3,0.936,0.391,0.0318,0,101,633,826,300012
6502,IMG_20260604_070236.jpg,revisar,4,0.939,0.332,0.0309,0,100,660,857,291349
6502,IMG_20260604_070236_1.jpg,revisar,4,0.93,0.376,0.0306,0,97,653,813,288833
6502,IMG_20260604_070236_2.jpg,revisar,4,0.921,0.31,0.0296,0,96,647,774,279290
6502,IMG_20260604_070237.jpg,revisar,4,0.926,0.323,0.0287,0,97,666,762,271168
6590,IMG_20260604_064617.jpg,revisar,4,0.939,0.42,0.0722,0,111,985,1395,681682
6590,IMG_20260604_064621.jpg,revisar,3,0.933,0.459,0.0849,0,131,1018,1600,801157
6590,IMG_20260604_064621_1.jpg,revisar,3,0.934,0.463,0.0867,0,131,1030,1606,818638
6590,IMG_20260604_064622.jpg,revisar,3,0.931,0.458,0.0857,0,131,1031,1581,808720
6590,IMG_20260604_064623.jpg,revisar,3,0.923,0.468,0.0845,0,130,1024,1568,797175
6590,IMG_20260604_064623_1.jpg,revisar,3,0.914,0.419,0.0785,0,131,1037,1357,740651
6590,IMG_20260604_064624.jpg,revisar,4,0.909,0.436,0.0885,0,130,1024,1703,835088
6590,IMG_20260604_064625.jpg,revisar,3,0.934,0.471,0.0875,0,127,1018,1594,825441
6590,IMG_20260604_064625_1.jpg,revisar,3,0.933,0.467,0.0865,0,128,1024,1556,816077
6590,IMG_20260604_064626.jpg,revisar,3,0.936,0.465,0.0866,0,130,1031,1549,817463
6590,IMG_20260604_064627.jpg,revisar,3,0.937,0.457,0.0871,0,129,1024,1561,822319
6590,IMG_20260604_064627_1.jpg,revisar,4,0.463,0.325,0.0854,0,129,1024,1516,805914
6590,IMG_20260604_064628.jpg,revisar,3,0.924,0.465,0.0849,0,129,1018,1517,801516
6590,IMG_20260604_064629.jpg,revisar,3,0.938,0.467,0.086,0,129,1011,1530,811471
6590,IMG_20260604_064630.jpg,revisar,5,0.935,0.428,0.0834,0,131,1024,1485,786740
6590,IMG_20260604_064633.jpg,sin_marcador,2,0.941,0.65,0.502,1,,2284,2869,4702978
6590,IMG_20260604_064633_1.jpg,sin_marcador,2,0.944,0.653,0.501,1,,2290,2907,4692993
6590,IMG_20260604_064637.jpg,revisar,3,0.888,0.462,0.0927,1,135,1331,979,875214
6590,IMG_20260604_064638.jpg,revisar,2,0.94,0.51,0.0836,0,130,1018,1498,789050
6590,IMG_20260604_064639.jpg,revisar,3,0.932,0.448,0.0849,0,132,1030,1511,800863
6590,IMG_20260604_064639_1.jpg,revisar,3,0.883,0.44,0.0827,0,131,1062,1580,780226
6590_2,IMG_20260604_065443.jpg,revisar,5,0.907,0.305,0.0377,0,72,716,966,356117
6590_2,IMG_20260604_065443_1.jpg,revisar,4,0.91,0.323,0.038,0,72,704,992,358590
6590_2,IMG_20260604_065444.jpg,revisar,7,0.914,0.257,0.0394,0,71,691,1063,371485
6590_2,IMG_20260604_065444_1.jpg,revisar,5,0.896,0.315,0.0386,0,72,659,1062,364244
6590_3,IMG_20260604_065500.jpg,revisar,5,0.919,0.302,0.0399,0,69,660,1063,376426
6590_3,IMG_20260604_065501.jpg,revisar,4,0.885,0.336,0.0399,0,68,684,1088,376128
6590_3,IMG_20260604_065501_1.jpg,revisar,4,0.892,0.308,0.0355,0,72,665,883,334734
6590_3,IMG_20260604_065502.jpg,revisar,5,0.893,0.284,0.035,0,71,666,890,330699
6590_3,IMG_20260604_065502_1.jpg,revisar,4,0.913,0.323,0.0361,0,72,640,934,340336
6590_3,IMG_20260604_065503.jpg,revisar,4,0.909,0.324,0.036,0,72,666,909,339781
6590_3,IMG_20260604_065504.jpg,revisar,4,0.909,0.318,0.0353,0,72,634,947,332712
6590_3,IMG_20260604_065504_1.jpg,revisar,5,0.906,0.308,0.0381,0,72,672,960,359232
6590_3,IMG_20260604_065504_2.jpg,revisar,7,0.909,0.273,0.0375,0,71,679,954,353517
6590_3,IMG_20260604_065505.jpg,revisar,7,0.917,0.299,0.0378,0,71,672,973,356423
6590_3,IMG_20260604_065505_1.jpg,revisar,7,0.916,0.267,0.0365,0,69,646,992,343992
6590_3,IMG_20260604_065506.jpg,revisar,4,0.908,0.326,0.0361,0,69,646,1050,341043
6590_3,IMG_20260604_065509.jpg,revisar,6,0.937,0.352,0.2814,1,297,1658,2435,2636495
6679,IMG_20260604_063741.jpg,revisar,4,0.931,0.423,0.057,0,128,851,1344,537510
6679,IMG_20260604_063742.jpg,revisar,3,0.924,0.47,0.0569,0,128,839,1401,536939
6679,IMG_20260604_063743.jpg,revisar,2,0.929,0.536,0.0543,0,128,819,1280,512615
6679,IMG_20260604_063744.jpg,revisar,3,0.944,0.446,0.0569,0,128,838,1331,536922
6679,IMG_20260604_063745.jpg,revisar,4,0.937,0.45,0.0594,0,128,851,1357,561008
6679,IMG_20260604_063745_1.jpg,revisar,3,0.928,0.465,0.057,0,127,845,1376,538082
6679,IMG_20260604_063746.jpg,revisar,3,0.929,0.563,0.0571,0,127,845,1383,538504
6679,IMG_20260604_063747.jpg,revisar,3,0.921,0.482,0.0584,0,126,877,1440,550731
6679,IMG_20260604_063747_1.jpg,revisar,4,0.925,0.419,0.0559,0,126,838,1338,527982
6679,IMG_20260604_063748.jpg,revisar,4,0.933,0.413,0.0552,0,126,819,1338,521136
6679,IMG_20260604_063749.jpg,revisar,4,0.935,0.445,0.0605,0,126,845,1319,571410
6679,IMG_20260604_063749_1.jpg,revisar,4,0.935,0.414,0.0567,0,127,826,1324,534904
6679,IMG_20260604_063750.jpg,revisar,4,0.938,0.435,0.0582,0,127,838,1299,548883
6679,IMG_20260604_063755.jpg,sin_vaca,0,,,,,,,,
6679,IMG_20260604_063802.jpg,revisar,2,0.896,0.687,0.0528,0,124,812,1344,498574
6679,IMG_20260604_063802_1.jpg,revisar,3,0.889,0.585,0.0516,0,124,806,1306,486674
6681,IMG_20260604_063914.jpg,revisar,1,0.881,1.0,0.0293,0,90,563,916,276948
6681,IMG_20260604_063917.jpg,revisar,1,0.881,1.0,0.0285,0,91,557,851,269156
6681,IMG_20260604_063919.jpg,lista,1,0.916,1.0,0.0311,0,93,627,864,293211
6681,IMG_20260604_063919_1.jpg,lista,1,0.925,1.0,0.0325,0,93,627,921,306441
6681,IMG_20260604_063920.jpg,lista,1,0.908,1.0,0.0306,0,91,627,877,288317
6681,IMG_20260604_063927.jpg,revisar,1,0.905,1.0,0.0294,0,88,614,820,277424
6681,IMG_20260604_063927_1.jpg,lista,1,0.86,1.0,0.0304,0,89,621,877,287127
6681,IMG_20260604_063928.jpg,lista,1,0.93,1.0,0.0337,0,89,665,1062,317726
6681,IMG_20260604_063929.jpg,lista,1,0.933,1.0,0.0339,0,88,679,1018,319564
6681,IMG_20260604_063930.jpg,lista,1,0.928,1.0,0.0346,0,89,685,1043,326671
6681,IMG_20260604_063931.jpg,lista,1,0.935,1.0,0.0333,0,89,678,1011,313899
6681,IMG_20260604_063931_1.jpg,lista,1,0.92,1.0,0.0353,0,90,679,1126,333383
6681,IMG_20260604_063932.jpg,lista,1,0.923,1.0,0.0328,0,90,660,967,309895
6681,IMG_20260604_063933.jpg,lista,1,0.919,1.0,0.0328,0,90,672,941,309662
6681,IMG_20260604_063934.jpg,lista,1,0.916,1.0,0.0311,0,90,672,902,293055
6681,IMG_20260604_063934_1.jpg,lista,1,0.9,1.0,0.0314,0,89,659,857,296481
6681,IMG_20260604_063935.jpg,lista,1,0.924,1.0,0.0332,0,88,659,966,313712
6681,IMG_20260604_063936.jpg,lista,1,0.928,1.0,0.0333,0,87,665,979,314332
6681,IMG_20260604_063936_1.jpg,lista,1,0.937,1.0,0.0337,0,86,659,992,317868
6681,IMG_20260604_063942.jpg,sin_marcador,1,0.953,1.0,0.339,1,,2296,1957,3175856
6681,IMG_20260604_063943.jpg,sin_marcador,1,0.932,1.0,0.323,1,,1677,2429,3025338
6684,IMG_20260604_065957.jpg,revisar,5,0.911,0.485,0.089,1,109,1133,1459,839687
6684,IMG_20260604_070000.jpg,revisar,5,0.842,0.327,0.0498,1,81,1171,640,470423
6684,IMG_20260604_070001.jpg,revisar,5,0.804,0.279,0.0451,1,86,787,1139,425459
6684,IMG_20260604_070002.jpg,revisar,4,0.856,0.415,0.06,1,88,960,1107,566335
6684,IMG_20260604_070003.jpg,revisar,3,0.707,0.494,0.0613,1,88,972,1120,578679
6684,IMG_20260604_070003_1.jpg,revisar,4,0.852,0.406,0.0582,1,85,883,1107,549471
6684,IMG_20260604_070004.jpg,revisar,5,0.932,0.391,0.0631,1,84,940,1190,595059
6684,IMG_20260604_070005.jpg,revisar,5,0.52,0.393,0.0639,1,82,979,1203,602993
6684,IMG_20260604_070005_1.jpg,revisar,5,0.939,0.394,0.0626,1,80,928,1197,590581
6684,IMG_20260604_070008.jpg,revisar,6,0.859,0.301,0.0549,1,93,935,1050,517739
6684,IMG_20260604_070009.jpg,revisar,5,0.912,0.352,0.0583,1,96,941,1030,550571
6684,IMG_20260604_070013.jpg,revisar,6,0.914,0.27,0.0545,1,125,877,1069,514739
6684,IMG_20260604_070018.jpg,revisar,5,0.922,0.295,0.0578,0,137,839,1216,545222
6684,IMG_20260604_070019.jpg,revisar,6,0.922,0.295,0.0609,0,140,864,1203,574703
6684,IMG_20260604_070019_1.jpg,revisar,6,0.923,0.288,0.0583,0,133,851,1216,550656
6684,IMG_20260604_070020.jpg,revisar,6,0.923,0.299,0.0603,0,136,857,1222,568796
6684,IMG_20260604_070020_1.jpg,revisar,5,0.934,0.364,0.0606,1,137,934,1146,571478
6684,IMG_20260604_070021.jpg,revisar,6,0.933,0.297,0.0589,1,137,877,1120,555840
6684,IMG_20260604_070022.jpg,revisar,6,0.927,0.293,0.0584,0,140,845,1184,551522
6684,IMG_20260604_070022_1.jpg,revisar,6,0.901,0.259,0.052,0,135,864,954,490418
6684,IMG_20260604_070023.jpg,revisar,5,0.906,0.288,0.0561,0,135,870,1043,529218
6684,IMG_20260604_070023_1.jpg,revisar,5,0.892,0.35,0.0592,0,136,877,1101,558749
6690,IMG_20260604_070356.jpg,revisar,2,0.929,0.522,0.0688,1,119,1171,1203,648945
6690,IMG_20260604_070356_1.jpg,revisar,2,0.933,0.552,0.078,1,121,1229,1261,735878
6690,IMG_20260604_070357.jpg,revisar,3,0.895,0.498,0.0763,1,121,1299,1203,719862
6690,IMG_20260604_070357_1.jpg,revisar,3,0.928,0.525,0.0754,1,125,1331,1190,711396
6690,IMG_20260604_070358.jpg,revisar,3,0.932,0.52,0.0829,1,128,1273,1222,782161
6690,IMG_20260604_070358_1.jpg,revisar,2,0.925,0.595,0.0921,1,129,1216,1338,869180
6690,IMG_20260604_070359.jpg,revisar,2,0.937,0.626,0.099,1,126,1191,1408,934191
6690,IMG_20260604_070359_1.jpg,revisar,3,0.941,0.588,0.1023,1,126,1126,1440,965585
6690,IMG_20260604_070400.jpg,revisar,2,0.924,0.636,0.1052,1,127,1139,1414,992895
6690,IMG_20260604_070401.jpg,revisar,2,0.906,0.633,0.1062,1,125,1120,1389,1002534
6690,IMG_20260604_070401_1.jpg,revisar,2,0.917,0.652,0.1089,1,129,1146,1414,1027470
6690,IMG_20260604_070401_2.jpg,revisar,3,0.923,0.642,0.112,1,127,1165,1542,1056648
6690,IMG_20260604_070402.jpg,revisar,5,0.945,0.55,0.113,1,132,1197,1555,1066781
6690,IMG_20260604_070404.jpg,revisar,4,0.952,0.417,0.0662,1,130,1191,1056,624895
6690,IMG_20260604_070404_1.jpg,revisar,2,0.953,0.54,0.0747,1,133,1178,1114,704545
6690,IMG_20260604_070405.jpg,revisar,4,0.946,0.481,0.0886,1,135,1236,1203,836014
6690,IMG_20260604_070405_1.jpg,revisar,2,0.955,0.611,0.1003,1,140,1191,1350,946729
6690,IMG_20260604_070406.jpg,revisar,2,0.949,0.635,0.103,1,138,1254,1363,972279
6690,IMG_20260604_070406_1.jpg,revisar,3,0.943,0.559,0.104,1,138,1306,1370,981098
6690,IMG_20260604_070406_2.jpg,revisar,3,0.942,0.543,0.1033,1,138,1274,1421,975307
6690,IMG_20260604_070411.jpg,revisar,4,0.881,0.427,0.0693,1,145,1363,704,654278
6690,IMG_20260604_070412.jpg,revisar,4,0.947,0.493,0.0836,1,137,1069,1210,788881
6690,IMG_20260604_070413.jpg,revisar,4,0.94,0.485,0.0828,1,137,1101,1267,781801
6690,IMG_20260604_070415.jpg,revisar,3,0.799,0.482,0.0643,0,132,935,1222,606656
6690,IMG_20260604_070416.jpg,revisar,3,0.939,0.484,0.0716,1,135,1261,1152,675434
6690,IMG_20260604_070417.jpg,revisar,3,0.936,0.482,0.0722,1,134,1286,1152,681477
6690,IMG_20260604_070417_1.jpg,revisar,3,0.917,0.444,0.0647,1,133,1254,1107,610811
6690,IMG_20260604_070418.jpg,revisar,3,0.913,0.493,0.075,1,135,1280,1171,707815
6690,IMG_20260604_070418_1.jpg,revisar,3,0.921,0.493,0.0784,1,134,1273,1210,739613
6690,IMG_20260604_070419.jpg,revisar,3,0.896,0.495,0.0803,1,135,1293,1210,757907
6690,IMG_20260604_070419_1.jpg,revisar,3,0.928,0.523,0.0847,1,136,1280,1261,799234
6690,IMG_20260604_070420.jpg,revisar,3,0.91,0.527,0.0857,1,136,1286,1254,808693
6690,IMG_20260604_070420_1.jpg,revisar,3,0.924,0.52,0.0879,1,135,1255,1261,829976
6690,IMG_20260604_070420_2.jpg,revisar,4,0.918,0.529,0.0913,1,135,1280,1312,861242
6690,IMG_20260604_070421.jpg,revisar,3,0.851,0.545,0.0929,1,134,1255,1344,876896
6690,IMG_20260604_070422.jpg,revisar,3,0.906,0.539,0.0955,1,136,1274,1350,901221
6690,IMG_20260604_070422_1.jpg,revisar,3,0.936,0.518,0.0951,1,135,1255,1357,897807
6690,IMG_20260604_070423.jpg,revisar,4,0.918,0.481,0.0958,1,135,1287,1363,904289
6690,IMG_20260604_070423_1.jpg,revisar,3,0.899,0.547,0.0953,1,134,1287,1363,899213
6690,IMG_20260604_070424.jpg,revisar,3,0.932,0.544,0.0958,1,133,1319,1363,903711
6690,IMG_20260604_070424_1.jpg,revisar,2,0.874,0.831,0.0959,1,133,1319,1376,905234
6690,IMG_20260604_070424_2.jpg,revisar,3,0.913,0.543,0.0962,1,133,1299,1389,907952
6690,IMG_20260604_070425.jpg,revisar,3,0.902,0.547,0.0966,1,132,1338,1408,911419
6690,IMG_20260604_070425_1.jpg,revisar,3,0.87,0.548,0.0928,1,131,1370,1350,876061
6690,IMG_20260604_070426.jpg,revisar,2,0.928,0.606,0.0945,1,132,1357,1395,892127
6690,IMG_20260604_070426_1.jpg,revisar,2,0.94,0.614,0.0954,1,134,1344,1370,900021
6690,IMG_20260604_070426_2.jpg,revisar,3,0.941,0.559,0.094,1,134,1357,1350,887288
6690,IMG_20260604_070427.jpg,revisar,3,0.943,0.564,0.0942,1,134,1344,1370,889374
6693,IMG_20260604_070313.jpg,revisar,3,0.915,0.56,0.0822,0,208,1191,1376,775399
6693,IMG_20260604_070317.jpg,revisar,3,0.929,0.619,0.09,0,181,1132,1562,849110
6693,IMG_20260604_070318.jpg,revisar,5,0.93,0.489,0.0885,0,187,1140,1472,835651
6693,IMG_20260604_070318_1.jpg,revisar,4,0.935,0.484,0.0748,0,190,1140,1223,706338
6693,IMG_20260604_070319.jpg,revisar,4,0.924,0.479,0.0762,0,193,1133,1210,718659
6693,IMG_20260604_070321.jpg,revisar,5,0.939,0.469,0.0776,0,189,1139,1267,731979
6693,IMG_20260604_070322.jpg,revisar,3,0.936,0.626,0.0919,0,184,1171,1568,867194
6693,IMG_20260604_070323.jpg,revisar,3,0.876,0.609,0.099,0,190,1293,1638,934642
6693,IMG_20260604_070323_1.jpg,revisar,5,0.89,0.507,0.094,0,189,1165,1606,886833
6693,IMG_20260604_070324.jpg,revisar,5,0.934,0.515,0.0945,0,189,1159,1574,892129
6693,IMG_20260604_070324_1.jpg,revisar,4,0.869,0.572,0.0936,0,186,1152,1600,883576
6693,IMG_20260604_070324_2.jpg,revisar,4,0.889,0.601,0.0934,0,185,1152,1593,881799
6693,IMG_20260604_070325.jpg,revisar,4,0.916,0.607,0.0939,0,185,1113,1542,886363
6693,IMG_20260604_070325_1.jpg,revisar,5,0.914,0.498,0.091,0,186,1178,1415,858757
6693,IMG_20260604_070325_2.jpg,revisar,4,0.878,0.505,0.0883,0,187,1178,1344,832994
6693,IMG_20260604_070326.jpg,revisar,4,0.907,0.54,0.0794,0,185,1159,1164,749723
6693,IMG_20260604_070327.jpg,revisar,5,0.883,0.482,0.0834,0,187,1158,1248,786892
6693,IMG_20260604_070327_1.jpg,revisar,5,0.911,0.483,0.0885,0,187,1190,1332,835538
6693,IMG_20260604_070328.jpg,revisar,6,0.906,0.465,0.0861,0,186,1152,1318,812635
6693,IMG_20260604_070328_1.jpg,revisar,5,0.914,0.478,0.088,0,187,1113,1370,830593
6693,IMG_20260604_070329.jpg,revisar,4,0.924,0.494,0.0886,0,188,1158,1370,836084
6693,IMG_20260604_070329_1.jpg,revisar,4,0.92,0.453,0.0813,0,189,1171,1191,767546
6693,IMG_20260604_070329_2.jpg,revisar,4,0.904,0.48,0.0833,0,190,1165,1261,786429
6693,IMG_20260604_070330.jpg,revisar,4,0.916,0.491,0.0874,0,191,1184,1312,824978
6693,IMG_20260604_070330_1.jpg,revisar,4,0.935,0.492,0.0891,0,190,1171,1338,840982
6693,IMG_20260604_070331.jpg,revisar,4,0.924,0.469,0.0877,0,192,1165,1312,828011
6693,IMG_20260604_070331_1.jpg,revisar,5,0.929,0.45,0.0881,0,192,1094,1331,831729
6693,IMG_20260604_070332.jpg,revisar,4,0.916,0.484,0.0955,0,192,1159,1504,901309
6693,IMG_20260604_070332_1.jpg,revisar,4,0.926,0.48,0.0939,0,193,1126,1587,886376
6693,IMG_20260604_070332_2.jpg,revisar,5,0.931,0.473,0.0943,0,193,1158,1664,890181
6693,IMG_20260604_070333.jpg,revisar,6,0.935,0.445,0.0948,0,194,1171,1696,894290
6693,IMG_20260604_070333_1.jpg,revisar,6,0.938,0.493,0.0951,0,192,1165,1709,897524
6693,IMG_20260604_070334.jpg,revisar,5,0.881,0.484,0.0917,0,191,1158,1587,865661
6693,IMG_20260604_070334_1.jpg,revisar,4,0.897,0.462,0.0803,0,192,1101,1165,757617
6693,IMG_20260604_070334_2.jpg,revisar,4,0.917,0.472,0.0831,0,191,1177,1344,784593
6693,IMG_20260604_070335.jpg,revisar,5,0.931,0.503,0.093,0,192,1164,1639,877483
6693,IMG_20260604_070335_1.jpg,revisar,5,0.861,0.593,0.0946,0,193,1178,1690,892925
6693,IMG_20260604_070336.jpg,revisar,5,0.857,0.531,0.0969,0,191,1158,1798,914731
6693,IMG_20260604_070336_1.jpg,revisar,4,0.787,0.619,0.0989,0,190,1146,1728,933097
6693,IMG_20260604_070336_2.jpg,revisar,5,0.843,0.606,0.0999,0,189,1145,1722,943191
6693,IMG_20260604_070337.jpg,revisar,6,0.911,0.526,0.1006,0,189,1145,1715,949116
6693,IMG_20260604_070337_1.jpg,revisar,4,0.658,0.659,0.1033,0,188,1158,1843,975160
6693,IMG_20260604_070338.jpg,revisar,5,0.744,0.597,0.102,0,188,1216,1856,962634
6693,IMG_20260604_070338_1.jpg,revisar,6,0.849,0.494,0.0978,0,188,1152,1696,922532
6693,IMG_20260604_070338_2.jpg,revisar,3,0.725,0.694,0.1055,0,188,1267,1895,996058
6693,IMG_20260604_070339.jpg,revisar,1,0.704,1.0,0.1002,0,186,1152,1689,945992
6693,IMG_20260604_070339_1.jpg,sin_vaca,0,,,,,,,,
6693,IMG_20260604_070339_2.jpg,revisar,4,0.867,0.538,0.1036,0,184,1126,1772,977964
6693,IMG_20260604_070340.jpg,revisar,1,0.545,1.0,0.1039,0,185,1171,1818,980431
6693,IMG_20260604_070340_1.jpg,revisar,3,0.687,0.851,0.1002,0,184,1171,1779,945510
6693,IMG_20260604_070341.jpg,revisar,4,0.87,0.583,0.1004,0,183,1165,1760,947878
6693,IMG_20260604_070341_1.jpg,revisar,5,0.484,0.384,0.1097,0,183,1165,2343,1034999
6697,IMG_20260604_065045.jpg,revisar,4,0.902,0.426,0.0777,1,132,1107,1095,732956
6697,IMG_20260604_065048.jpg,revisar,3,0.88,0.395,0.0602,0,172,852,1255,568256
6697,IMG_20260604_065049.jpg,revisar,4,0.912,0.35,0.0579,0,177,851,1241,546137
6697,IMG_20260604_065049_1.jpg,revisar,4,0.922,0.382,0.0611,0,180,851,1273,576498
6697,IMG_20260604_065050.jpg,revisar,4,0.932,0.354,0.0589,0,202,909,1267,556177
6697,IMG_20260604_065051.jpg,revisar,4,0.912,0.361,0.0562,0,218,941,1203,530730
6697,IMG_20260604_065055.jpg,revisar,4,0.933,0.439,0.0559,0,139,851,1228,527437
6697,IMG_20260604_065056.jpg,revisar,3,0.934,0.509,0.0555,0,154,806,1242,523849
6697,IMG_20260604_065056_1.jpg,revisar,3,0.901,0.629,0.06,0,146,806,1268,566458
6699,IMG_20260604_064713.jpg,revisar,5,0.914,0.469,0.0916,0,200,1133,1594,864550
6699,IMG_20260604_064714.jpg,revisar,6,0.894,0.421,0.0929,0,176,1146,1588,876772
6699,IMG_20260604_064714_1.jpg,revisar,5,0.884,0.413,0.0894,0,164,1120,1638,843235
6699,IMG_20260604_064715.jpg,revisar,5,0.9,0.42,0.0836,0,167,1171,1376,789056
6699,IMG_20260604_064716.jpg,revisar,5,0.924,0.415,0.0822,0,165,1178,1331,775466
6699,IMG_20260604_064716_1.jpg,revisar,5,0.901,0.422,0.0813,0,166,1139,1369,766934
6699,IMG_20260604_064716_2.jpg,revisar,7,0.911,0.364,0.0867,0,166,1146,1459,818523
6699,IMG_20260604_064717.jpg,revisar,5,0.917,0.433,0.0889,0,168,1133,1594,838569
6699,IMG_20260604_064717_1.jpg,revisar,4,0.877,0.534,0.0883,0,168,1113,1632,833361
6699,IMG_20260604_064718.jpg,revisar,5,0.872,0.451,0.0888,0,169,1133,1664,837898
6699,IMG_20260604_064718_1.jpg,revisar,5,0.901,0.451,0.0876,0,169,1146,1574,827003
6699,IMG_20260604_064719.jpg,revisar,6,0.884,0.444,0.0898,0,171,1094,1511,847392
6699,IMG_20260604_064720.jpg,revisar,7,0.879,0.401,0.0935,0,170,1127,1599,881982
6699,IMG_20260604_064720_1.jpg,revisar,5,0.874,0.477,0.0888,0,170,1145,1593,838333
6699,IMG_20260604_064720_2.jpg,revisar,5,0.878,0.463,0.0876,0,170,1146,1575,826829
6699,IMG_20260604_064721.jpg,revisar,5,0.886,0.473,0.0888,0,171,1145,1607,837616
6699,IMG_20260604_064721_1.jpg,revisar,5,0.877,0.465,0.0887,0,171,1133,1568,836611
6699,IMG_20260604_064722.jpg,revisar,5,0.887,0.471,0.0866,0,171,1140,1575,816886
6699,IMG_20260604_064722_1.jpg,revisar,5,0.874,0.466,0.0908,0,171,1139,1594,856554
6699,IMG_20260604_064722_2.jpg,revisar,5,0.874,0.465,0.0893,0,172,1152,1619,842732
6699,IMG_20260604_064723.jpg,revisar,5,0.889,0.467,0.0898,0,172,1139,1644,847647
6699,IMG_20260604_064723_1.jpg,revisar,5,0.888,0.471,0.0901,0,171,1107,1607,850742
6699,IMG_20260604_064723_2.jpg,revisar,5,0.866,0.461,0.0866,0,174,1145,1575,816926
6699,IMG_20260604_064724.jpg,revisar,4,0.882,0.48,0.089,0,173,1133,1587,839464
6699,IMG_20260604_064724_1.jpg,revisar,5,0.886,0.441,0.0887,0,173,1145,1594,837270
6699,IMG_20260604_064729.jpg,sin_marcador,2,0.854,0.717,0.4527,1,,2194,2984,4240420
6699,IMG_20260604_064736.jpg,revisar,5,0.901,0.405,0.0864,0,197,1171,1575,814948
6699,IMG_20260604_064737.jpg,revisar,5,0.888,0.423,0.0946,0,197,1178,1593,893185
6699,IMG_20260604_064737_1.jpg,revisar,5,0.9,0.434,0.0926,0,207,1171,1549,874029
6699,IMG_20260604_064738.jpg,revisar,5,0.903,0.427,0.0918,0,222,1171,1548,866505
6699,IMG_20260604_064745.jpg,revisar,4,0.902,0.51,0.1219,0,230,1209,1837,1150277
6699,IMG_20260604_064749.jpg,sin_vaca,0,,,,,,,,
6699,IMG_20260604_064753.jpg,sin_marcador,2,0.564,0.619,0.2748,1,,2086,2161,2573857
6699,IMG_20260604_064754.jpg,sin_marcador,1,0.798,1.0,0.4982,1,,2200,2913,4666533
6699,IMG_20260604_064755.jpg,sin_marcador,1,0.698,1.0,0.5836,1,,2264,3327,5466716
6700,IMG_20260604_070504.jpg,revisar,4,0.472,0.51,0.0681,1,100,1024,1030,642938
6700,IMG_20260604_070505.jpg,revisar,5,0.464,0.422,0.0655,1,100,1018,1427,618177
6700,IMG_20260604_070505_1.jpg,revisar,3,0.92,0.551,0.0356,0,103,717,883,335564
6700,IMG_20260604_070506.jpg,revisar,3,0.936,0.542,0.0353,0,104,717,909,332869
6700,IMG_20260604_070506_1.jpg,revisar,2,0.938,0.625,0.0365,0,103,723,915,344418
6700,IMG_20260604_070506_2.jpg,revisar,2,0.909,0.624,0.0343,0,101,730,883,324033
6700,IMG_20260604_070507.jpg,revisar,2,0.872,0.582,0.0292,0,100,716,691,275321
6700,IMG_20260604_070507_1.jpg,revisar,2,0.711,0.6,0.029,0,102,723,652,273413
6700,IMG_20260604_070507_2.jpg,revisar,2,0.888,0.618,0.031,0,101,730,736,292358
6700,IMG_20260604_070508.jpg,revisar,2,0.839,0.649,0.0352,0,100,730,877,332366
6700,IMG_20260604_070508_1.jpg,revisar,2,0.899,0.647,0.0362,0,101,730,928,341302
6700,IMG_20260604_070508_2.jpg,revisar,3,0.928,0.605,0.0385,0,98,724,972,362921
6700,IMG_20260604_070509.jpg,revisar,3,0.925,0.611,0.0378,0,97,711,960,356482
6700,IMG_20260604_070509_1.jpg,revisar,4,0.923,0.576,0.037,0,99,717,903,349546
6700,IMG_20260604_070510.jpg,revisar,4,0.918,0.572,0.0368,0,100,704,890,346941
6700,IMG_20260604_070510_1.jpg,revisar,4,0.904,0.554,0.0357,0,97,710,896,336854
6700,IMG_20260604_070511.jpg,revisar,5,0.924,0.397,0.037,0,97,716,915,349049
6700,IMG_20260604_070511_1.jpg,revisar,4,0.909,0.379,0.036,0,97,710,889,339359
6700,IMG_20260604_070511_2.jpg,revisar,5,0.881,0.433,0.0491,1,98,1197,832,463826
6700,IMG_20260604_070512.jpg,revisar,5,0.864,0.461,0.0551,1,99,1241,902,520053
6700,IMG_20260604_070512_1.jpg,revisar,5,0.898,0.478,0.0597,1,98,1260,960,563673
6700,IMG_20260604_070512_2.jpg,revisar,4,0.857,0.512,0.0628,1,97,1255,954,592649
6700,IMG_20260604_070513.jpg,revisar,5,0.899,0.499,0.064,1,96,1248,973,603557
6700,IMG_20260604_070513_1.jpg,revisar,5,0.919,0.506,0.0663,1,97,1274,1024,626060
6700,IMG_20260604_070514.jpg,revisar,5,0.885,0.594,0.0806,1,97,1331,1242,760639
6700,IMG_20260604_070514_1.jpg,revisar,3,0.948,0.654,0.0853,1,98,1344,1235,804909
6700,IMG_20260604_070514_2.jpg,revisar,3,0.878,0.651,0.0823,1,97,1331,1248,776767
6700,IMG_20260604_070515.jpg,revisar,5,0.915,0.551,0.075,1,97,1363,934,708144
6700,IMG_20260604_070515_1.jpg,revisar,5,0.906,0.552,0.0768,1,98,1331,1050,724947
6700,IMG_20260604_070517.jpg,revisar,3,0.943,0.672,0.1034,1,111,1216,1517,976075
6700,IMG_20260604_070518.jpg,revisar,3,0.944,0.67,0.1027,1,109,1235,1434,969138
6700,IMG_20260604_070518_1.jpg,revisar,3,0.94,0.666,0.1,1,108,1242,1395,943478
6700,IMG_20260604_070518_2.jpg,revisar,3,0.94,0.653,0.1032,1,110,1254,1446,973749
6700,IMG_20260604_070519.jpg,revisar,4,0.936,0.644,0.1041,1,110,1248,1440,982060
6700,IMG_20260604_070519_1.jpg,revisar,3,0.931,0.662,0.1019,1,110,1223,1395,961504
6700,IMG_20260604_070520.jpg,revisar,4,0.945,0.639,0.1015,1,110,1229,1376,957438
6700,IMG_20260604_070520_1.jpg,revisar,4,0.946,0.65,0.1019,1,110,1235,1357,961825
6700,IMG_20260604_070520_2.jpg,revisar,3,0.948,0.676,0.1036,1,110,1268,1325,977717
6700,IMG_20260604_070521.jpg,revisar,3,0.947,0.665,0.1009,1,110,1274,1325,951809
6700,IMG_20260604_070521_1.jpg,revisar,3,0.951,0.667,0.1023,1,109,1261,1338,965630
6700,IMG_20260604_070522.jpg,revisar,3,0.951,0.661,0.1034,1,111,1261,1338,976165
6700,IMG_20260604_070522_1.jpg,revisar,3,0.949,0.657,0.1038,1,111,1268,1331,979772
6700,IMG_20260604_070522_2.jpg,revisar,3,0.949,0.669,0.1055,1,111,1287,1344,995802
6700,IMG_20260604_070523.jpg,revisar,3,0.947,0.669,0.1046,1,111,1287,1363,987262
6700,IMG_20260604_070523_1.jpg,revisar,4,0.941,0.648,0.1032,1,110,1261,1376,973477
6700,IMG_20260604_070524.jpg,revisar,4,0.947,0.66,0.1034,1,111,1255,1331,976149
6700,IMG_20260604_070524_1.jpg,revisar,3,0.949,0.679,0.1024,1,112,1236,1331,966646
6700,IMG_20260604_070524_2.jpg,revisar,3,0.942,0.699,0.1057,1,112,1241,1331,997151
6700,IMG_20260604_070525.jpg,revisar,4,0.946,0.67,0.1044,1,111,1268,1299,985439
6700,IMG_20260604_070525_1.jpg,revisar,4,0.945,0.681,0.102,1,111,1242,1229,962451
6700,IMG_20260604_070526.jpg,revisar,4,0.909,0.663,0.1007,1,114,1261,1139,949877
6700,IMG_20260604_070526_1.jpg,revisar,4,0.914,0.659,0.0989,1,114,1255,1152,933740
6700,IMG_20260604_070526_2.jpg,revisar,4,0.92,0.658,0.1022,1,115,1268,1203,964928
6703,IMG_20260604_063437.jpg,revisar,3,0.925,0.646,0.0671,0,140,1037,1248,633315
6703,IMG_20260604_063438.jpg,revisar,2,0.932,0.71,0.0796,0,127,948,1562,751541
6703,IMG_20260604_063439.jpg,revisar,2,0.937,0.77,0.0958,0,135,985,1939,904439
6703_2,IMG_20260604_063820.jpg,revisar,2,0.951,0.837,0.0671,0,133,941,1401,633224
6703_2,IMG_20260604_063821.jpg,revisar,2,0.947,0.845,0.0675,0,118,890,1414,636578
6703_2,IMG_20260604_063822.jpg,lista,1,0.928,1.0,0.0681,0,105,915,1498,642601
6703_2,IMG_20260604_063822_1.jpg,lista,1,0.923,1.0,0.0527,0,126,966,941,497439
6703_2,IMG_20260604_063824.jpg,lista,1,0.941,1.0,0.0616,0,116,909,1286,580865
6703_2,IMG_20260604_063825.jpg,lista,1,0.947,1.0,0.0559,0,123,909,1120,527555
6703_2,IMG_20260604_063826.jpg,lista,1,0.923,1.0,0.0563,0,128,922,1056,530973
6703_2,IMG_20260604_063827.jpg,lista,1,0.924,1.0,0.051,0,127,922,948,481369
6703_2,IMG_20260604_063827_1.jpg,lista,1,0.918,1.0,0.0559,0,124,928,1145,527138
6703_2,IMG_20260604_063828.jpg,lista,1,0.921,1.0,0.0592,0,122,915,1268,558947
6703_2,IMG_20260604_063829.jpg,lista,1,0.875,1.0,0.0598,0,119,941,1268,564645
6703_2,IMG_20260604_063829_1.jpg,revisar,1,0.668,1.0,0.0617,0,121,941,1267,582595
6703_2,IMG_20260604_063830.jpg,lista,1,0.925,1.0,0.0597,0,119,934,1267,563105
6703_2,IMG_20260604_063831.jpg,lista,1,0.939,1.0,0.0591,0,120,928,1254,557628
6703_2,IMG_20260604_063832.jpg,revisar,1,0.772,1.0,0.0601,0,120,947,1286,567331
6703_2,IMG_20260604_063833.jpg,revisar,1,0.454,1.0,0.06,0,122,947,1344,566561
6703_2,IMG_20260604_063833_1.jpg,revisar,1,0.67,1.0,0.0608,0,121,947,1344,574108
6703_2,IMG_20260604_063834.jpg,lista,1,0.93,1.0,0.0615,0,119,953,1350,580273
6703_2,IMG_20260604_063838.jpg,sin_marcador,1,0.727,1.0,0.4946,1,,2238,2639,4633078
6703_3,IMG_20260604_064052.jpg,revisar,2,0.9,0.862,0.1209,1,157,1587,1708,1141050
6703_3,IMG_20260604_064054.jpg,revisar,2,0.873,0.84,0.1203,1,158,1434,1651,1135273
6703_3,IMG_20260604_064055.jpg,revisar,2,0.813,0.833,0.1194,0,159,1414,1657,1126601
6703_3,IMG_20260604_064055_1.jpg,revisar,1,0.689,1.0,0.1146,0,158,1389,1626,1081725
6703_3,IMG_20260604_064056.jpg,lista,1,0.898,1.0,0.1175,0,158,1440,1625,1109305
6703_3,IMG_20260604_064057.jpg,lista,1,0.89,1.0,0.1222,0,160,1414,1677,1153143
6703_3,IMG_20260604_064058.jpg,revisar,1,0.87,1.0,0.1244,1,157,1536,1799,1174102
6703_3,IMG_20260604_064102.jpg,revisar,1,0.927,1.0,0.1501,1,157,1612,2240,1416619
6703_3,IMG_20260604_064102_1.jpg,revisar,2,0.871,0.953,0.1517,1,158,1606,2220,1431971
6703_3,IMG_20260604_064103.jpg,revisar,1,0.902,1.0,0.1458,1,158,1575,2093,1375528
6703_3,IMG_20260604_064104.jpg,revisar,1,0.892,1.0,0.1392,1,159,1587,1959,1313616
6703_3,IMG_20260604_064108.jpg,sin_vaca,0,,,,,,,,
6705,IMG_20260604_070123.jpg,revisar,4,0.924,0.683,0.0627,0,155,877,1203,592028
6705,IMG_20260604_070123_1.jpg,revisar,4,0.884,0.566,0.034,0,170,909,570,320502
6705,IMG_20260604_070127.jpg,revisar,2,0.934,0.509,0.0718,0,206,928,1402,677428
6705,IMG_20260604_070127_1.jpg,revisar,4,0.941,0.617,0.0689,0,159,934,1369,650584
6705,IMG_20260604_070128.jpg,revisar,5,0.94,0.529,0.067,0,154,935,1408,632528
6705,IMG_20260604_070128_1.jpg,revisar,4,0.932,0.7,0.0764,0,142,915,1625,720928
6705,IMG_20260604_070129.jpg,revisar,5,0.94,0.592,0.0701,0,147,908,1440,661981
6705,IMG_20260604_070129_1.jpg,revisar,3,0.944,0.74,0.0722,0,144,915,1440,681689
6705,IMG_20260604_070130.jpg,revisar,4,0.937,0.608,0.0747,0,146,909,1485,704685
6705,IMG_20260604_070130_1.jpg,revisar,4,0.933,0.57,0.0711,0,148,922,1446,670894
6705,IMG_20260604_070130_2.jpg,revisar,5,0.942,0.514,0.0707,0,148,909,1408,667267
6705,IMG_20260604_070131.jpg,revisar,3,0.919,0.493,0.0629,0,147,889,1293,593946
6705,IMG_20260604_070131_1.jpg,revisar,3,0.924,0.509,0.0709,1,146,1498,896,669531
6705,IMG_20260604_070131_2.jpg,revisar,4,0.919,0.434,0.0685,0,146,941,1452,646285
6705,IMG_20260604_070132.jpg,revisar,4,0.936,0.431,0.0691,1,147,1395,1024,652001
6705,IMG_20260604_070132_1.jpg,revisar,3,0.933,0.455,0.0719,1,146,1440,1056,678852
6705,IMG_20260604_070132_2.jpg,revisar,4,0.928,0.453,0.0758,1,145,1472,1056,714935
6705,IMG_20260604_070134.jpg,revisar,5,0.929,0.445,0.0755,0,167,973,1478,712282
6705,IMG_20260604_070135.jpg,revisar,4,0.93,0.451,0.0725,0,178,1351,1127,684421
6705,IMG_20260604_070135_1.jpg,revisar,6,0.92,0.398,0.0784,0,179,992,1479,740292
6705,IMG_20260604_070136.jpg,revisar,5,0.939,0.443,0.0755,0,184,973,1466,712555
6705,IMG_20260604_070137.jpg,revisar,6,0.918,0.385,0.075,0,185,1005,1459,707847
6705,IMG_20260604_070137_1.jpg,revisar,6,0.93,0.386,0.0748,0,180,986,1472,706094
6705,IMG_20260604_070137_2.jpg,revisar,5,0.93,0.412,0.0756,0,175,979,1460,713087
6705,IMG_20260604_070138.jpg,revisar,6,0.939,0.396,0.0747,0,173,992,1459,704905
6705,IMG_20260604_070138_1.jpg,revisar,6,0.934,0.404,0.0738,0,173,979,1460,696927
6705,IMG_20260604_070138_2.jpg,revisar,6,0.937,0.394,0.0744,0,172,973,1453,702464
6705,IMG_20260604_070139.jpg,revisar,6,0.935,0.391,0.0733,0,169,980,1459,691729
6705,IMG_20260604_070139_1.jpg,revisar,5,0.936,0.408,0.074,0,168,986,1465,698228
6705,IMG_20260604_070139_2.jpg,revisar,5,0.929,0.408,0.0746,0,168,999,1453,703989
6705,IMG_20260604_070140.jpg,revisar,6,0.928,0.386,0.075,0,169,1024,1453,708155
6705,IMG_20260604_070140_1.jpg,revisar,5,0.932,0.422,0.0742,0,167,960,1453,700158
6705,IMG_20260604_070140_2.jpg,revisar,5,0.932,0.416,0.0744,0,167,992,1453,702396
6705,IMG_20260604_070141.jpg,revisar,6,0.935,0.4,0.0735,0,167,967,1434,694086
6705,IMG_20260604_070149.jpg,revisar,4,0.892,0.401,0.066,0,156,1350,1037,622508
6705,IMG_20260604_070150.jpg,revisar,4,0.918,0.49,0.0736,1,155,1363,1094,694334
6705,IMG_20260604_070150_1.jpg,revisar,4,0.902,0.402,0.0668,0,155,1312,941,630223
6705,IMG_20260604_070151.jpg,revisar,5,0.911,0.369,0.0665,0,153,1331,921,627401
6705,IMG_20260604_070151_1.jpg,revisar,5,0.89,0.378,0.0651,0,156,1299,916,614683
6705,IMG_20260604_070152.jpg,revisar,5,0.671,0.384,0.0668,0,157,889,1447,629959
6705,IMG_20260604_070152_1.jpg,revisar,6,0.87,0.372,0.0652,0,161,1319,922,615119
6706,IMG_20260604_065420.jpg,revisar,6,0.881,0.209,0.0304,1,82,966,685,287257
6706,IMG_20260604_065421.jpg,revisar,5,0.886,0.236,0.0305,0,82,640,890,287467
6706,IMG_20260604_065422.jpg,revisar,4,0.894,0.31,0.0321,0,82,627,954,303033
6706,IMG_20260604_065422_1.jpg,revisar,6,0.796,0.23,0.0332,1,80,819,787,313017
6706,IMG_20260604_065423.jpg,revisar,4,0.814,0.289,0.0349,1,79,819,800,329408
6706,IMG_20260604_065423_1.jpg,revisar,6,0.865,0.235,0.0337,1,78,825,800,318277
6706,IMG_20260604_065425.jpg,revisar,4,0.86,0.291,0.0306,0,79,615,806,288704
6706,IMG_20260604_065425_1.jpg,revisar,4,0.873,0.379,0.0379,0,79,698,863,357304
6706,IMG_20260604_065426.jpg,revisar,5,0.877,0.279,0.035,0,78,634,890,330695
6706,IMG_20260604_065426_1.jpg,revisar,5,0.905,0.29,0.0369,0,77,627,928,348571
6706,IMG_20260604_065427.jpg,revisar,5,0.886,0.302,0.0355,0,76,628,940,334944
6706,IMG_20260604_065427_1.jpg,revisar,5,0.869,0.291,0.0333,0,75,621,947,314543
6706,IMG_20260604_065428.jpg,revisar,6,0.909,0.256,0.0358,0,74,614,947,337591
6706,IMG_20260604_065428_1.jpg,revisar,6,0.88,0.258,0.034,0,74,621,973,320698
6706,IMG_20260604_065428_2.jpg,revisar,5,0.879,0.303,0.0339,0,73,628,967,319934
6706,IMG_20260604_065429.jpg,revisar,6,0.879,0.263,0.0361,0,73,665,972,340976
6706,IMG_20260604_065429_1.jpg,revisar,5,0.855,0.321,0.0365,0,73,665,1018,344257
6706,IMG_20260604_065429_2.jpg,revisar,6,0.844,0.258,0.0337,1,72,615,806,317795
6706,IMG_20260604_065430.jpg,revisar,6,0.884,0.267,0.0345,0,72,620,966,325785
6706,IMG_20260604_065430_1.jpg,revisar,7,0.901,0.23,0.0355,1,72,736,838,334583
6706,IMG_20260604_065433.jpg,revisar,3,0.899,0.51,0.3002,1,333,2021,2442,2812066
6706,IMG_20260604_065434.jpg,revisar,2,0.906,0.538,0.3612,1,332,2123,2289,3383954
6706,IMG_20260604_065435.jpg,revisar,2,0.928,0.561,0.3768,1,340,2155,2295,3529829
6706,IMG_20260604_065450.jpg,revisar,5,0.92,0.307,0.0409,0,83,679,1081,385971
6706,IMG_20260604_065451.jpg,revisar,6,0.89,0.305,0.0425,0,81,697,1158,401340
7259,IMG_20260604_065718.jpg,revisar,7,0.917,0.751,0.2971,1,166,1907,2803,2803505
7259,IMG_20260604_065719.jpg,revisar,4,0.913,0.782,0.2787,1,176,1613,2713,2630437
7259,IMG_20260604_065720.jpg,revisar,4,0.926,0.807,0.2695,1,158,1408,3040,2542856
7259,IMG_20260604_065721.jpg,revisar,5,0.918,0.761,0.2727,1,163,1447,3008,2573751
7259,IMG_20260604_065721_1.jpg,revisar,5,0.94,0.792,0.2903,1,169,1453,3117,2739499
7259,IMG_20260604_065723.jpg,revisar,5,0.891,0.79,0.2756,0,163,1702,2976,2601163
7259,IMG_20260604_065723_1.jpg,revisar,5,0.926,0.811,0.2779,0,170,1812,3027,2622429
7259,IMG_20260604_065724.jpg,revisar,5,0.918,0.82,0.2648,0,165,1792,2944,2498980
7259,IMG_20260604_065725.jpg,revisar,4,0.896,0.833,0.2679,0,164,1728,3002,2528667
7259,IMG_20260604_065725_1.jpg,revisar,5,0.777,0.804,0.2649,0,161,1715,2951,2499742
7259,IMG_20260604_065726.jpg,revisar,5,0.903,0.8,0.2697,0,163,1734,2912,2545327
7259,IMG_20260604_065726_1.jpg,revisar,4,0.895,0.835,0.2715,0,166,1741,3008,2562345
7259,IMG_20260604_065726_2.jpg,revisar,4,0.904,0.838,0.2719,0,165,1728,3015,2565696
7259,IMG_20260604_065727.jpg,revisar,4,0.942,0.834,0.2775,0,164,1625,3180,2618789
7259,IMG_20260604_065728.jpg,revisar,6,0.914,0.784,0.2763,0,169,1664,2644,2607185
7259,IMG_20260604_065729.jpg,revisar,4,0.94,0.816,0.2794,0,175,1671,3079,2636449
7259,IMG_20260604_065729_1.jpg,revisar,4,0.927,0.832,0.2812,0,172,1632,3149,2653916
7259,IMG_20260604_065730.jpg,revisar,3,0.943,0.839,0.2674,0,174,1632,2823,2523410
7260,IMG_20260604_064948.jpg,revisar,4,0.814,0.646,0.0707,0,154,1101,1376,666975
7260,IMG_20260604_064949.jpg,revisar,5,0.91,0.52,0.0642,0,151,1127,967,605926
7260,IMG_20260604_064953.jpg,revisar,4,0.926,0.642,0.0714,0,144,1152,1216,673839
7260,IMG_20260604_064954.jpg,revisar,3,0.917,0.757,0.0745,0,127,1101,1389,703386
7260,IMG_20260604_064955.jpg,revisar,3,0.91,0.743,0.0747,0,117,1107,1388,704961
7260,IMG_20260604_064956.jpg,lista,1,0.915,1.0,0.0809,0,112,1120,1427,763907
7260,IMG_20260604_064956_1.jpg,lista,2,0.91,0.887,0.0782,0,111,1113,1427,737738
7260,IMG_20260604_064957.jpg,lista,2,0.924,0.877,0.077,0,115,1133,1414,726803
7260,IMG_20260604_064957_1.jpg,lista,2,0.909,0.885,0.0768,0,111,1107,1414,724420
7260,IMG_20260604_064958.jpg,lista,2,0.923,0.917,0.0769,0,98,1114,1395,725635
7260,IMG_20260604_064959.jpg,lista,2,0.899,0.874,0.0749,0,90,1114,1395,707213
7260,IMG_20260604_064959_1.jpg,revisar,3,0.892,0.833,0.0749,0,88,1107,1370,706867
7260_2,IMG_20260604_065009.jpg,sin_marcador,1,0.93,1.0,0.0946,0,,1107,1689,892347
7260_2,IMG_20260604_065011.jpg,lista,1,0.922,1.0,0.0771,0,141,998,1511,727391
7260_2,IMG_20260604_065012.jpg,lista,1,0.935,1.0,0.0831,0,142,1017,1491,784218
7260_2,IMG_20260604_065012_1.jpg,lista,1,0.93,1.0,0.0828,0,143,1017,1536,781718
7260_2,IMG_20260604_065013.jpg,lista,1,0.933,1.0,0.0831,0,143,1024,1542,784247
7260_2,IMG_20260604_065013_1.jpg,lista,1,0.944,1.0,0.0867,0,144,1030,1543,817891
7260_2,IMG_20260604_065014.jpg,lista,1,0.935,1.0,0.0864,0,147,1024,1607,815179
7260_2,IMG_20260604_065014_1.jpg,lista,1,0.936,1.0,0.0851,0,143,1024,1575,803181
7260_2,IMG_20260604_065014_2.jpg,lista,1,0.924,1.0,0.0773,0,141,1056,1267,729252
7260_2,IMG_20260604_065015.jpg,lista,1,0.945,1.0,0.0789,0,140,1094,1197,744629
7260_2,IMG_20260604_065015_1.jpg,lista,1,0.937,1.0,0.0852,0,139,1011,1568,804044
7260_2,IMG_20260604_065016.jpg,lista,1,0.918,1.0,0.0878,0,142,1011,1581,828753
7260_2,IMG_20260604_065016_1.jpg,lista,1,0.931,1.0,0.0869,0,143,1011,1613,820389
7260_2,IMG_20260604_065016_2.jpg,lista,1,0.941,1.0,0.0877,0,149,1011,1645,827875
7260_2,IMG_20260604_065019.jpg,sin_marcador,1,0.951,1.0,0.4531,1,,2264,2760,4244722
7269,IMG_20260604_065913.jpg,revisar,7,0.87,0.286,0.0392,0,98,832,826,369978
7269,IMG_20260604_065915.jpg,revisar,6,0.852,0.273,0.0431,0,121,692,1018,406655
7269,IMG_20260604_065917.jpg,revisar,5,0.752,0.306,0.0462,0,116,685,1261,435656
7269,IMG_20260604_065918.jpg,revisar,5,0.853,0.301,0.0438,0,116,825,896,413741
7269,IMG_20260604_065918_1.jpg,revisar,4,0.792,0.303,0.0468,0,120,864,979,442006
7269,IMG_20260604_065919.jpg,revisar,4,0.795,0.304,0.0452,0,122,838,915,426760
7269,IMG_20260604_065919_1.jpg,revisar,6,0.823,0.276,0.0483,1,121,839,1075,456217
7269,IMG_20260604_065920.jpg,revisar,7,0.911,0.283,0.0512,0,119,806,1190,483553
7269,IMG_20260604_065920_1.jpg,revisar,5,0.899,0.318,0.0524,0,120,806,1197,494341
7269,IMG_20260604_065921.jpg,revisar,4,0.886,0.328,0.0506,0,120,800,1204,477694
7269,IMG_20260604_065921_1.jpg,revisar,7,0.893,0.311,0.0533,0,121,787,1229,503305
7269,IMG_20260604_065922.jpg,revisar,6,0.885,0.317,0.0503,0,120,762,1248,474589
7269,IMG_20260604_065922_1.jpg,revisar,7,0.882,0.304,0.0519,0,120,768,1254,489447
7269,IMG_20260604_065922_2.jpg,revisar,7,0.911,0.297,0.0516,0,119,788,1267,487098
7269,IMG_20260604_065923.jpg,revisar,5,0.905,0.3,0.0516,0,121,775,1280,486651
7269,IMG_20260604_065923_1.jpg,revisar,5,0.903,0.297,0.0525,0,121,781,1292,495024
7269,IMG_20260604_065923_2.jpg,revisar,5,0.9,0.34,0.0536,0,121,812,1357,505570
7269,IMG_20260604_065924.jpg,revisar,6,0.899,0.31,0.0531,0,120,812,1331,500867
7269,IMG_20260604_065924_1.jpg,revisar,5,0.901,0.362,0.0555,0,118,768,1382,523532
7269,IMG_20260604_065925.jpg,revisar,5,0.892,0.366,0.0544,0,119,761,1388,513279
7269,IMG_20260604_065925_1.jpg,revisar,4,0.898,0.389,0.0531,0,119,768,1318,500973
7269,IMG_20260604_065925_2.jpg,revisar,5,0.903,0.363,0.0527,0,118,787,1318,496926
7269,IMG_20260604_065926.jpg,revisar,6,0.913,0.316,0.0518,0,119,756,1312,489166
7269,IMG_20260604_065926_1.jpg,revisar,6,0.916,0.32,0.0511,0,118,724,1312,482412
7269,IMG_20260604_065926_2.jpg,revisar,5,0.897,0.338,0.053,0,119,762,1306,499958
7269,IMG_20260604_065927.jpg,revisar,4,0.885,0.364,0.0528,0,119,743,1299,498010
7269,IMG_20260604_065927_1.jpg,revisar,5,0.885,0.345,0.0528,0,119,755,1306,498710
7269,IMG_20260604_065928.jpg,revisar,6,0.876,0.331,0.0535,0,119,787,1338,505340
7269,IMG_20260604_065931.jpg,sin_marcador,5,0.692,0.478,0.4933,1,,1843,3768,4621139
7269,IMG_20260604_065932.jpg,sin_marcador,3,0.918,0.851,0.5158,1,,1831,3889,4831852
7269,IMG_20260604_065932_1.jpg,sin_marcador,3,0.92,0.603,0.5151,1,,1965,3806,4825140
7898,IMG_20260604_065745.jpg,revisar,3,0.911,0.508,0.1027,0,105,1094,1677,969027
7898,IMG_20260604_065746.jpg,revisar,2,0.934,0.585,0.1007,0,99,1133,1715,950462
7898,IMG_20260604_065746_1.jpg,revisar,3,0.893,0.583,0.0985,0,100,1101,1753,929361
7898,IMG_20260604_065747.jpg,revisar,2,0.932,0.61,0.0984,0,102,1088,1747,928653
7898,IMG_20260604_065747_1.jpg,revisar,3,0.926,0.541,0.1007,0,100,1107,1760,950620
7898,IMG_20260604_065748.jpg,revisar,3,0.91,0.553,0.1045,0,100,1139,1805,986241
7898,IMG_20260604_065749.jpg,revisar,2,0.929,0.596,0.0983,0,100,1101,1722,927747
7898,IMG_20260604_065749_1.jpg,revisar,2,0.924,0.626,0.1077,0,99,1152,1760,1016727
7898,IMG_20260604_065750.jpg,revisar,2,0.918,0.602,0.0991,0,100,1107,1766,935188
7898,IMG_20260604_065750_1.jpg,revisar,3,0.934,0.568,0.1007,0,99,1088,1772,950058
7898,IMG_20260604_065751.jpg,revisar,2,0.903,0.613,0.103,0,99,1095,1792,971710
7898,IMG_20260604_065752.jpg,revisar,2,0.895,0.588,0.1031,0,99,1101,1818,972829
7898,IMG_20260604_065753.jpg,revisar,2,0.891,0.614,0.1045,0,99,1101,1805,986371
7898,IMG_20260604_065753_1.jpg,revisar,2,0.92,0.6,0.1019,0,98,1101,1843,962019
7898,IMG_20260604_065753_2.jpg,revisar,2,0.906,0.588,0.1,0,99,1094,1837,943435
7898,IMG_20260604_065754.jpg,revisar,2,0.936,0.602,0.1037,0,98,1095,1812,979033
7898,IMG_20260604_065755.jpg,revisar,3,0.921,0.517,0.0936,0,98,1094,1574,882999
7898,IMG_20260604_065755_1.jpg,revisar,2,0.916,0.601,0.0942,0,98,1095,1632,888948
7898,IMG_20260604_065758.jpg,sin_marcador,1,0.93,1.0,0.5709,1,,2277,3487,5348192
7898,IMG_20260604_065758_1.jpg,sin_marcador,1,0.908,1.0,0.5602,1,,2257,3290,5247972
7898,IMG_20260604_065800.jpg,revisar,2,0.923,0.598,0.1007,0,95,1139,1683,950112
7898,IMG_20260604_065800_1.jpg,revisar,2,0.93,0.608,0.104,0,96,1152,1715,981250
7898,IMG_20260604_065801.jpg,revisar,3,0.918,0.574,0.098,0,96,1120,1741,924820
7898,IMG_20260604_065801_1.jpg,revisar,3,0.925,0.543,0.102,0,96,1120,1728,962317
7898,IMG_20260604_065802.jpg,revisar,2,0.941,0.608,0.0994,0,97,1114,1709,938447
7898,IMG_20260604_065802_1.jpg,revisar,2,0.927,0.596,0.1013,0,97,1120,1722,956397
7898,IMG_20260604_065803.jpg,revisar,2,0.93,0.585,0.1004,0,97,1095,1735,947222
7898,IMG_20260604_065804.jpg,revisar,2,0.925,0.589,0.1013,0,97,1094,1734,955846
7898,IMG_20260604_065804_1.jpg,revisar,2,0.922,0.601,0.1034,0,97,1120,1747,975943
7898,IMG_20260604_065805.jpg,revisar,3,0.915,0.535,0.1004,0,98,1088,1741,947359
7898,IMG_20260604_065805_1.jpg,revisar,2,0.91,0.579,0.098,0,96,1108,1703,924546
7911,IMG_20260604_065354.jpg,revisar,5,0.941,0.379,0.0774,1,104,953,1286,730410
7911,IMG_20260604_065354_1.jpg,revisar,4,0.95,0.455,0.0828,1,105,953,1325,781736
7911,IMG_20260604_065355.jpg,revisar,2,0.946,0.55,0.0837,1,104,973,1344,789608
7911,IMG_20260604_065356.jpg,revisar,2,0.935,0.509,0.0779,1,103,973,1267,735334
7911,IMG_20260604_065356_1.jpg,revisar,4,0.949,0.424,0.0792,1,103,967,1286,747696
7911,IMG_20260604_065357.jpg,revisar,3,0.943,0.491,0.0794,1,103,967,1286,749773
7911,IMG_20260604_065357_1.jpg,revisar,3,0.946,0.491,0.08,1,103,960,1306,754728
7911,IMG_20260604_065358.jpg,revisar,3,0.942,0.48,0.0792,1,102,973,1274,747163
7911,IMG_20260604_065358_1.jpg,revisar,2,0.942,0.536,0.0778,1,102,992,1274,734505
7911,IMG_20260604_065358_2.jpg,revisar,2,0.937,0.525,0.0778,1,101,992,1286,734508
7911,IMG_20260604_065359.jpg,revisar,3,0.933,0.468,0.0767,1,102,966,1274,723804
7911,IMG_20260604_065359_1.jpg,revisar,2,0.934,0.508,0.0771,1,102,1024,1293,727917
7911,IMG_20260604_065359_2.jpg,revisar,2,0.922,0.514,0.0785,1,102,1012,1350,741195
7911,IMG_20260604_065400.jpg,revisar,2,0.939,0.533,0.0794,1,103,999,1395,749376
7911,IMG_20260604_065400_1.jpg,revisar,2,0.944,0.521,0.0802,1,102,1024,1414,756521
7911,IMG_20260604_065400_2.jpg,revisar,2,0.947,0.534,0.0795,1,102,1018,1402,750216
7911,IMG_20260604_065401.jpg,revisar,3,0.95,0.466,0.0789,1,100,986,1414,744226
7911,IMG_20260604_065401_1.jpg,revisar,2,0.951,0.545,0.0786,1,102,1018,1421,741418
7911,IMG_20260604_065401_2.jpg,revisar,3,0.953,0.469,0.0787,1,102,1011,1434,742278
7911,IMG_20260604_065402.jpg,revisar,3,0.95,0.472,0.0798,1,103,1024,1446,752718
7911,IMG_20260604_065402_1.jpg,revisar,3,0.944,0.467,0.0792,1,102,999,1440,747509
7911,IMG_20260604_065407.jpg,sin_marcador,3,0.651,0.378,0.4111,1,,2213,3175,3851036
7915,IMG_20260604_065331.jpg,revisar,6,0.528,0.312,0.0385,0,93,679,1152,363548
7915,IMG_20260604_065333.jpg,revisar,6,0.5,0.256,0.0282,0,93,704,838,265717
7915,IMG_20260604_065333_1.jpg,revisar,6,0.732,0.245,0.029,0,94,666,717,273972
7915,IMG_20260604_065334.jpg,revisar,5,0.766,0.442,0.0502,0,94,697,1126,473742
7915,IMG_20260604_065335.jpg,revisar,6,0.799,0.357,0.0503,0,94,653,1120,474797
7915,IMG_20260604_065335_1.jpg,revisar,6,0.903,0.322,0.0414,0,90,672,1101,391024
7915,IMG_20260604_065336.jpg,revisar,6,0.923,0.319,0.0417,0,91,640,1165,393132
7915,IMG_20260604_065336_1.jpg,revisar,4,0.919,0.389,0.0414,0,91,640,1184,390813
7915,IMG_20260604_065337.jpg,revisar,5,0.927,0.336,0.0444,0,92,627,1248,418811
7915,IMG_20260604_065337_1.jpg,revisar,6,0.903,0.325,0.0454,0,86,621,1440,428782
7915,IMG_20260604_065338.jpg,revisar,6,0.885,0.314,0.043,0,84,621,1216,405414
7915,IMG_20260604_065338_1.jpg,revisar,5,0.87,0.289,0.0354,0,84,640,1017,333946
7915,IMG_20260604_065339.jpg,revisar,5,0.845,0.338,0.045,0,84,640,1210,424410
7915,IMG_20260604_065339_1.jpg,revisar,4,0.859,0.413,0.0422,0,81,640,1171,397783
7915,IMG_20260604_065340.jpg,revisar,6,0.89,0.257,0.037,0,82,640,1120,348735
7915,IMG_20260604_065340_1.jpg,revisar,5,0.86,0.309,0.0374,0,82,634,1075,352874
7915,IMG_20260604_065341.jpg,revisar,6,0.91,0.274,0.0362,0,82,653,1069,341889
7915,IMG_20260604_065341_1.jpg,revisar,7,0.908,0.254,0.0363,0,82,666,1107,342195
7915,IMG_20260604_065342.jpg,revisar,6,0.907,0.258,0.0349,0,82,640,1024,329045
7915,IMG_20260604_065342_1.jpg,revisar,6,0.931,0.243,0.0346,0,81,621,1024,326643
7915,IMG_20260604_065345.jpg,sin_marcador,3,0.929,0.717,0.4814,1,,2193,2964,4509885
7916,IMG_20260604_065311.jpg,revisar,6,0.917,0.469,0.0786,0,178,1063,1510,741932
7916,IMG_20260604_065312.jpg,revisar,4,0.942,0.465,0.0766,0,170,1024,1459,723073
7916,IMG_20260604_065312_1.jpg,revisar,6,0.94,0.423,0.0778,0,167,1068,1466,734627
7916,IMG_20260604_065313.jpg,revisar,4,0.934,0.49,0.0783,0,163,1049,1472,738484
7916,IMG_20260604_065314.jpg,revisar,4,0.939,0.475,0.0781,0,171,1024,1479,736607
7916,IMG_20260604_065314_1.jpg,revisar,5,0.938,0.459,0.0789,0,168,1094,1478,744238
7916,IMG_20260604_065314_2.jpg,revisar,4,0.937,0.483,0.0792,0,170,1095,1472,747298
7916,IMG_20260604_065315.jpg,revisar,5,0.938,0.372,0.079,0,171,1082,1466,745069
7916,IMG_20260604_065315_1.jpg,revisar,5,0.941,0.464,0.0788,0,169,1082,1472,743683
7916,IMG_20260604_065315_2.jpg,revisar,4,0.94,0.524,0.0792,0,168,1062,1511,747121
7916,IMG_20260604_065316.jpg,revisar,5,0.929,0.48,0.079,0,165,1075,1497,745793
7916,IMG_20260604_065317.jpg,revisar,5,0.929,0.485,0.0731,0,166,1095,1369,690053
7916,IMG_20260604_065317_1.jpg,revisar,6,0.921,0.408,0.0677,0,167,1081,1114,638783
7916,IMG_20260604_065318.jpg,revisar,5,0.909,0.467,0.072,0,172,1050,1254,679232
7916,IMG_20260604_065318_1.jpg,revisar,6,0.932,0.433,0.0761,0,172,1062,1363,718086
7916,IMG_20260604_065319.jpg,revisar,6,0.938,0.44,0.0774,0,166,967,1420,730281
7916,IMG_20260604_065319_1.jpg,revisar,5,0.933,0.48,0.07,0,160,948,1363,660894
7916,IMG_20260604_065320.jpg,revisar,5,0.935,0.474,0.0677,0,157,922,1337,638754
7916,IMG_20260604_065320_1.jpg,revisar,5,0.934,0.471,0.0655,0,156,876,1395,617754
7916,IMG_20260604_065321.jpg,revisar,4,0.932,0.502,0.0683,0,154,877,1428,644578
7916,IMG_20260604_065321_1.jpg,revisar,4,0.937,0.473,0.0688,0,140,896,1395,649548
7916,IMG_20260604_065322.jpg,revisar,3,0.937,0.524,0.0685,0,132,864,1382,646189
7916,IMG_20260604_065322_1.jpg,revisar,5,0.944,0.455,0.0679,0,132,858,1370,640452
7916,IMG_20260604_065323.jpg,revisar,4,0.942,0.525,0.0672,0,134,864,1369,634182
7916,IMG_20260604_065323_1.jpg,revisar,5,0.94,0.472,0.0693,0,136,877,1382,654374
7916,IMG_20260604_065323_2.jpg,revisar,5,0.943,0.42,0.0688,0,146,871,1421,649512
7916,IMG_20260604_065324.jpg,revisar,5,0.936,0.474,0.0689,0,153,871,1427,650222
7916,IMG_20260604_065327.jpg,sin_marcador,3,0.918,0.766,0.5956,1,,2290,3366,5579072
