qid,stratum,cow_id,n_gt,n_det,marker,marker_id,marker_side_px,marker_in_gt0_bbox,oraculo__iou_max,oraculo__ok,oraculo__sel,area__sel,area__ok,area__iou,area__cambia,marcador_dist__sel,marcador_dist__ok,marcador_dist__iou,marcador_dist__cambia,centro_x__sel,centro_x__ok,centro_x__iou,centro_x__cambia,franja_0__sel,franja_0__ok,franja_0__iou,franja_0__cambia,franja_1__sel,franja_1__ok,franja_1__iou,franja_1__cambia,franja_2__sel,franja_2__ok,franja_2__iou,franja_2__cambia
5_06_perla,facil,PERLA,1,2,0,,,,0.9355,1,0,0,1,0.9355,0,0,1,0.9355,0,0,1,0.9355,0,0,1,0.9355,0,0,1,0.9355,0,0,1,0.9355,0
5_06_odra,facil,ODRA,1,2,1,0,43,0,0.9301,1,0,0,1,0.9301,0,1,0,0.0,1,1,0,0.0,1,0,1,0.9301,0,1,0,0.0,1,1,0,0.0,1
5_06_mariquita,facil,MARIQUITA,1,1,1,0,53,0,0.9171,1,0,0,1,0.9171,0,0,1,0.9171,0,0,1,0.9171,0,0,1,0.9171,0,0,1,0.9171,0,0,1,0.9171,0
5_06_martita,facil,MARTITA,1,1,1,0,55,0,0.9096,1,0,0,1,0.9096,0,0,1,0.9096,0,0,1,0.9096,0,0,1,0.9096,0,0,1,0.9096,0,0,1,0.9096,0
5_06_lubianca,facil,LUBIANCA,1,1,1,0,53,0,0.9175,1,0,0,1,0.9175,0,0,1,0.9175,0,0,1,0.9175,0,0,1,0.9175,0,0,1,0.9175,0,0,1,0.9175,0
5_06_oscarina,facil,OSCARINA,1,1,1,0,51,0,0.9044,1,0,0,1,0.9044,0,0,1,0.9044,0,0,1,0.9044,0,0,1,0.9044,0,0,1,0.9044,0,0,1,0.9044,0
5_06_cristy,facil,CRISTY,1,2,1,0,49,0,0.9239,1,0,0,1,0.9239,0,0,1,0.9239,0,1,0,0.0,1,0,1,0.9239,0,0,1,0.9239,0,0,1,0.9239,0
5_06_selena,facil,SELENA,1,1,1,0,57,0,0.9397,1,0,0,1,0.9397,0,0,1,0.9397,0,0,1,0.9397,0,0,1,0.9397,0,0,1,0.9397,0,0,1,0.9397,0
5_06_nohelia,facil,NOHELIA,1,1,1,0,60,0,0.9226,1,0,0,1,0.9226,0,0,1,0.9226,0,0,1,0.9226,0,0,1,0.9226,0,0,1,0.9226,0,0,1,0.9226,0
5_06_martinica,facil,MARTINICA,1,1,1,0,41,0,0.9316,1,0,0,1,0.9316,0,0,1,0.9316,0,0,1,0.9316,0,0,1,0.9316,0,0,1,0.9316,0,0,1,0.9316,0
5_06_ford,facil,FORD,1,1,1,0,59,0,0.9242,1,0,0,1,0.9242,0,0,1,0.9242,0,0,1,0.9242,0,0,1,0.9242,0,0,1,0.9242,0,0,1,0.9242,0
5_06_zafiro,facil,ZAFIRO,1,2,1,0,52,0,0.9212,1,0,0,1,0.9212,0,0,1,0.9212,0,1,0,0.0,1,0,1,0.9212,0,0,1,0.9212,0,0,1,0.9212,0
5_06_chiquita,facil,CHIQUITA,1,1,1,0,56,0,0.9274,1,0,0,1,0.9274,0,0,1,0.9274,0,0,1,0.9274,0,0,1,0.9274,0,0,1,0.9274,0,0,1,0.9274,0
5_06_nohemi,facil,NOHEMI,1,1,1,0,55,0,0.9222,1,0,0,1,0.9222,0,0,1,0.9222,0,0,1,0.9222,0,0,1,0.9222,0,0,1,0.9222,0,0,1,0.9222,0
5_06_karina,facil,KARINA,1,2,1,0,58,0,0.9356,1,0,0,1,0.9356,0,1,0,0.0,1,1,0,0.0,1,0,1,0.9356,0,1,0,0.0,1,1,0,0.0,1
burst_ambar_01,media,AMBAR,5,6,1,0,176,0,0.916,1,0,0,1,0.916,0,2,0,0.0049,1,3,0,0.0,1,3,0,0.0,1,3,0,0.0,1,3,0,0.0,1
burst_ambar_02,media,AMBAR,5,4,1,0,165,0,0.8386,1,0,0,1,0.8386,0,3,0,0.0,1,3,0,0.0,1,3,0,0.0,1,3,0,0.0,1,3,0,0.0,1
burst_ambar_03,media,AMBAR,5,5,1,0,171,0,0.8832,1,0,0,1,0.8832,0,2,0,0.0,1,2,0,0.0,1,2,0,0.0,1,4,0,0.0026,1,4,0,0.0026,1
burst_estrellita_01,media,ESTRELLITA,5,5,1,0,151,0,0.813,1,0,0,1,0.813,0,4,0,0.0,1,4,0,0.0,1,4,0,0.0,1,4,0,0.0,1,4,0,0.0,1
burst_estrellita_02,media,ESTRELLITA,4,3,1,0,117,0,0.8778,1,0,0,1,0.8778,0,1,0,0.0,1,1,0,0.0,1,0,1,0.8778,0,1,0,0.0,1,1,0,0.0,1
burst_estrellita_03,media,ESTRELLITA,5,2,1,0,98,0,0.8398,1,0,0,1,0.8398,0,0,1,0.8398,0,0,1,0.8398,0,0,1,0.8398,0,0,1,0.8398,0,0,1,0.8398,0
burst_taty_01,media,TATY,8,4,1,0,155,0,0.8725,1,0,0,1,0.8725,0,0,1,0.8725,0,0,1,0.8725,0,0,1,0.8725,0,0,1,0.8725,0,0,1,0.8725,0
burst_taty_02,media,TATY,11,4,1,0,154,0,0.8886,1,0,0,1,0.8886,0,2,0,0.0001,1,2,0,0.0001,1,0,1,0.8886,0,0,1,0.8886,0,0,1,0.8886,0
burst_nahomi_01,media,NAHOMI,7,3,1,0,109,0,0.8551,1,0,2,0,0.0002,0,1,0,0.0062,1,1,0,0.0062,1,1,0,0.0062,1,1,0,0.0062,1,1,0,0.0062,1
burst_nahomi_02,media,NAHOMI,6,5,1,0,109,0,0.8509,1,0,2,0,0.0,0,4,0,0.0,1,4,0,0.0,1,4,0,0.0,1,4,0,0.0,1,4,0,0.0,1
burst_karina_01,media,KARINA,2,2,1,0,157,0,0.9124,1,0,0,1,0.9124,0,0,1,0.9124,0,0,1,0.9124,0,0,1,0.9124,0,0,1,0.9124,0,0,1,0.9124,0
burst_karina_02,media,KARINA,2,2,1,0,159,0,0.9249,1,0,0,1,0.9249,0,0,1,0.9249,0,0,1,0.9249,0,0,1,0.9249,0,0,1,0.9249,0,0,1,0.9249,0
burst_odra_01,media,ODRA,2,2,1,0,156,0,0.9111,1,0,0,1,0.9111,0,0,1,0.9111,0,0,1,0.9111,0,0,1,0.9111,0,0,1,0.9111,0,0,1,0.9111,0
12_06_anita,media,ANITA,2,1,1,0,83,0,0.9329,1,0,0,1,0.9329,0,0,1,0.9329,0,0,1,0.9329,0,0,1,0.9329,0,0,1,0.9329,0,0,1,0.9329,0
12_06_damita,media,DAMITA,1,1,1,0,96,0,0.94,1,0,0,1,0.94,0,0,1,0.94,0,0,1,0.94,0,0,1,0.94,0,0,1,0.94,0,0,1,0.94,0
12_06_karina,dificil,KARINA,1,1,1,0,102,0,0.9436,1,0,0,1,0.9436,0,0,1,0.9436,0,0,1,0.9436,0,0,1,0.9436,0,0,1,0.9436,0,0,1,0.9436,0
12_06_oscarina,dificil,OSCARINA,1,1,1,0,84,0,0.9291,1,0,0,1,0.9291,0,0,1,0.9291,0,0,1,0.9291,0,0,1,0.9291,0,0,1,0.9291,0,0,1,0.9291,0
12_06_diagira,dificil,DIAGIRA,1,2,1,0,97,1,0.9287,1,0,0,1,0.9287,0,0,1,0.9287,0,0,1,0.9287,0,0,1,0.9287,0,0,1,0.9287,0,0,1,0.9287,0
12_06_lubianca,dificil,LUBIANCA,2,2,1,0,96,0,0.9423,1,0,0,1,0.9423,0,1,0,0.0011,1,1,0,0.0011,1,0,1,0.9423,0,1,0,0.0011,1,0,1,0.9423,0
12_06_mafer,dificil,MAFER,2,2,1,0,89,0,0.9147,1,0,0,1,0.9147,0,0,1,0.9147,0,0,1,0.9147,0,0,1,0.9147,0,0,1,0.9147,0,0,1,0.9147,0
12_06_chaparrita,dificil,CHAPARRITA,2,1,1,0,100,0,0.9195,1,0,0,1,0.9195,0,0,1,0.9195,0,0,1,0.9195,0,0,1,0.9195,0,0,1,0.9195,0,0,1,0.9195,0
12_06_zafiro,dificil,ZAFIRO,2,2,1,0,96,0,0.9451,1,0,0,1,0.9451,0,1,0,0.0009,1,1,0,0.0009,1,0,1,0.9451,0,1,0,0.0009,1,0,1,0.9451,0
12_06_selena,dificil,SELENA,1,2,1,0,81,1,0.9472,1,0,0,1,0.9472,0,0,1,0.9472,0,0,1,0.9472,0,0,1,0.9472,0,0,1,0.9472,0,0,1,0.9472,0
12_06_nohemi,dificil,NOHEMI,1,1,1,0,57,0,0.9345,1,0,0,1,0.9345,0,0,1,0.9345,0,0,1,0.9345,0,0,1,0.9345,0,0,1,0.9345,0,0,1,0.9345,0
12_06_mariquita,dificil,MARIQUITA,2,1,1,0,74,0,0.918,1,0,0,1,0.918,0,0,1,0.918,0,0,1,0.918,0,0,1,0.918,0,0,1,0.918,0,0,1,0.918,0
