fila,nombre,arete,categoria,peso_lb1,peso_lb2,peso_kg,telefono,notas
1,Estrellita,197260,,905,,410.501,xiaomi_15_ultra,"pesaje 2026-09-20, cinta bovinométrica; una lectura por una experta"
2,Rosalinda,236681,,810,,367.410,xiaomi_15_ultra,"pesaje 2026-09-20, cinta bovinométrica; una lectura por una experta"
3,Irina,207898,,876,,397.347,xiaomi_15_ultra,"pesaje 2026-09-20, cinta bovinométrica; una lectura por una experta"
4,Realta,207903,,905,,410.501,xiaomi_15_ultra,"nombre dudoso; pesaje 2026-09-20, cinta bovinométrica; una lectura por una experta"
5,Damita,73148,,990,,449.056,xiaomi_15_ultra,"nombre según la hoja de pesaje del 20 de septiembre de 2026; arete según la hoja de pesaje del 20 de septiembre de 2026; pesaje 2026-09-20, cinta bovinométrica; una lectura por una experta"
6,Señorita,207916,,837,,379.657,xiaomi_15_ultra,"pesaje 2026-09-20, cinta bovinométrica; una lectura por una experta"
7,Keila,73161,,954,,432.727,xiaomi_15_ultra,"700 tachado; arete según la hoja de pesaje del 20 de septiembre de 2026; pesaje 2026-09-20, cinta bovinométrica; una lectura por una experta"
8,Gaby,223678,,745,,337.926,xiaomi_15_ultra,"pesaje 2026-09-20, cinta bovinométrica; una lectura por una experta"
9,Cerezita,,,966,,438.170,xiaomi_15_ultra,"anotado ""No tiene""; pesaje 2026-09-20, cinta bovinométrica; una lectura por una experta"
10,Martinica,,,1046,,474.458,xiaomi_15_ultra,"sin arete; pesaje 2026-09-20, cinta bovinométrica; una lectura por una experta"
11,Crisalia,197257,,810,,367.410,xiaomi_15_ultra,"pesaje 2026-09-20, cinta bovinométrica; una lectura por una experta"
12,Oscarina,207913,,771,,349.720,xiaomi_15_ultra,"pesaje 2026-09-20, cinta bovinométrica; una lectura por una experta"
13,Minerva,,,915,,415.037,xiaomi_15_ultra,"sin arete; pesaje 2026-09-20, cinta bovinométrica; una lectura por una experta"
14,Carlina,207902,,732,,332.030,xiaomi_15_ultra,"pesaje 2026-09-20, cinta bovinométrica; una lectura por una experta"
15,Leonora,,,823,,373.307,xiaomi_15_ultra,"sin arete; pesaje 2026-09-20, cinta bovinométrica; una lectura por una experta"
16,Cereza,246502,,719,,326.133,xiaomi_15_ultra,"pesaje 2026-09-20, cinta bovinométrica; una lectura por una experta"
17,Guadiela,,,837,,379.657,xiaomi_15_ultra,"sin arete; nombre según la hoja de pesaje del 20 de septiembre de 2026; pesaje 2026-09-20, cinta bovinométrica; una lectura por una experta"
18,Nicoleta,26590,,954,,432.727,xiaomi_15_ultra,"arete según la hoja de pesaje del 20 de septiembre de 2026; pesaje 2026-09-20, cinta bovinométrica; una lectura por una experta"
19,Mafer,236693,,745,,337.926,xiaomi_15_ultra,"pesaje 2026-09-20, cinta bovinométrica; una lectura por una experta"
20,Anita,,,941,,426.830,xiaomi_15_ultra,"sin arete; pesaje 2026-09-20, cinta bovinométrica; una lectura por una experta"
21,Zafiro,236697,,622,,282.134,xiaomi_15_ultra,"pesaje 2026-09-20, cinta bovinométrica; una lectura por una experta"
22,Selena,223679,,837,,379.657,xiaomi_15_ultra,"pesaje 2026-09-20, cinta bovinométrica; una lectura por una experta"
23,Perla,207915,,771,,349.720,xiaomi_15_ultra,"pesaje 2026-09-20, cinta bovinométrica; una lectura por una experta"
24,Chaparrita,207911,,823,,373.307,xiaomi_15_ultra,"arete según la hoja de pesaje del 20 de septiembre de 2026; pesaje 2026-09-20, cinta bovinométrica; una lectura por una experta"
25,Lucy,236669,,823,,373.307,xiaomi_15_ultra,"pesaje 2026-09-20, cinta bovinométrica; una lectura por una experta"
26,Mariita,,,978,,443.613,xiaomi_15_ultra,"sin arete; nombre según la hoja de pesaje del 20 de septiembre de 2026; pesaje 2026-09-20, cinta bovinométrica; una lectura por una experta"
27,Diajira,236688,,889,,403.244,xiaomi_15_ultra,"pesaje 2026-09-20, cinta bovinométrica; una lectura por una experta"
28,Valentina,246521,,707,,320.690,xiaomi_15_ultra,"pesaje 2026-09-20, cinta bovinométrica; una lectura por una experta"
29,Bengala,246510,,732,,332.030,xiaomi_15_ultra,"pesaje 2026-09-20, cinta bovinométrica; una lectura por una experta"
30,Victoria,,,966,,438.170,xiaomi_15_ultra,"raya: sin arete; pesaje 2026-09-20, cinta bovinométrica; una lectura por una experta"
31,Danessa,207920,,645,,292.567,xiaomi_15_ultra,"pesaje 2026-09-20, cinta bovinométrica; una lectura por una experta"
32,Sofía,223687,,863,,391.450,xiaomi_15_ultra,"pesaje 2026-09-20, cinta bovinométrica; una lectura por una experta"
33,Fabiola,197272,,797,,361.513,xiaomi_15_ultra,"pesaje 2026-09-20, cinta bovinométrica; una lectura por una experta"
34,Lucero,223677,,758,,343.823,xiaomi_15_ultra,"pesaje 2026-09-20, cinta bovinométrica; una lectura por una experta"
35,Camelia,197269,,850,,385.554,xiaomi_15_ultra,"pesaje 2026-09-20, cinta bovinométrica; una lectura por una experta"
36,Cristy,73169,,1002,,454.500,xiaomi_15_ultra,"arete según la hoja de pesaje del 20 de septiembre de 2026; pesaje 2026-09-20, cinta bovinométrica; una lectura por una experta"
37,Naomi,223683,,915,,415.037,xiaomi_15_ultra,"pesaje 2026-09-20, cinta bovinométrica; una lectura por una experta"
38,Odra,73159,,850,,385.554,xiaomi_15_ultra,"nombre según la hoja de pesaje del 20 de septiembre de 2026; arete según la hoja de pesaje del 20 de septiembre de 2026; pesaje 2026-09-20, cinta bovinométrica; una lectura por una experta"
39,Gioconda,223681,,889,,403.244,xiaomi_15_ultra,"escrita después de la última foto de tabla (08:04:29); pesaje 2026-09-20, cinta bovinométrica; una lectura por una experta"
40,Esmeralda,160771,,966,,438.170,galaxy_a25,"Notas: A25; fotografiada con el Galaxy A25 (08:06:14-08:06:45); arete según la hoja de pesaje del 20 de septiembre de 2026; pesaje 2026-09-20, cinta bovinométrica; una lectura por una experta"
