foto,grupo,fila,nombre,arete,telefono
IMG_20260912_065052.jpg,vaca_01_065052,1,Estrellita,197260,xiaomi_15_ultra
IMG_20260912_065054.jpg,vaca_01_065052,1,Estrellita,197260,xiaomi_15_ultra
IMG_20260912_065055.jpg,vaca_01_065052,1,Estrellita,197260,xiaomi_15_ultra
IMG_20260912_065057.jpg,vaca_01_065052,1,Estrellita,197260,xiaomi_15_ultra
IMG_20260912_065058.jpg,vaca_01_065052,1,Estrellita,197260,xiaomi_15_ultra
IMG_20260912_065106.jpg,vaca_01_065052,1,Estrellita,197260,xiaomi_15_ultra
IMG_20260912_065107.jpg,vaca_01_065052,1,Estrellita,197260,xiaomi_15_ultra
IMG_20260912_065108.jpg,vaca_01_065052,1,Estrellita,197260,xiaomi_15_ultra
IMG_20260912_065109.jpg,vaca_01_065052,1,Estrellita,197260,xiaomi_15_ultra
IMG_20260912_065110.jpg,vaca_01_065052,1,Estrellita,197260,xiaomi_15_ultra
IMG_20260912_065117.jpg,vaca_01_065052,1,Estrellita,197260,xiaomi_15_ultra
IMG_20260912_065120.jpg,vaca_01_065052,1,Estrellita,197260,xiaomi_15_ultra
IMG_20260912_065121.jpg,vaca_01_065052,1,Estrellita,197260,xiaomi_15_ultra
IMG_20260912_065122.jpg,vaca_01_065052,1,Estrellita,197260,xiaomi_15_ultra
IMG_20260912_065123.jpg,vaca_01_065052,1,Estrellita,197260,xiaomi_15_ultra
IMG_20260912_065425.jpg,vaca_02_065425,2,Rosalinda,236681,xiaomi_15_ultra
IMG_20260912_065426.jpg,vaca_02_065425,2,Rosalinda,236681,xiaomi_15_ultra
IMG_20260912_065427.jpg,vaca_02_065425,2,Rosalinda,236681,xiaomi_15_ultra
IMG_20260912_065428.jpg,vaca_02_065425,2,Rosalinda,236681,xiaomi_15_ultra
IMG_20260912_065429.jpg,vaca_02_065425,2,Rosalinda,236681,xiaomi_15_ultra
IMG_20260912_065501.jpg,vaca_02_065425,2,Rosalinda,236681,xiaomi_15_ultra
IMG_20260912_065502.jpg,vaca_02_065425,2,Rosalinda,236681,xiaomi_15_ultra
IMG_20260912_065508.jpg,vaca_02_065425,2,Rosalinda,236681,xiaomi_15_ultra
IMG_20260912_065509.jpg,vaca_02_065425,2,Rosalinda,236681,xiaomi_15_ultra
IMG_20260912_065510.jpg,vaca_02_065425,2,Rosalinda,236681,xiaomi_15_ultra
IMG_20260912_065511.jpg,vaca_02_065425,2,Rosalinda,236681,xiaomi_15_ultra
IMG_20260912_065512.jpg,vaca_02_065425,2,Rosalinda,236681,xiaomi_15_ultra
IMG_20260912_065524.jpg,vaca_02_065425,2,Rosalinda,236681,xiaomi_15_ultra
IMG_20260912_065525.jpg,vaca_02_065425,2,Rosalinda,236681,xiaomi_15_ultra
IMG_20260912_065526.jpg,vaca_02_065425,2,Rosalinda,236681,xiaomi_15_ultra
IMG_20260912_065527.jpg,vaca_02_065425,2,Rosalinda,236681,xiaomi_15_ultra
IMG_20260912_065528.jpg,vaca_02_065425,2,Rosalinda,236681,xiaomi_15_ultra
IMG_20260912_065720.jpg,vaca_03_065720,3,Irina,207898,xiaomi_15_ultra
IMG_20260912_065721.jpg,vaca_03_065720,3,Irina,207898,xiaomi_15_ultra
IMG_20260912_065722.jpg,vaca_03_065720,3,Irina,207898,xiaomi_15_ultra
IMG_20260912_065722_1.jpg,vaca_03_065720,3,Irina,207898,xiaomi_15_ultra
IMG_20260912_065723.jpg,vaca_03_065720,3,Irina,207898,xiaomi_15_ultra
IMG_20260912_065730.jpg,vaca_03_065720,3,Irina,207898,xiaomi_15_ultra
IMG_20260912_065731.jpg,vaca_03_065720,3,Irina,207898,xiaomi_15_ultra
IMG_20260912_065732.jpg,vaca_03_065720,3,Irina,207898,xiaomi_15_ultra
IMG_20260912_065733.jpg,vaca_03_065720,3,Irina,207898,xiaomi_15_ultra
IMG_20260912_065734.jpg,vaca_03_065720,3,Irina,207898,xiaomi_15_ultra
IMG_20260912_065740.jpg,vaca_03_065720,3,Irina,207898,xiaomi_15_ultra
IMG_20260912_065741.jpg,vaca_03_065720,3,Irina,207898,xiaomi_15_ultra
IMG_20260912_065741_1.jpg,vaca_03_065720,3,Irina,207898,xiaomi_15_ultra
IMG_20260912_065742.jpg,vaca_03_065720,3,Irina,207898,xiaomi_15_ultra
IMG_20260912_065743.jpg,vaca_03_065720,3,Irina,207898,xiaomi_15_ultra
IMG_20260912_065939.jpg,vaca_04_065939,4,Realta,207903,xiaomi_15_ultra
IMG_20260912_065940.jpg,vaca_04_065939,4,Realta,207903,xiaomi_15_ultra
IMG_20260912_065941.jpg,vaca_04_065939,4,Realta,207903,xiaomi_15_ultra
IMG_20260912_065942.jpg,vaca_04_065939,4,Realta,207903,xiaomi_15_ultra
IMG_20260912_065943.jpg,vaca_04_065939,4,Realta,207903,xiaomi_15_ultra
IMG_20260912_065949.jpg,vaca_04_065939,4,Realta,207903,xiaomi_15_ultra
IMG_20260912_065950.jpg,vaca_04_065939,4,Realta,207903,xiaomi_15_ultra
IMG_20260912_065951.jpg,vaca_04_065939,4,Realta,207903,xiaomi_15_ultra
IMG_20260912_065952.jpg,vaca_04_065939,4,Realta,207903,xiaomi_15_ultra
IMG_20260912_065953.jpg,vaca_04_065939,4,Realta,207903,xiaomi_15_ultra
IMG_20260912_065959.jpg,vaca_04_065939,4,Realta,207903,xiaomi_15_ultra
IMG_20260912_070000.jpg,vaca_04_065939,4,Realta,207903,xiaomi_15_ultra
IMG_20260912_070001.jpg,vaca_04_065939,4,Realta,207903,xiaomi_15_ultra
IMG_20260912_070001_1.jpg,vaca_04_065939,4,Realta,207903,xiaomi_15_ultra
IMG_20260912_070002.jpg,vaca_04_065939,4,Realta,207903,xiaomi_15_ultra
IMG_20260912_070156.jpg,vaca_05_070156,5,Pamita,073148,xiaomi_15_ultra
IMG_20260912_070157.jpg,vaca_05_070156,5,Pamita,073148,xiaomi_15_ultra
IMG_20260912_070158.jpg,vaca_05_070156,5,Pamita,073148,xiaomi_15_ultra
IMG_20260912_070159.jpg,vaca_05_070156,5,Pamita,073148,xiaomi_15_ultra
IMG_20260912_070200.jpg,vaca_05_070156,5,Pamita,073148,xiaomi_15_ultra
IMG_20260912_070206.jpg,vaca_05_070156,5,Pamita,073148,xiaomi_15_ultra
IMG_20260912_070207.jpg,vaca_05_070156,5,Pamita,073148,xiaomi_15_ultra
IMG_20260912_070208.jpg,vaca_05_070156,5,Pamita,073148,xiaomi_15_ultra
IMG_20260912_070208_1.jpg,vaca_05_070156,5,Pamita,073148,xiaomi_15_ultra
IMG_20260912_070209.jpg,vaca_05_070156,5,Pamita,073148,xiaomi_15_ultra
IMG_20260912_070217.jpg,vaca_05_070156,5,Pamita,073148,xiaomi_15_ultra
IMG_20260912_070218.jpg,vaca_05_070156,5,Pamita,073148,xiaomi_15_ultra
IMG_20260912_070218_1.jpg,vaca_05_070156,5,Pamita,073148,xiaomi_15_ultra
IMG_20260912_070219.jpg,vaca_05_070156,5,Pamita,073148,xiaomi_15_ultra
IMG_20260912_070220.jpg,vaca_05_070156,5,Pamita,073148,xiaomi_15_ultra
IMG_20260912_070230.jpg,vaca_05_070156,5,Pamita,073148,xiaomi_15_ultra
IMG_20260912_070231.jpg,vaca_05_070156,5,Pamita,073148,xiaomi_15_ultra
IMG_20260912_070232.jpg,vaca_05_070156,5,Pamita,073148,xiaomi_15_ultra
IMG_20260912_070244.jpg,vaca_05_070156,5,Pamita,073148,xiaomi_15_ultra
IMG_20260912_070245.jpg,vaca_05_070156,5,Pamita,073148,xiaomi_15_ultra
IMG_20260912_070245_1.jpg,vaca_05_070156,5,Pamita,073148,xiaomi_15_ultra
IMG_20260912_070246.jpg,vaca_05_070156,5,Pamita,073148,xiaomi_15_ultra
IMG_20260912_070247.jpg,vaca_05_070156,5,Pamita,073148,xiaomi_15_ultra
IMG_20260912_070254.jpg,vaca_05_070156,5,Pamita,073148,xiaomi_15_ultra
IMG_20260912_070255.jpg,vaca_05_070156,5,Pamita,073148,xiaomi_15_ultra
IMG_20260912_070256.jpg,vaca_05_070156,5,Pamita,073148,xiaomi_15_ultra
IMG_20260912_070256_1.jpg,vaca_05_070156,5,Pamita,073148,xiaomi_15_ultra
IMG_20260912_070257.jpg,vaca_05_070156,5,Pamita,073148,xiaomi_15_ultra
IMG_20260912_070530.jpg,vaca_06_070530,6,Señorita,207916,xiaomi_15_ultra
IMG_20260912_070530_1.jpg,vaca_06_070530,6,Señorita,207916,xiaomi_15_ultra
IMG_20260912_070531.jpg,vaca_06_070530,6,Señorita,207916,xiaomi_15_ultra
IMG_20260912_070532.jpg,vaca_06_070530,6,Señorita,207916,xiaomi_15_ultra
IMG_20260912_070533.jpg,vaca_06_070530,6,Señorita,207916,xiaomi_15_ultra
IMG_20260912_070540.jpg,vaca_06_070530,6,Señorita,207916,xiaomi_15_ultra
IMG_20260912_070541.jpg,vaca_06_070530,6,Señorita,207916,xiaomi_15_ultra
IMG_20260912_070542.jpg,vaca_06_070530,6,Señorita,207916,xiaomi_15_ultra
IMG_20260912_070543.jpg,vaca_06_070530,6,Señorita,207916,xiaomi_15_ultra
IMG_20260912_070543_1.jpg,vaca_06_070530,6,Señorita,207916,xiaomi_15_ultra
IMG_20260912_070552.jpg,vaca_06_070530,6,Señorita,207916,xiaomi_15_ultra
IMG_20260912_070553.jpg,vaca_06_070530,6,Señorita,207916,xiaomi_15_ultra
IMG_20260912_070554.jpg,vaca_06_070530,6,Señorita,207916,xiaomi_15_ultra
IMG_20260912_070555.jpg,vaca_06_070530,6,Señorita,207916,xiaomi_15_ultra
IMG_20260912_070555_1.jpg,vaca_06_070530,6,Señorita,207916,xiaomi_15_ultra
IMG_20260912_070557.jpg,vaca_06_070530,6,Señorita,207916,xiaomi_15_ultra
IMG_20260912_070557_1.jpg,vaca_06_070530,6,Señorita,207916,xiaomi_15_ultra
IMG_20260912_070559.jpg,vaca_06_070530,6,Señorita,207916,xiaomi_15_ultra
IMG_20260912_070604.jpg,vaca_06_070530,6,Señorita,207916,xiaomi_15_ultra
IMG_20260912_070604_1.jpg,vaca_06_070530,6,Señorita,207916,xiaomi_15_ultra
IMG_20260912_070605.jpg,vaca_06_070530,6,Señorita,207916,xiaomi_15_ultra
IMG_20260912_070606.jpg,vaca_06_070530,6,Señorita,207916,xiaomi_15_ultra
IMG_20260912_070610.jpg,vaca_06_070530,6,Señorita,207916,xiaomi_15_ultra
IMG_20260912_070611.jpg,vaca_06_070530,6,Señorita,207916,xiaomi_15_ultra
IMG_20260912_070611_1.jpg,vaca_06_070530,6,Señorita,207916,xiaomi_15_ultra
IMG_20260912_070613.jpg,vaca_06_070530,6,Señorita,207916,xiaomi_15_ultra
IMG_20260912_070614.jpg,vaca_06_070530,6,Señorita,207916,xiaomi_15_ultra
IMG_20260912_070808.jpg,vaca_07_070808,7,Keila,073161,xiaomi_15_ultra
IMG_20260912_070809.jpg,vaca_07_070808,7,Keila,073161,xiaomi_15_ultra
IMG_20260912_070810.jpg,vaca_07_070808,7,Keila,073161,xiaomi_15_ultra
IMG_20260912_070811.jpg,vaca_07_070808,7,Keila,073161,xiaomi_15_ultra
IMG_20260912_070812.jpg,vaca_07_070808,7,Keila,073161,xiaomi_15_ultra
IMG_20260912_070816.jpg,vaca_07_070808,7,Keila,073161,xiaomi_15_ultra
IMG_20260912_070817.jpg,vaca_07_070808,7,Keila,073161,xiaomi_15_ultra
IMG_20260912_070818.jpg,vaca_07_070808,7,Keila,073161,xiaomi_15_ultra
IMG_20260912_070818_1.jpg,vaca_07_070808,7,Keila,073161,xiaomi_15_ultra
IMG_20260912_070819.jpg,vaca_07_070808,7,Keila,073161,xiaomi_15_ultra
IMG_20260912_070825.jpg,vaca_07_070808,7,Keila,073161,xiaomi_15_ultra
IMG_20260912_070825_1.jpg,vaca_07_070808,7,Keila,073161,xiaomi_15_ultra
IMG_20260912_070826.jpg,vaca_07_070808,7,Keila,073161,xiaomi_15_ultra
IMG_20260912_070827.jpg,vaca_07_070808,7,Keila,073161,xiaomi_15_ultra
IMG_20260912_070828.jpg,vaca_07_070808,7,Keila,073161,xiaomi_15_ultra
IMG_20260912_070828_1.jpg,vaca_07_070808,7,Keila,073161,xiaomi_15_ultra
IMG_20260912_070829.jpg,vaca_07_070808,7,Keila,073161,xiaomi_15_ultra
IMG_20260912_070830.jpg,vaca_07_070808,7,Keila,073161,xiaomi_15_ultra
IMG_20260912_070835.jpg,vaca_07_070808,7,Keila,073161,xiaomi_15_ultra
IMG_20260912_070835_1.jpg,vaca_07_070808,7,Keila,073161,xiaomi_15_ultra
IMG_20260912_070836.jpg,vaca_07_070808,7,Keila,073161,xiaomi_15_ultra
IMG_20260912_070836_1.jpg,vaca_07_070808,7,Keila,073161,xiaomi_15_ultra
IMG_20260912_070840.jpg,vaca_07_070808,7,Keila,073161,xiaomi_15_ultra
IMG_20260912_070841.jpg,vaca_07_070808,7,Keila,073161,xiaomi_15_ultra
IMG_20260912_070841_1.jpg,vaca_07_070808,7,Keila,073161,xiaomi_15_ultra
IMG_20260912_070842.jpg,vaca_07_070808,7,Keila,073161,xiaomi_15_ultra
IMG_20260912_071103.jpg,vaca_08_071103,8,Gaby,223678,xiaomi_15_ultra
IMG_20260912_071104.jpg,vaca_08_071103,8,Gaby,223678,xiaomi_15_ultra
IMG_20260912_071105.jpg,vaca_08_071103,8,Gaby,223678,xiaomi_15_ultra
IMG_20260912_071105_1.jpg,vaca_08_071103,8,Gaby,223678,xiaomi_15_ultra
IMG_20260912_071106.jpg,vaca_08_071103,8,Gaby,223678,xiaomi_15_ultra
IMG_20260912_071112.jpg,vaca_08_071103,8,Gaby,223678,xiaomi_15_ultra
IMG_20260912_071113.jpg,vaca_08_071103,8,Gaby,223678,xiaomi_15_ultra
IMG_20260912_071114.jpg,vaca_08_071103,8,Gaby,223678,xiaomi_15_ultra
IMG_20260912_071115.jpg,vaca_08_071103,8,Gaby,223678,xiaomi_15_ultra
IMG_20260912_071115_1.jpg,vaca_08_071103,8,Gaby,223678,xiaomi_15_ultra
IMG_20260912_071120.jpg,vaca_08_071103,8,Gaby,223678,xiaomi_15_ultra
IMG_20260912_071121.jpg,vaca_08_071103,8,Gaby,223678,xiaomi_15_ultra
IMG_20260912_071122.jpg,vaca_08_071103,8,Gaby,223678,xiaomi_15_ultra
IMG_20260912_071122_1.jpg,vaca_08_071103,8,Gaby,223678,xiaomi_15_ultra
IMG_20260912_071123.jpg,vaca_08_071103,8,Gaby,223678,xiaomi_15_ultra
IMG_20260912_071123_1.jpg,vaca_08_071103,8,Gaby,223678,xiaomi_15_ultra
IMG_20260912_071124.jpg,vaca_08_071103,8,Gaby,223678,xiaomi_15_ultra
IMG_20260912_071133.jpg,vaca_08_071103,8,Gaby,223678,xiaomi_15_ultra
IMG_20260912_071133_1.jpg,vaca_08_071103,8,Gaby,223678,xiaomi_15_ultra
IMG_20260912_071134.jpg,vaca_08_071103,8,Gaby,223678,xiaomi_15_ultra
IMG_20260912_071134_1.jpg,vaca_08_071103,8,Gaby,223678,xiaomi_15_ultra
IMG_20260912_071138.jpg,vaca_08_071103,8,Gaby,223678,xiaomi_15_ultra
IMG_20260912_071139.jpg,vaca_08_071103,8,Gaby,223678,xiaomi_15_ultra
IMG_20260912_071139_1.jpg,vaca_08_071103,8,Gaby,223678,xiaomi_15_ultra
IMG_20260912_071140.jpg,vaca_08_071103,8,Gaby,223678,xiaomi_15_ultra
IMG_20260912_071327.jpg,vaca_09_071327,9,Cerezita,,xiaomi_15_ultra
IMG_20260912_071328.jpg,vaca_09_071327,9,Cerezita,,xiaomi_15_ultra
IMG_20260912_071328_1.jpg,vaca_09_071327,9,Cerezita,,xiaomi_15_ultra
IMG_20260912_071329.jpg,vaca_09_071327,9,Cerezita,,xiaomi_15_ultra
IMG_20260912_071329_1.jpg,vaca_09_071327,9,Cerezita,,xiaomi_15_ultra
IMG_20260912_071330.jpg,vaca_09_071327,9,Cerezita,,xiaomi_15_ultra
IMG_20260912_071330_1.jpg,vaca_09_071327,9,Cerezita,,xiaomi_15_ultra
IMG_20260912_071331.jpg,vaca_09_071327,9,Cerezita,,xiaomi_15_ultra
IMG_20260912_071338.jpg,vaca_09_071327,9,Cerezita,,xiaomi_15_ultra
IMG_20260912_071338_1.jpg,vaca_09_071327,9,Cerezita,,xiaomi_15_ultra
IMG_20260912_071339.jpg,vaca_09_071327,9,Cerezita,,xiaomi_15_ultra
IMG_20260912_071339_1.jpg,vaca_09_071327,9,Cerezita,,xiaomi_15_ultra
IMG_20260912_071340.jpg,vaca_09_071327,9,Cerezita,,xiaomi_15_ultra
IMG_20260912_071340_1.jpg,vaca_09_071327,9,Cerezita,,xiaomi_15_ultra
IMG_20260912_071347.jpg,vaca_09_071327,9,Cerezita,,xiaomi_15_ultra
IMG_20260912_071347_1.jpg,vaca_09_071327,9,Cerezita,,xiaomi_15_ultra
IMG_20260912_071348.jpg,vaca_09_071327,9,Cerezita,,xiaomi_15_ultra
IMG_20260912_071348_1.jpg,vaca_09_071327,9,Cerezita,,xiaomi_15_ultra
IMG_20260912_071349.jpg,vaca_09_071327,9,Cerezita,,xiaomi_15_ultra
IMG_20260912_071349_1.jpg,vaca_09_071327,9,Cerezita,,xiaomi_15_ultra
IMG_20260912_071350.jpg,vaca_09_071327,9,Cerezita,,xiaomi_15_ultra
IMG_20260912_071350_1.jpg,vaca_09_071327,9,Cerezita,,xiaomi_15_ultra
IMG_20260912_071350_2.jpg,vaca_09_071327,9,Cerezita,,xiaomi_15_ultra
IMG_20260912_071351.jpg,vaca_09_071327,9,Cerezita,,xiaomi_15_ultra
IMG_20260912_071356.jpg,vaca_09_071327,9,Cerezita,,xiaomi_15_ultra
IMG_20260912_071357.jpg,vaca_09_071327,9,Cerezita,,xiaomi_15_ultra
IMG_20260912_071616.jpg,vaca_10_071616,10,Martinica,,xiaomi_15_ultra
IMG_20260912_071617.jpg,vaca_10_071616,10,Martinica,,xiaomi_15_ultra
IMG_20260912_071618.jpg,vaca_10_071616,10,Martinica,,xiaomi_15_ultra
IMG_20260912_071618_1.jpg,vaca_10_071616,10,Martinica,,xiaomi_15_ultra
IMG_20260912_071619.jpg,vaca_10_071616,10,Martinica,,xiaomi_15_ultra
IMG_20260912_071619_1.jpg,vaca_10_071616,10,Martinica,,xiaomi_15_ultra
IMG_20260912_071620.jpg,vaca_10_071616,10,Martinica,,xiaomi_15_ultra
IMG_20260912_071621.jpg,vaca_10_071616,10,Martinica,,xiaomi_15_ultra
IMG_20260912_071629.jpg,vaca_10_071616,10,Martinica,,xiaomi_15_ultra
IMG_20260912_071630.jpg,vaca_10_071616,10,Martinica,,xiaomi_15_ultra
IMG_20260912_071630_1.jpg,vaca_10_071616,10,Martinica,,xiaomi_15_ultra
IMG_20260912_071631.jpg,vaca_10_071616,10,Martinica,,xiaomi_15_ultra
IMG_20260912_071632.jpg,vaca_10_071616,10,Martinica,,xiaomi_15_ultra
IMG_20260912_071632_1.jpg,vaca_10_071616,10,Martinica,,xiaomi_15_ultra
IMG_20260912_071633.jpg,vaca_10_071616,10,Martinica,,xiaomi_15_ultra
IMG_20260912_071633_1.jpg,vaca_10_071616,10,Martinica,,xiaomi_15_ultra
IMG_20260912_071634.jpg,vaca_10_071616,10,Martinica,,xiaomi_15_ultra
IMG_20260912_071639.jpg,vaca_10_071616,10,Martinica,,xiaomi_15_ultra
IMG_20260912_071640.jpg,vaca_10_071616,10,Martinica,,xiaomi_15_ultra
IMG_20260912_071640_1.jpg,vaca_10_071616,10,Martinica,,xiaomi_15_ultra
IMG_20260912_071641.jpg,vaca_10_071616,10,Martinica,,xiaomi_15_ultra
IMG_20260912_071642.jpg,vaca_10_071616,10,Martinica,,xiaomi_15_ultra
IMG_20260912_071642_1.jpg,vaca_10_071616,10,Martinica,,xiaomi_15_ultra
IMG_20260912_071643.jpg,vaca_10_071616,10,Martinica,,xiaomi_15_ultra
IMG_20260912_071643_1.jpg,vaca_10_071616,10,Martinica,,xiaomi_15_ultra
IMG_20260912_071644.jpg,vaca_10_071616,10,Martinica,,xiaomi_15_ultra
IMG_20260912_071644_1.jpg,vaca_10_071616,10,Martinica,,xiaomi_15_ultra
IMG_20260912_071648.jpg,vaca_10_071616,10,Martinica,,xiaomi_15_ultra
IMG_20260912_071648_1.jpg,vaca_10_071616,10,Martinica,,xiaomi_15_ultra
IMG_20260912_071649.jpg,vaca_10_071616,10,Martinica,,xiaomi_15_ultra
IMG_20260912_071649_1.jpg,vaca_10_071616,10,Martinica,,xiaomi_15_ultra
IMG_20260912_071650.jpg,vaca_10_071616,10,Martinica,,xiaomi_15_ultra
IMG_20260912_071650_1.jpg,vaca_10_071616,10,Martinica,,xiaomi_15_ultra
IMG_20260912_071654.jpg,vaca_10_071616,10,Martinica,,xiaomi_15_ultra
IMG_20260912_071655.jpg,vaca_10_071616,10,Martinica,,xiaomi_15_ultra
IMG_20260912_071656.jpg,vaca_10_071616,10,Martinica,,xiaomi_15_ultra
IMG_20260912_071656_1.jpg,vaca_10_071616,10,Martinica,,xiaomi_15_ultra
IMG_20260912_071657.jpg,vaca_10_071616,10,Martinica,,xiaomi_15_ultra
IMG_20260912_071657_1.jpg,vaca_10_071616,10,Martinica,,xiaomi_15_ultra
IMG_20260912_071658.jpg,vaca_10_071616,10,Martinica,,xiaomi_15_ultra
IMG_20260912_071658_1.jpg,vaca_10_071616,10,Martinica,,xiaomi_15_ultra
IMG_20260912_071659.jpg,vaca_10_071616,10,Martinica,,xiaomi_15_ultra
IMG_20260912_071916.jpg,vaca_11_071916,11,Crisalia,197257,xiaomi_15_ultra
IMG_20260912_071916_1.jpg,vaca_11_071916,11,Crisalia,197257,xiaomi_15_ultra
IMG_20260912_071917.jpg,vaca_11_071916,11,Crisalia,197257,xiaomi_15_ultra
IMG_20260912_071917_1.jpg,vaca_11_071916,11,Crisalia,197257,xiaomi_15_ultra
IMG_20260912_071918.jpg,vaca_11_071916,11,Crisalia,197257,xiaomi_15_ultra
IMG_20260912_071918_1.jpg,vaca_11_071916,11,Crisalia,197257,xiaomi_15_ultra
IMG_20260912_071919.jpg,vaca_11_071916,11,Crisalia,197257,xiaomi_15_ultra
IMG_20260912_071919_1.jpg,vaca_11_071916,11,Crisalia,197257,xiaomi_15_ultra
IMG_20260912_071925.jpg,vaca_11_071916,11,Crisalia,197257,xiaomi_15_ultra
IMG_20260912_071925_1.jpg,vaca_11_071916,11,Crisalia,197257,xiaomi_15_ultra
IMG_20260912_071926.jpg,vaca_11_071916,11,Crisalia,197257,xiaomi_15_ultra
IMG_20260912_071927.jpg,vaca_11_071916,11,Crisalia,197257,xiaomi_15_ultra
IMG_20260912_071927_1.jpg,vaca_11_071916,11,Crisalia,197257,xiaomi_15_ultra
IMG_20260912_071928.jpg,vaca_11_071916,11,Crisalia,197257,xiaomi_15_ultra
IMG_20260912_071928_1.jpg,vaca_11_071916,11,Crisalia,197257,xiaomi_15_ultra
IMG_20260912_071936.jpg,vaca_11_071916,11,Crisalia,197257,xiaomi_15_ultra
IMG_20260912_071937.jpg,vaca_11_071916,11,Crisalia,197257,xiaomi_15_ultra
IMG_20260912_071937_1.jpg,vaca_11_071916,11,Crisalia,197257,xiaomi_15_ultra
IMG_20260912_071938.jpg,vaca_11_071916,11,Crisalia,197257,xiaomi_15_ultra
IMG_20260912_071938_1.jpg,vaca_11_071916,11,Crisalia,197257,xiaomi_15_ultra
IMG_20260912_071939.jpg,vaca_11_071916,11,Crisalia,197257,xiaomi_15_ultra
IMG_20260912_071939_1.jpg,vaca_11_071916,11,Crisalia,197257,xiaomi_15_ultra
IMG_20260912_071940.jpg,vaca_11_071916,11,Crisalia,197257,xiaomi_15_ultra
IMG_20260912_071943.jpg,vaca_11_071916,11,Crisalia,197257,xiaomi_15_ultra
IMG_20260912_071944.jpg,vaca_11_071916,11,Crisalia,197257,xiaomi_15_ultra
IMG_20260912_071945.jpg,vaca_11_071916,11,Crisalia,197257,xiaomi_15_ultra
IMG_20260912_071950.jpg,vaca_11_071916,11,Crisalia,197257,xiaomi_15_ultra
IMG_20260912_071951.jpg,vaca_11_071916,11,Crisalia,197257,xiaomi_15_ultra
IMG_20260912_071952.jpg,vaca_11_071916,11,Crisalia,197257,xiaomi_15_ultra
IMG_20260912_072212.jpg,vaca_13_072212,12,Oscarina,207913,xiaomi_15_ultra
IMG_20260912_072213.jpg,vaca_13_072212,12,Oscarina,207913,xiaomi_15_ultra
IMG_20260912_072213_1.jpg,vaca_13_072212,12,Oscarina,207913,xiaomi_15_ultra
IMG_20260912_072214.jpg,vaca_13_072212,12,Oscarina,207913,xiaomi_15_ultra
IMG_20260912_072214_1.jpg,vaca_13_072212,12,Oscarina,207913,xiaomi_15_ultra
IMG_20260912_072215.jpg,vaca_13_072212,12,Oscarina,207913,xiaomi_15_ultra
IMG_20260912_072215_1.jpg,vaca_13_072212,12,Oscarina,207913,xiaomi_15_ultra
IMG_20260912_072216.jpg,vaca_13_072212,12,Oscarina,207913,xiaomi_15_ultra
IMG_20260912_072216_1.jpg,vaca_13_072212,12,Oscarina,207913,xiaomi_15_ultra
IMG_20260912_072216_2.jpg,vaca_13_072212,12,Oscarina,207913,xiaomi_15_ultra
IMG_20260912_072217.jpg,vaca_13_072212,12,Oscarina,207913,xiaomi_15_ultra
IMG_20260912_072222.jpg,vaca_13_072212,12,Oscarina,207913,xiaomi_15_ultra
IMG_20260912_072223.jpg,vaca_13_072212,12,Oscarina,207913,xiaomi_15_ultra
IMG_20260912_072223_1.jpg,vaca_13_072212,12,Oscarina,207913,xiaomi_15_ultra
IMG_20260912_072224.jpg,vaca_13_072212,12,Oscarina,207913,xiaomi_15_ultra
IMG_20260912_072225.jpg,vaca_13_072212,12,Oscarina,207913,xiaomi_15_ultra
IMG_20260912_072225_1.jpg,vaca_13_072212,12,Oscarina,207913,xiaomi_15_ultra
IMG_20260912_072226.jpg,vaca_13_072212,12,Oscarina,207913,xiaomi_15_ultra
IMG_20260912_072226_1.jpg,vaca_13_072212,12,Oscarina,207913,xiaomi_15_ultra
IMG_20260912_072226_2.jpg,vaca_13_072212,12,Oscarina,207913,xiaomi_15_ultra
IMG_20260912_072227.jpg,vaca_13_072212,12,Oscarina,207913,xiaomi_15_ultra
IMG_20260912_072227_1.jpg,vaca_13_072212,12,Oscarina,207913,xiaomi_15_ultra
IMG_20260912_072234.jpg,vaca_13_072212,12,Oscarina,207913,xiaomi_15_ultra
IMG_20260912_072234_1.jpg,vaca_13_072212,12,Oscarina,207913,xiaomi_15_ultra
IMG_20260912_072235.jpg,vaca_13_072212,12,Oscarina,207913,xiaomi_15_ultra
IMG_20260912_072235_1.jpg,vaca_13_072212,12,Oscarina,207913,xiaomi_15_ultra
IMG_20260912_072236.jpg,vaca_13_072212,12,Oscarina,207913,xiaomi_15_ultra
IMG_20260912_072237.jpg,vaca_13_072212,12,Oscarina,207913,xiaomi_15_ultra
IMG_20260912_072237_1.jpg,vaca_13_072212,12,Oscarina,207913,xiaomi_15_ultra
IMG_20260912_072238.jpg,vaca_13_072212,12,Oscarina,207913,xiaomi_15_ultra
IMG_20260912_072238_1.jpg,vaca_13_072212,12,Oscarina,207913,xiaomi_15_ultra
IMG_20260912_072239.jpg,vaca_13_072212,12,Oscarina,207913,xiaomi_15_ultra
IMG_20260912_072244.jpg,vaca_13_072212,12,Oscarina,207913,xiaomi_15_ultra
IMG_20260912_072245.jpg,vaca_13_072212,12,Oscarina,207913,xiaomi_15_ultra
IMG_20260912_072245_1.jpg,vaca_13_072212,12,Oscarina,207913,xiaomi_15_ultra
IMG_20260912_072246.jpg,vaca_13_072212,12,Oscarina,207913,xiaomi_15_ultra
IMG_20260912_072251.jpg,vaca_13_072212,12,Oscarina,207913,xiaomi_15_ultra
IMG_20260912_072252.jpg,vaca_13_072212,12,Oscarina,207913,xiaomi_15_ultra
IMG_20260912_072252_1.jpg,vaca_13_072212,12,Oscarina,207913,xiaomi_15_ultra
IMG_20260912_072253.jpg,vaca_13_072212,12,Oscarina,207913,xiaomi_15_ultra
IMG_20260912_072518.jpg,vaca_14_072518,13,Minerva,,xiaomi_15_ultra
IMG_20260912_072518_1.jpg,vaca_14_072518,13,Minerva,,xiaomi_15_ultra
IMG_20260912_072519.jpg,vaca_14_072518,13,Minerva,,xiaomi_15_ultra
IMG_20260912_072519_1.jpg,vaca_14_072518,13,Minerva,,xiaomi_15_ultra
IMG_20260912_072520.jpg,vaca_14_072518,13,Minerva,,xiaomi_15_ultra
IMG_20260912_072521.jpg,vaca_14_072518,13,Minerva,,xiaomi_15_ultra
IMG_20260912_072521_1.jpg,vaca_14_072518,13,Minerva,,xiaomi_15_ultra
IMG_20260912_072522.jpg,vaca_14_072518,13,Minerva,,xiaomi_15_ultra
IMG_20260912_072527.jpg,vaca_14_072518,13,Minerva,,xiaomi_15_ultra
IMG_20260912_072528.jpg,vaca_14_072518,13,Minerva,,xiaomi_15_ultra
IMG_20260912_072529.jpg,vaca_14_072518,13,Minerva,,xiaomi_15_ultra
IMG_20260912_072529_1.jpg,vaca_14_072518,13,Minerva,,xiaomi_15_ultra
IMG_20260912_072530.jpg,vaca_14_072518,13,Minerva,,xiaomi_15_ultra
IMG_20260912_072530_1.jpg,vaca_14_072518,13,Minerva,,xiaomi_15_ultra
IMG_20260912_072531.jpg,vaca_14_072518,13,Minerva,,xiaomi_15_ultra
IMG_20260912_072531_1.jpg,vaca_14_072518,13,Minerva,,xiaomi_15_ultra
IMG_20260912_072532.jpg,vaca_14_072518,13,Minerva,,xiaomi_15_ultra
IMG_20260912_072533.jpg,vaca_14_072518,13,Minerva,,xiaomi_15_ultra
IMG_20260912_072533_1.jpg,vaca_14_072518,13,Minerva,,xiaomi_15_ultra
IMG_20260912_072534.jpg,vaca_14_072518,13,Minerva,,xiaomi_15_ultra
IMG_20260912_072539.jpg,vaca_14_072518,13,Minerva,,xiaomi_15_ultra
IMG_20260912_072539_1.jpg,vaca_14_072518,13,Minerva,,xiaomi_15_ultra
IMG_20260912_072540.jpg,vaca_14_072518,13,Minerva,,xiaomi_15_ultra
IMG_20260912_072540_1.jpg,vaca_14_072518,13,Minerva,,xiaomi_15_ultra
IMG_20260912_072541.jpg,vaca_14_072518,13,Minerva,,xiaomi_15_ultra
IMG_20260912_072541_1.jpg,vaca_14_072518,13,Minerva,,xiaomi_15_ultra
IMG_20260912_072542.jpg,vaca_14_072518,13,Minerva,,xiaomi_15_ultra
IMG_20260912_072542_1.jpg,vaca_14_072518,13,Minerva,,xiaomi_15_ultra
IMG_20260912_072543.jpg,vaca_14_072518,13,Minerva,,xiaomi_15_ultra
IMG_20260912_072544.jpg,vaca_14_072518,13,Minerva,,xiaomi_15_ultra
IMG_20260912_072544_1.jpg,vaca_14_072518,13,Minerva,,xiaomi_15_ultra
IMG_20260912_072547.jpg,vaca_14_072518,13,Minerva,,xiaomi_15_ultra
IMG_20260912_072548.jpg,vaca_14_072518,13,Minerva,,xiaomi_15_ultra
IMG_20260912_072548_1.jpg,vaca_14_072518,13,Minerva,,xiaomi_15_ultra
IMG_20260912_072549.jpg,vaca_14_072518,13,Minerva,,xiaomi_15_ultra
IMG_20260912_072549_1.jpg,vaca_14_072518,13,Minerva,,xiaomi_15_ultra
IMG_20260912_072553.jpg,vaca_14_072518,13,Minerva,,xiaomi_15_ultra
IMG_20260912_072554.jpg,vaca_14_072518,13,Minerva,,xiaomi_15_ultra
IMG_20260912_072554_1.jpg,vaca_14_072518,13,Minerva,,xiaomi_15_ultra
IMG_20260912_072555.jpg,vaca_14_072518,13,Minerva,,xiaomi_15_ultra
IMG_20260912_072555_1.jpg,vaca_14_072518,13,Minerva,,xiaomi_15_ultra
IMG_20260912_072754.jpg,vaca_15_072754,14,Carlina,207902,xiaomi_15_ultra
IMG_20260912_072755.jpg,vaca_15_072754,14,Carlina,207902,xiaomi_15_ultra
IMG_20260912_072755_1.jpg,vaca_15_072754,14,Carlina,207902,xiaomi_15_ultra
IMG_20260912_072756.jpg,vaca_15_072754,14,Carlina,207902,xiaomi_15_ultra
IMG_20260912_072756_1.jpg,vaca_15_072754,14,Carlina,207902,xiaomi_15_ultra
IMG_20260912_072757.jpg,vaca_15_072754,14,Carlina,207902,xiaomi_15_ultra
IMG_20260912_072758.jpg,vaca_15_072754,14,Carlina,207902,xiaomi_15_ultra
IMG_20260912_072759.jpg,vaca_15_072754,14,Carlina,207902,xiaomi_15_ultra
IMG_20260912_072806.jpg,vaca_15_072754,14,Carlina,207902,xiaomi_15_ultra
IMG_20260912_072806_1.jpg,vaca_15_072754,14,Carlina,207902,xiaomi_15_ultra
IMG_20260912_072807.jpg,vaca_15_072754,14,Carlina,207902,xiaomi_15_ultra
IMG_20260912_072807_1.jpg,vaca_15_072754,14,Carlina,207902,xiaomi_15_ultra
IMG_20260912_072808.jpg,vaca_15_072754,14,Carlina,207902,xiaomi_15_ultra
IMG_20260912_072808_1.jpg,vaca_15_072754,14,Carlina,207902,xiaomi_15_ultra
IMG_20260912_072809.jpg,vaca_15_072754,14,Carlina,207902,xiaomi_15_ultra
IMG_20260912_072809_1.jpg,vaca_15_072754,14,Carlina,207902,xiaomi_15_ultra
IMG_20260912_072810.jpg,vaca_15_072754,14,Carlina,207902,xiaomi_15_ultra
IMG_20260912_072810_1.jpg,vaca_15_072754,14,Carlina,207902,xiaomi_15_ultra
IMG_20260912_072811.jpg,vaca_15_072754,14,Carlina,207902,xiaomi_15_ultra
IMG_20260912_072811_1.jpg,vaca_15_072754,14,Carlina,207902,xiaomi_15_ultra
IMG_20260912_072812.jpg,vaca_15_072754,14,Carlina,207902,xiaomi_15_ultra
IMG_20260912_072812_1.jpg,vaca_15_072754,14,Carlina,207902,xiaomi_15_ultra
IMG_20260912_072813.jpg,vaca_15_072754,14,Carlina,207902,xiaomi_15_ultra
IMG_20260912_072817.jpg,vaca_15_072754,14,Carlina,207902,xiaomi_15_ultra
IMG_20260912_072818.jpg,vaca_15_072754,14,Carlina,207902,xiaomi_15_ultra
IMG_20260912_072818_1.jpg,vaca_15_072754,14,Carlina,207902,xiaomi_15_ultra
IMG_20260912_072819.jpg,vaca_15_072754,14,Carlina,207902,xiaomi_15_ultra
IMG_20260912_072819_1.jpg,vaca_15_072754,14,Carlina,207902,xiaomi_15_ultra
IMG_20260912_072820.jpg,vaca_15_072754,14,Carlina,207902,xiaomi_15_ultra
IMG_20260912_072820_1.jpg,vaca_15_072754,14,Carlina,207902,xiaomi_15_ultra
IMG_20260912_072821.jpg,vaca_15_072754,14,Carlina,207902,xiaomi_15_ultra
IMG_20260912_072824.jpg,vaca_15_072754,14,Carlina,207902,xiaomi_15_ultra
IMG_20260912_072825.jpg,vaca_15_072754,14,Carlina,207902,xiaomi_15_ultra
IMG_20260912_072825_1.jpg,vaca_15_072754,14,Carlina,207902,xiaomi_15_ultra
IMG_20260912_072826.jpg,vaca_15_072754,14,Carlina,207902,xiaomi_15_ultra
IMG_20260912_072827.jpg,vaca_15_072754,14,Carlina,207902,xiaomi_15_ultra
IMG_20260912_072827_1.jpg,vaca_15_072754,14,Carlina,207902,xiaomi_15_ultra
IMG_20260912_072931.jpg,vaca_16_072931,15,Leonora,,xiaomi_15_ultra
IMG_20260912_072931_1.jpg,vaca_16_072931,15,Leonora,,xiaomi_15_ultra
IMG_20260912_072932.jpg,vaca_16_072931,15,Leonora,,xiaomi_15_ultra
IMG_20260912_072933.jpg,vaca_16_072931,15,Leonora,,xiaomi_15_ultra
IMG_20260912_072933_1.jpg,vaca_16_072931,15,Leonora,,xiaomi_15_ultra
IMG_20260912_072934.jpg,vaca_16_072931,15,Leonora,,xiaomi_15_ultra
IMG_20260912_072935.jpg,vaca_16_072931,15,Leonora,,xiaomi_15_ultra
IMG_20260912_072935_1.jpg,vaca_16_072931,15,Leonora,,xiaomi_15_ultra
IMG_20260912_072936.jpg,vaca_16_072931,15,Leonora,,xiaomi_15_ultra
IMG_20260912_072936_1.jpg,vaca_16_072931,15,Leonora,,xiaomi_15_ultra
IMG_20260912_072937.jpg,vaca_16_072931,15,Leonora,,xiaomi_15_ultra
IMG_20260912_072937_1.jpg,vaca_16_072931,15,Leonora,,xiaomi_15_ultra
IMG_20260912_072943.jpg,vaca_16_072931,15,Leonora,,xiaomi_15_ultra
IMG_20260912_072943_1.jpg,vaca_16_072931,15,Leonora,,xiaomi_15_ultra
IMG_20260912_072944.jpg,vaca_16_072931,15,Leonora,,xiaomi_15_ultra
IMG_20260912_072944_1.jpg,vaca_16_072931,15,Leonora,,xiaomi_15_ultra
IMG_20260912_072945.jpg,vaca_16_072931,15,Leonora,,xiaomi_15_ultra
IMG_20260912_072945_1.jpg,vaca_16_072931,15,Leonora,,xiaomi_15_ultra
IMG_20260912_072946.jpg,vaca_16_072931,15,Leonora,,xiaomi_15_ultra
IMG_20260912_072947.jpg,vaca_16_072931,15,Leonora,,xiaomi_15_ultra
IMG_20260912_072947_1.jpg,vaca_16_072931,15,Leonora,,xiaomi_15_ultra
IMG_20260912_072948.jpg,vaca_16_072931,15,Leonora,,xiaomi_15_ultra
IMG_20260912_072948_1.jpg,vaca_16_072931,15,Leonora,,xiaomi_15_ultra
IMG_20260912_072954.jpg,vaca_16_072931,15,Leonora,,xiaomi_15_ultra
IMG_20260912_072954_1.jpg,vaca_16_072931,15,Leonora,,xiaomi_15_ultra
IMG_20260912_072955.jpg,vaca_16_072931,15,Leonora,,xiaomi_15_ultra
IMG_20260912_072955_1.jpg,vaca_16_072931,15,Leonora,,xiaomi_15_ultra
IMG_20260912_072956.jpg,vaca_16_072931,15,Leonora,,xiaomi_15_ultra
IMG_20260912_072956_1.jpg,vaca_16_072931,15,Leonora,,xiaomi_15_ultra
IMG_20260912_072957.jpg,vaca_16_072931,15,Leonora,,xiaomi_15_ultra
IMG_20260912_072957_1.jpg,vaca_16_072931,15,Leonora,,xiaomi_15_ultra
IMG_20260912_072958.jpg,vaca_16_072931,15,Leonora,,xiaomi_15_ultra
IMG_20260912_072958_1.jpg,vaca_16_072931,15,Leonora,,xiaomi_15_ultra
IMG_20260912_073001.jpg,vaca_16_072931,15,Leonora,,xiaomi_15_ultra
IMG_20260912_073002.jpg,vaca_16_072931,15,Leonora,,xiaomi_15_ultra
IMG_20260912_073002_1.jpg,vaca_16_072931,15,Leonora,,xiaomi_15_ultra
IMG_20260912_073003.jpg,vaca_16_072931,15,Leonora,,xiaomi_15_ultra
IMG_20260912_073046.jpg,vaca_17_073046,16,Cereza,246502,xiaomi_15_ultra
IMG_20260912_073047.jpg,vaca_17_073046,16,Cereza,246502,xiaomi_15_ultra
IMG_20260912_073048.jpg,vaca_17_073046,16,Cereza,246502,xiaomi_15_ultra
IMG_20260912_073048_1.jpg,vaca_17_073046,16,Cereza,246502,xiaomi_15_ultra
IMG_20260912_073049.jpg,vaca_17_073046,16,Cereza,246502,xiaomi_15_ultra
IMG_20260912_073049_1.jpg,vaca_17_073046,16,Cereza,246502,xiaomi_15_ultra
IMG_20260912_073049_2.jpg,vaca_17_073046,16,Cereza,246502,xiaomi_15_ultra
IMG_20260912_073050.jpg,vaca_17_073046,16,Cereza,246502,xiaomi_15_ultra
IMG_20260912_073051.jpg,vaca_17_073046,16,Cereza,246502,xiaomi_15_ultra
IMG_20260912_073057.jpg,vaca_17_073046,16,Cereza,246502,xiaomi_15_ultra
IMG_20260912_073057_1.jpg,vaca_17_073046,16,Cereza,246502,xiaomi_15_ultra
IMG_20260912_073058.jpg,vaca_17_073046,16,Cereza,246502,xiaomi_15_ultra
IMG_20260912_073058_1.jpg,vaca_17_073046,16,Cereza,246502,xiaomi_15_ultra
IMG_20260912_073059.jpg,vaca_17_073046,16,Cereza,246502,xiaomi_15_ultra
IMG_20260912_073059_1.jpg,vaca_17_073046,16,Cereza,246502,xiaomi_15_ultra
IMG_20260912_073100.jpg,vaca_17_073046,16,Cereza,246502,xiaomi_15_ultra
IMG_20260912_073100_1.jpg,vaca_17_073046,16,Cereza,246502,xiaomi_15_ultra
IMG_20260912_073101.jpg,vaca_17_073046,16,Cereza,246502,xiaomi_15_ultra
IMG_20260912_073101_1.jpg,vaca_17_073046,16,Cereza,246502,xiaomi_15_ultra
IMG_20260912_073101_2.jpg,vaca_17_073046,16,Cereza,246502,xiaomi_15_ultra
IMG_20260912_073102.jpg,vaca_17_073046,16,Cereza,246502,xiaomi_15_ultra
IMG_20260912_073102_1.jpg,vaca_17_073046,16,Cereza,246502,xiaomi_15_ultra
IMG_20260912_073103.jpg,vaca_17_073046,16,Cereza,246502,xiaomi_15_ultra
IMG_20260912_073103_1.jpg,vaca_17_073046,16,Cereza,246502,xiaomi_15_ultra
IMG_20260912_073104.jpg,vaca_17_073046,16,Cereza,246502,xiaomi_15_ultra
IMG_20260912_073104_1.jpg,vaca_17_073046,16,Cereza,246502,xiaomi_15_ultra
IMG_20260912_073105.jpg,vaca_17_073046,16,Cereza,246502,xiaomi_15_ultra
IMG_20260912_073109.jpg,vaca_17_073046,16,Cereza,246502,xiaomi_15_ultra
IMG_20260912_073110.jpg,vaca_17_073046,16,Cereza,246502,xiaomi_15_ultra
IMG_20260912_073111.jpg,vaca_17_073046,16,Cereza,246502,xiaomi_15_ultra
IMG_20260912_073111_1.jpg,vaca_17_073046,16,Cereza,246502,xiaomi_15_ultra
IMG_20260912_073112.jpg,vaca_17_073046,16,Cereza,246502,xiaomi_15_ultra
IMG_20260912_073113.jpg,vaca_17_073046,16,Cereza,246502,xiaomi_15_ultra
IMG_20260912_073116.jpg,vaca_17_073046,16,Cereza,246502,xiaomi_15_ultra
IMG_20260912_073116_1.jpg,vaca_17_073046,16,Cereza,246502,xiaomi_15_ultra
IMG_20260912_073117.jpg,vaca_17_073046,16,Cereza,246502,xiaomi_15_ultra
IMG_20260912_073204.jpg,vaca_18_073204,17,Guadalupe,,xiaomi_15_ultra
IMG_20260912_073205.jpg,vaca_18_073204,17,Guadalupe,,xiaomi_15_ultra
IMG_20260912_073206.jpg,vaca_18_073204,17,Guadalupe,,xiaomi_15_ultra
IMG_20260912_073206_1.jpg,vaca_18_073204,17,Guadalupe,,xiaomi_15_ultra
IMG_20260912_073206_2.jpg,vaca_18_073204,17,Guadalupe,,xiaomi_15_ultra
IMG_20260912_073207.jpg,vaca_18_073204,17,Guadalupe,,xiaomi_15_ultra
IMG_20260912_073207_1.jpg,vaca_18_073204,17,Guadalupe,,xiaomi_15_ultra
IMG_20260912_073208.jpg,vaca_18_073204,17,Guadalupe,,xiaomi_15_ultra
IMG_20260912_073208_1.jpg,vaca_18_073204,17,Guadalupe,,xiaomi_15_ultra
IMG_20260912_073209.jpg,vaca_18_073204,17,Guadalupe,,xiaomi_15_ultra
IMG_20260912_073209_1.jpg,vaca_18_073204,17,Guadalupe,,xiaomi_15_ultra
IMG_20260912_073214.jpg,vaca_18_073204,17,Guadalupe,,xiaomi_15_ultra
IMG_20260912_073214_1.jpg,vaca_18_073204,17,Guadalupe,,xiaomi_15_ultra
IMG_20260912_073215.jpg,vaca_18_073204,17,Guadalupe,,xiaomi_15_ultra
IMG_20260912_073215_1.jpg,vaca_18_073204,17,Guadalupe,,xiaomi_15_ultra
IMG_20260912_073216.jpg,vaca_18_073204,17,Guadalupe,,xiaomi_15_ultra
IMG_20260912_073216_1.jpg,vaca_18_073204,17,Guadalupe,,xiaomi_15_ultra
IMG_20260912_073217.jpg,vaca_18_073204,17,Guadalupe,,xiaomi_15_ultra
IMG_20260912_073217_1.jpg,vaca_18_073204,17,Guadalupe,,xiaomi_15_ultra
IMG_20260912_073218.jpg,vaca_18_073204,17,Guadalupe,,xiaomi_15_ultra
IMG_20260912_073218_1.jpg,vaca_18_073204,17,Guadalupe,,xiaomi_15_ultra
IMG_20260912_073219.jpg,vaca_18_073204,17,Guadalupe,,xiaomi_15_ultra
IMG_20260912_073219_1.jpg,vaca_18_073204,17,Guadalupe,,xiaomi_15_ultra
IMG_20260912_073225.jpg,vaca_18_073204,17,Guadalupe,,xiaomi_15_ultra
IMG_20260912_073225_1.jpg,vaca_18_073204,17,Guadalupe,,xiaomi_15_ultra
IMG_20260912_073226.jpg,vaca_18_073204,17,Guadalupe,,xiaomi_15_ultra
IMG_20260912_073226_1.jpg,vaca_18_073204,17,Guadalupe,,xiaomi_15_ultra
IMG_20260912_073227.jpg,vaca_18_073204,17,Guadalupe,,xiaomi_15_ultra
IMG_20260912_073227_1.jpg,vaca_18_073204,17,Guadalupe,,xiaomi_15_ultra
IMG_20260912_073228.jpg,vaca_18_073204,17,Guadalupe,,xiaomi_15_ultra
IMG_20260912_073228_1.jpg,vaca_18_073204,17,Guadalupe,,xiaomi_15_ultra
IMG_20260912_073229.jpg,vaca_18_073204,17,Guadalupe,,xiaomi_15_ultra
IMG_20260912_073327.jpg,vaca_19_073327,18,Nicoleta,026590,xiaomi_15_ultra
IMG_20260912_073327_1.jpg,vaca_19_073327,18,Nicoleta,026590,xiaomi_15_ultra
IMG_20260912_073328.jpg,vaca_19_073327,18,Nicoleta,026590,xiaomi_15_ultra
IMG_20260912_073331.jpg,vaca_19_073327,18,Nicoleta,026590,xiaomi_15_ultra
IMG_20260912_073331_1.jpg,vaca_19_073327,18,Nicoleta,026590,xiaomi_15_ultra
IMG_20260912_073331_2.jpg,vaca_19_073327,18,Nicoleta,026590,xiaomi_15_ultra
IMG_20260912_073332.jpg,vaca_19_073327,18,Nicoleta,026590,xiaomi_15_ultra
IMG_20260912_073332_1.jpg,vaca_19_073327,18,Nicoleta,026590,xiaomi_15_ultra
IMG_20260912_073333.jpg,vaca_19_073327,18,Nicoleta,026590,xiaomi_15_ultra
IMG_20260912_073337.jpg,vaca_19_073327,18,Nicoleta,026590,xiaomi_15_ultra
IMG_20260912_073338.jpg,vaca_19_073327,18,Nicoleta,026590,xiaomi_15_ultra
IMG_20260912_073338_1.jpg,vaca_19_073327,18,Nicoleta,026590,xiaomi_15_ultra
IMG_20260912_073338_2.jpg,vaca_19_073327,18,Nicoleta,026590,xiaomi_15_ultra
IMG_20260912_073339.jpg,vaca_19_073327,18,Nicoleta,026590,xiaomi_15_ultra
IMG_20260912_073339_1.jpg,vaca_19_073327,18,Nicoleta,026590,xiaomi_15_ultra
IMG_20260912_073340.jpg,vaca_19_073327,18,Nicoleta,026590,xiaomi_15_ultra
IMG_20260912_073340_1.jpg,vaca_19_073327,18,Nicoleta,026590,xiaomi_15_ultra
IMG_20260912_073341.jpg,vaca_19_073327,18,Nicoleta,026590,xiaomi_15_ultra
IMG_20260912_073345.jpg,vaca_19_073327,18,Nicoleta,026590,xiaomi_15_ultra
IMG_20260912_073346.jpg,vaca_19_073327,18,Nicoleta,026590,xiaomi_15_ultra
IMG_20260912_073346_1.jpg,vaca_19_073327,18,Nicoleta,026590,xiaomi_15_ultra
IMG_20260912_073347.jpg,vaca_19_073327,18,Nicoleta,026590,xiaomi_15_ultra
IMG_20260912_073347_1.jpg,vaca_19_073327,18,Nicoleta,026590,xiaomi_15_ultra
IMG_20260912_073348.jpg,vaca_19_073327,18,Nicoleta,026590,xiaomi_15_ultra
IMG_20260912_073349.jpg,vaca_19_073327,18,Nicoleta,026590,xiaomi_15_ultra
IMG_20260912_073352.jpg,vaca_19_073327,18,Nicoleta,026590,xiaomi_15_ultra
IMG_20260912_073353.jpg,vaca_19_073327,18,Nicoleta,026590,xiaomi_15_ultra
IMG_20260912_073353_1.jpg,vaca_19_073327,18,Nicoleta,026590,xiaomi_15_ultra
IMG_20260912_073452.jpg,vaca_20_073452,19,Mafer,236693,xiaomi_15_ultra
IMG_20260912_073452_1.jpg,vaca_20_073452,19,Mafer,236693,xiaomi_15_ultra
IMG_20260912_073453.jpg,vaca_20_073452,19,Mafer,236693,xiaomi_15_ultra
IMG_20260912_073453_1.jpg,vaca_20_073452,19,Mafer,236693,xiaomi_15_ultra
IMG_20260912_073454.jpg,vaca_20_073452,19,Mafer,236693,xiaomi_15_ultra
IMG_20260912_073454_1.jpg,vaca_20_073452,19,Mafer,236693,xiaomi_15_ultra
IMG_20260912_073455.jpg,vaca_20_073452,19,Mafer,236693,xiaomi_15_ultra
IMG_20260912_073455_1.jpg,vaca_20_073452,19,Mafer,236693,xiaomi_15_ultra
IMG_20260912_073456.jpg,vaca_20_073452,19,Mafer,236693,xiaomi_15_ultra
IMG_20260912_073456_1.jpg,vaca_20_073452,19,Mafer,236693,xiaomi_15_ultra
IMG_20260912_073500.jpg,vaca_20_073452,19,Mafer,236693,xiaomi_15_ultra
IMG_20260912_073501.jpg,vaca_20_073452,19,Mafer,236693,xiaomi_15_ultra
IMG_20260912_073501_1.jpg,vaca_20_073452,19,Mafer,236693,xiaomi_15_ultra
IMG_20260912_073502.jpg,vaca_20_073452,19,Mafer,236693,xiaomi_15_ultra
IMG_20260912_073502_1.jpg,vaca_20_073452,19,Mafer,236693,xiaomi_15_ultra
IMG_20260912_073503.jpg,vaca_20_073452,19,Mafer,236693,xiaomi_15_ultra
IMG_20260912_073503_1.jpg,vaca_20_073452,19,Mafer,236693,xiaomi_15_ultra
IMG_20260912_073504.jpg,vaca_20_073452,19,Mafer,236693,xiaomi_15_ultra
IMG_20260912_073507.jpg,vaca_20_073452,19,Mafer,236693,xiaomi_15_ultra
IMG_20260912_073508.jpg,vaca_20_073452,19,Mafer,236693,xiaomi_15_ultra
IMG_20260912_073508_1.jpg,vaca_20_073452,19,Mafer,236693,xiaomi_15_ultra
IMG_20260912_073509.jpg,vaca_20_073452,19,Mafer,236693,xiaomi_15_ultra
IMG_20260912_073510.jpg,vaca_20_073452,19,Mafer,236693,xiaomi_15_ultra
IMG_20260912_073511.jpg,vaca_20_073452,19,Mafer,236693,xiaomi_15_ultra
IMG_20260912_073515.jpg,vaca_20_073452,19,Mafer,236693,xiaomi_15_ultra
IMG_20260912_073636.jpg,vaca_21_073636,20,Anita,,xiaomi_15_ultra
IMG_20260912_073636_1.jpg,vaca_21_073636,20,Anita,,xiaomi_15_ultra
IMG_20260912_073637.jpg,vaca_21_073636,20,Anita,,xiaomi_15_ultra
IMG_20260912_073638.jpg,vaca_21_073636,20,Anita,,xiaomi_15_ultra
IMG_20260912_073638_1.jpg,vaca_21_073636,20,Anita,,xiaomi_15_ultra
IMG_20260912_073639.jpg,vaca_21_073636,20,Anita,,xiaomi_15_ultra
IMG_20260912_073639_1.jpg,vaca_21_073636,20,Anita,,xiaomi_15_ultra
IMG_20260912_073640.jpg,vaca_21_073636,20,Anita,,xiaomi_15_ultra
IMG_20260912_073640_1.jpg,vaca_21_073636,20,Anita,,xiaomi_15_ultra
IMG_20260912_073641.jpg,vaca_21_073636,20,Anita,,xiaomi_15_ultra
IMG_20260912_073641_1.jpg,vaca_21_073636,20,Anita,,xiaomi_15_ultra
IMG_20260912_073646.jpg,vaca_21_073636,20,Anita,,xiaomi_15_ultra
IMG_20260912_073647.jpg,vaca_21_073636,20,Anita,,xiaomi_15_ultra
IMG_20260912_073648.jpg,vaca_21_073636,20,Anita,,xiaomi_15_ultra
IMG_20260912_073648_1.jpg,vaca_21_073636,20,Anita,,xiaomi_15_ultra
IMG_20260912_073649.jpg,vaca_21_073636,20,Anita,,xiaomi_15_ultra
IMG_20260912_073649_1.jpg,vaca_21_073636,20,Anita,,xiaomi_15_ultra
IMG_20260912_073650.jpg,vaca_21_073636,20,Anita,,xiaomi_15_ultra
IMG_20260912_073651.jpg,vaca_21_073636,20,Anita,,xiaomi_15_ultra
IMG_20260912_073655.jpg,vaca_21_073636,20,Anita,,xiaomi_15_ultra
IMG_20260912_073655_1.jpg,vaca_21_073636,20,Anita,,xiaomi_15_ultra
IMG_20260912_073656.jpg,vaca_21_073636,20,Anita,,xiaomi_15_ultra
IMG_20260912_073656_1.jpg,vaca_21_073636,20,Anita,,xiaomi_15_ultra
IMG_20260912_073657.jpg,vaca_21_073636,20,Anita,,xiaomi_15_ultra
IMG_20260912_073657_1.jpg,vaca_21_073636,20,Anita,,xiaomi_15_ultra
IMG_20260912_073658.jpg,vaca_21_073636,20,Anita,,xiaomi_15_ultra
IMG_20260912_073658_1.jpg,vaca_21_073636,20,Anita,,xiaomi_15_ultra
IMG_20260912_073749.jpg,vaca_22_073749,21,Zafiro,236697,xiaomi_15_ultra
IMG_20260912_073750.jpg,vaca_22_073749,21,Zafiro,236697,xiaomi_15_ultra
IMG_20260912_073750_1.jpg,vaca_22_073749,21,Zafiro,236697,xiaomi_15_ultra
IMG_20260912_073751.jpg,vaca_22_073749,21,Zafiro,236697,xiaomi_15_ultra
IMG_20260912_073751_1.jpg,vaca_22_073749,21,Zafiro,236697,xiaomi_15_ultra
IMG_20260912_073752.jpg,vaca_22_073749,21,Zafiro,236697,xiaomi_15_ultra
IMG_20260912_073752_1.jpg,vaca_22_073749,21,Zafiro,236697,xiaomi_15_ultra
IMG_20260912_073753.jpg,vaca_22_073749,21,Zafiro,236697,xiaomi_15_ultra
IMG_20260912_073753_1.jpg,vaca_22_073749,21,Zafiro,236697,xiaomi_15_ultra
IMG_20260912_073758.jpg,vaca_22_073749,21,Zafiro,236697,xiaomi_15_ultra
IMG_20260912_073759.jpg,vaca_22_073749,21,Zafiro,236697,xiaomi_15_ultra
IMG_20260912_073759_1.jpg,vaca_22_073749,21,Zafiro,236697,xiaomi_15_ultra
IMG_20260912_073800.jpg,vaca_22_073749,21,Zafiro,236697,xiaomi_15_ultra
IMG_20260912_073800_1.jpg,vaca_22_073749,21,Zafiro,236697,xiaomi_15_ultra
IMG_20260912_073801.jpg,vaca_22_073749,21,Zafiro,236697,xiaomi_15_ultra
IMG_20260912_073801_1.jpg,vaca_22_073749,21,Zafiro,236697,xiaomi_15_ultra
IMG_20260912_073802.jpg,vaca_22_073749,21,Zafiro,236697,xiaomi_15_ultra
IMG_20260912_073806.jpg,vaca_22_073749,21,Zafiro,236697,xiaomi_15_ultra
IMG_20260912_073807.jpg,vaca_22_073749,21,Zafiro,236697,xiaomi_15_ultra
IMG_20260912_073807_1.jpg,vaca_22_073749,21,Zafiro,236697,xiaomi_15_ultra
IMG_20260912_073807_2.jpg,vaca_22_073749,21,Zafiro,236697,xiaomi_15_ultra
IMG_20260912_073808.jpg,vaca_22_073749,21,Zafiro,236697,xiaomi_15_ultra
IMG_20260912_073808_1.jpg,vaca_22_073749,21,Zafiro,236697,xiaomi_15_ultra
IMG_20260912_073809.jpg,vaca_22_073749,21,Zafiro,236697,xiaomi_15_ultra
IMG_20260912_073809_1.jpg,vaca_22_073749,21,Zafiro,236697,xiaomi_15_ultra
IMG_20260912_073812.jpg,vaca_22_073749,21,Zafiro,236697,xiaomi_15_ultra
IMG_20260912_073813.jpg,vaca_22_073749,21,Zafiro,236697,xiaomi_15_ultra
IMG_20260912_073813_1.jpg,vaca_22_073749,21,Zafiro,236697,xiaomi_15_ultra
IMG_20260912_073814.jpg,vaca_22_073749,21,Zafiro,236697,xiaomi_15_ultra
IMG_20260912_073817.jpg,vaca_22_073749,21,Zafiro,236697,xiaomi_15_ultra
IMG_20260912_073818.jpg,vaca_22_073749,21,Zafiro,236697,xiaomi_15_ultra
IMG_20260912_073818_1.jpg,vaca_22_073749,21,Zafiro,236697,xiaomi_15_ultra
IMG_20260912_073908.jpg,vaca_23_073908,22,Selena,223679,xiaomi_15_ultra
IMG_20260912_073909.jpg,vaca_23_073908,22,Selena,223679,xiaomi_15_ultra
IMG_20260912_073909_1.jpg,vaca_23_073908,22,Selena,223679,xiaomi_15_ultra
IMG_20260912_073910.jpg,vaca_23_073908,22,Selena,223679,xiaomi_15_ultra
IMG_20260912_073911.jpg,vaca_23_073908,22,Selena,223679,xiaomi_15_ultra
IMG_20260912_073911_1.jpg,vaca_23_073908,22,Selena,223679,xiaomi_15_ultra
IMG_20260912_073912.jpg,vaca_23_073908,22,Selena,223679,xiaomi_15_ultra
IMG_20260912_073912_1.jpg,vaca_23_073908,22,Selena,223679,xiaomi_15_ultra
IMG_20260912_073913.jpg,vaca_23_073908,22,Selena,223679,xiaomi_15_ultra
IMG_20260912_073916.jpg,vaca_23_073908,22,Selena,223679,xiaomi_15_ultra
IMG_20260912_073917.jpg,vaca_23_073908,22,Selena,223679,xiaomi_15_ultra
IMG_20260912_073917_1.jpg,vaca_23_073908,22,Selena,223679,xiaomi_15_ultra
IMG_20260912_073918.jpg,vaca_23_073908,22,Selena,223679,xiaomi_15_ultra
IMG_20260912_073918_1.jpg,vaca_23_073908,22,Selena,223679,xiaomi_15_ultra
IMG_20260912_073919.jpg,vaca_23_073908,22,Selena,223679,xiaomi_15_ultra
IMG_20260912_073919_1.jpg,vaca_23_073908,22,Selena,223679,xiaomi_15_ultra
IMG_20260912_073920.jpg,vaca_23_073908,22,Selena,223679,xiaomi_15_ultra
IMG_20260912_073920_1.jpg,vaca_23_073908,22,Selena,223679,xiaomi_15_ultra
IMG_20260912_073921.jpg,vaca_23_073908,22,Selena,223679,xiaomi_15_ultra
IMG_20260912_073924.jpg,vaca_23_073908,22,Selena,223679,xiaomi_15_ultra
IMG_20260912_073925.jpg,vaca_23_073908,22,Selena,223679,xiaomi_15_ultra
IMG_20260912_073925_1.jpg,vaca_23_073908,22,Selena,223679,xiaomi_15_ultra
IMG_20260912_073926.jpg,vaca_23_073908,22,Selena,223679,xiaomi_15_ultra
IMG_20260912_073926_1.jpg,vaca_23_073908,22,Selena,223679,xiaomi_15_ultra
IMG_20260912_073927.jpg,vaca_23_073908,22,Selena,223679,xiaomi_15_ultra
IMG_20260912_073927_1.jpg,vaca_23_073908,22,Selena,223679,xiaomi_15_ultra
IMG_20260912_073927_2.jpg,vaca_23_073908,22,Selena,223679,xiaomi_15_ultra
IMG_20260912_073928.jpg,vaca_23_073908,22,Selena,223679,xiaomi_15_ultra
IMG_20260912_073928_1.jpg,vaca_23_073908,22,Selena,223679,xiaomi_15_ultra
IMG_20260912_073929.jpg,vaca_23_073908,22,Selena,223679,xiaomi_15_ultra
IMG_20260912_073929_1.jpg,vaca_23_073908,22,Selena,223679,xiaomi_15_ultra
IMG_20260912_074058.jpg,vaca_24_074058,23,Perla,207915,xiaomi_15_ultra
IMG_20260912_074058_1.jpg,vaca_24_074058,23,Perla,207915,xiaomi_15_ultra
IMG_20260912_074059.jpg,vaca_24_074058,23,Perla,207915,xiaomi_15_ultra
IMG_20260912_074059_1.jpg,vaca_24_074058,23,Perla,207915,xiaomi_15_ultra
IMG_20260912_074100.jpg,vaca_24_074058,23,Perla,207915,xiaomi_15_ultra
IMG_20260912_074100_1.jpg,vaca_24_074058,23,Perla,207915,xiaomi_15_ultra
IMG_20260912_074101.jpg,vaca_24_074058,23,Perla,207915,xiaomi_15_ultra
IMG_20260912_074101_1.jpg,vaca_24_074058,23,Perla,207915,xiaomi_15_ultra
IMG_20260912_074102.jpg,vaca_24_074058,23,Perla,207915,xiaomi_15_ultra
IMG_20260912_074102_1.jpg,vaca_24_074058,23,Perla,207915,xiaomi_15_ultra
IMG_20260912_074106.jpg,vaca_24_074058,23,Perla,207915,xiaomi_15_ultra
IMG_20260912_074107.jpg,vaca_24_074058,23,Perla,207915,xiaomi_15_ultra
IMG_20260912_074107_1.jpg,vaca_24_074058,23,Perla,207915,xiaomi_15_ultra
IMG_20260912_074108.jpg,vaca_24_074058,23,Perla,207915,xiaomi_15_ultra
IMG_20260912_074108_1.jpg,vaca_24_074058,23,Perla,207915,xiaomi_15_ultra
IMG_20260912_074109.jpg,vaca_24_074058,23,Perla,207915,xiaomi_15_ultra
IMG_20260912_074109_1.jpg,vaca_24_074058,23,Perla,207915,xiaomi_15_ultra
IMG_20260912_074110.jpg,vaca_24_074058,23,Perla,207915,xiaomi_15_ultra
IMG_20260912_074110_1.jpg,vaca_24_074058,23,Perla,207915,xiaomi_15_ultra
IMG_20260912_074111.jpg,vaca_24_074058,23,Perla,207915,xiaomi_15_ultra
IMG_20260912_074115.jpg,vaca_24_074058,23,Perla,207915,xiaomi_15_ultra
IMG_20260912_074116.jpg,vaca_24_074058,23,Perla,207915,xiaomi_15_ultra
IMG_20260912_074116_1.jpg,vaca_24_074058,23,Perla,207915,xiaomi_15_ultra
IMG_20260912_074117.jpg,vaca_24_074058,23,Perla,207915,xiaomi_15_ultra
IMG_20260912_074117_1.jpg,vaca_24_074058,23,Perla,207915,xiaomi_15_ultra
IMG_20260912_074118.jpg,vaca_24_074058,23,Perla,207915,xiaomi_15_ultra
IMG_20260912_074118_1.jpg,vaca_24_074058,23,Perla,207915,xiaomi_15_ultra
IMG_20260912_074119.jpg,vaca_24_074058,23,Perla,207915,xiaomi_15_ultra
IMG_20260912_074119_1.jpg,vaca_24_074058,23,Perla,207915,xiaomi_15_ultra
IMG_20260912_074120.jpg,vaca_24_074058,23,Perla,207915,xiaomi_15_ultra
IMG_20260912_074121.jpg,vaca_24_074058,23,Perla,207915,xiaomi_15_ultra
IMG_20260912_074121_1.jpg,vaca_24_074058,23,Perla,207915,xiaomi_15_ultra
IMG_20260912_074239.jpg,vaca_25_074239,24,Chaparrita,207917,xiaomi_15_ultra
IMG_20260912_074239_1.jpg,vaca_25_074239,24,Chaparrita,207917,xiaomi_15_ultra
IMG_20260912_074240.jpg,vaca_25_074239,24,Chaparrita,207917,xiaomi_15_ultra
IMG_20260912_074240_1.jpg,vaca_25_074239,24,Chaparrita,207917,xiaomi_15_ultra
IMG_20260912_074241.jpg,vaca_25_074239,24,Chaparrita,207917,xiaomi_15_ultra
IMG_20260912_074241_1.jpg,vaca_25_074239,24,Chaparrita,207917,xiaomi_15_ultra
IMG_20260912_074242.jpg,vaca_25_074239,24,Chaparrita,207917,xiaomi_15_ultra
IMG_20260912_074242_1.jpg,vaca_25_074239,24,Chaparrita,207917,xiaomi_15_ultra
IMG_20260912_074243.jpg,vaca_25_074239,24,Chaparrita,207917,xiaomi_15_ultra
IMG_20260912_074243_1.jpg,vaca_25_074239,24,Chaparrita,207917,xiaomi_15_ultra
IMG_20260912_074244.jpg,vaca_25_074239,24,Chaparrita,207917,xiaomi_15_ultra
IMG_20260912_074248.jpg,vaca_25_074239,24,Chaparrita,207917,xiaomi_15_ultra
IMG_20260912_074248_1.jpg,vaca_25_074239,24,Chaparrita,207917,xiaomi_15_ultra
IMG_20260912_074249.jpg,vaca_25_074239,24,Chaparrita,207917,xiaomi_15_ultra
IMG_20260912_074249_1.jpg,vaca_25_074239,24,Chaparrita,207917,xiaomi_15_ultra
IMG_20260912_074250.jpg,vaca_25_074239,24,Chaparrita,207917,xiaomi_15_ultra
IMG_20260912_074250_1.jpg,vaca_25_074239,24,Chaparrita,207917,xiaomi_15_ultra
IMG_20260912_074251.jpg,vaca_25_074239,24,Chaparrita,207917,xiaomi_15_ultra
IMG_20260912_074251_1.jpg,vaca_25_074239,24,Chaparrita,207917,xiaomi_15_ultra
IMG_20260912_074255.jpg,vaca_25_074239,24,Chaparrita,207917,xiaomi_15_ultra
IMG_20260912_074256.jpg,vaca_25_074239,24,Chaparrita,207917,xiaomi_15_ultra
IMG_20260912_074256_1.jpg,vaca_25_074239,24,Chaparrita,207917,xiaomi_15_ultra
IMG_20260912_074256_2.jpg,vaca_25_074239,24,Chaparrita,207917,xiaomi_15_ultra
IMG_20260912_074257.jpg,vaca_25_074239,24,Chaparrita,207917,xiaomi_15_ultra
IMG_20260912_074257_1.jpg,vaca_25_074239,24,Chaparrita,207917,xiaomi_15_ultra
IMG_20260912_074258.jpg,vaca_25_074239,24,Chaparrita,207917,xiaomi_15_ultra
IMG_20260912_074258_1.jpg,vaca_25_074239,24,Chaparrita,207917,xiaomi_15_ultra
IMG_20260912_074259.jpg,vaca_25_074239,24,Chaparrita,207917,xiaomi_15_ultra
IMG_20260912_074259_1.jpg,vaca_25_074239,24,Chaparrita,207917,xiaomi_15_ultra
IMG_20260912_074300.jpg,vaca_25_074239,24,Chaparrita,207917,xiaomi_15_ultra
IMG_20260912_074354.jpg,vaca_26_074354,25,Lucy,236669,xiaomi_15_ultra
IMG_20260912_074355.jpg,vaca_26_074354,25,Lucy,236669,xiaomi_15_ultra
IMG_20260912_074356.jpg,vaca_26_074354,25,Lucy,236669,xiaomi_15_ultra
IMG_20260912_074356_1.jpg,vaca_26_074354,25,Lucy,236669,xiaomi_15_ultra
IMG_20260912_074357.jpg,vaca_26_074354,25,Lucy,236669,xiaomi_15_ultra
IMG_20260912_074357_1.jpg,vaca_26_074354,25,Lucy,236669,xiaomi_15_ultra
IMG_20260912_074358.jpg,vaca_26_074354,25,Lucy,236669,xiaomi_15_ultra
IMG_20260912_074358_1.jpg,vaca_26_074354,25,Lucy,236669,xiaomi_15_ultra
IMG_20260912_074358_2.jpg,vaca_26_074354,25,Lucy,236669,xiaomi_15_ultra
IMG_20260912_074359.jpg,vaca_26_074354,25,Lucy,236669,xiaomi_15_ultra
IMG_20260912_074404.jpg,vaca_26_074354,25,Lucy,236669,xiaomi_15_ultra
IMG_20260912_074404_1.jpg,vaca_26_074354,25,Lucy,236669,xiaomi_15_ultra
IMG_20260912_074405.jpg,vaca_26_074354,25,Lucy,236669,xiaomi_15_ultra
IMG_20260912_074405_1.jpg,vaca_26_074354,25,Lucy,236669,xiaomi_15_ultra
IMG_20260912_074406.jpg,vaca_26_074354,25,Lucy,236669,xiaomi_15_ultra
IMG_20260912_074406_1.jpg,vaca_26_074354,25,Lucy,236669,xiaomi_15_ultra
IMG_20260912_074407.jpg,vaca_26_074354,25,Lucy,236669,xiaomi_15_ultra
IMG_20260912_074407_1.jpg,vaca_26_074354,25,Lucy,236669,xiaomi_15_ultra
IMG_20260912_074408.jpg,vaca_26_074354,25,Lucy,236669,xiaomi_15_ultra
IMG_20260912_074408_1.jpg,vaca_26_074354,25,Lucy,236669,xiaomi_15_ultra
IMG_20260912_074414.jpg,vaca_26_074354,25,Lucy,236669,xiaomi_15_ultra
IMG_20260912_074414_1.jpg,vaca_26_074354,25,Lucy,236669,xiaomi_15_ultra
IMG_20260912_074415.jpg,vaca_26_074354,25,Lucy,236669,xiaomi_15_ultra
IMG_20260912_074415_1.jpg,vaca_26_074354,25,Lucy,236669,xiaomi_15_ultra
IMG_20260912_074416.jpg,vaca_26_074354,25,Lucy,236669,xiaomi_15_ultra
IMG_20260912_074416_1.jpg,vaca_26_074354,25,Lucy,236669,xiaomi_15_ultra
IMG_20260912_074417.jpg,vaca_26_074354,25,Lucy,236669,xiaomi_15_ultra
IMG_20260912_074417_1.jpg,vaca_26_074354,25,Lucy,236669,xiaomi_15_ultra
IMG_20260912_074418.jpg,vaca_26_074354,25,Lucy,236669,xiaomi_15_ultra
IMG_20260912_074418_1.jpg,vaca_26_074354,25,Lucy,236669,xiaomi_15_ultra
IMG_20260912_074418_2.jpg,vaca_26_074354,25,Lucy,236669,xiaomi_15_ultra
IMG_20260912_074419.jpg,vaca_26_074354,25,Lucy,236669,xiaomi_15_ultra
IMG_20260912_074419_1.jpg,vaca_26_074354,25,Lucy,236669,xiaomi_15_ultra
IMG_20260912_074443.jpg,vaca_26_074354,25,Lucy,236669,xiaomi_15_ultra
IMG_20260912_074529.jpg,vaca_27_074529,26,Mauita,,xiaomi_15_ultra
IMG_20260912_074530.jpg,vaca_27_074529,26,Mauita,,xiaomi_15_ultra
IMG_20260912_074530_1.jpg,vaca_27_074529,26,Mauita,,xiaomi_15_ultra
IMG_20260912_074531.jpg,vaca_27_074529,26,Mauita,,xiaomi_15_ultra
IMG_20260912_074531_1.jpg,vaca_27_074529,26,Mauita,,xiaomi_15_ultra
IMG_20260912_074532.jpg,vaca_27_074529,26,Mauita,,xiaomi_15_ultra
IMG_20260912_074533.jpg,vaca_27_074529,26,Mauita,,xiaomi_15_ultra
IMG_20260912_074533_1.jpg,vaca_27_074529,26,Mauita,,xiaomi_15_ultra
IMG_20260912_074534.jpg,vaca_27_074529,26,Mauita,,xiaomi_15_ultra
IMG_20260912_074540.jpg,vaca_27_074529,26,Mauita,,xiaomi_15_ultra
IMG_20260912_074540_1.jpg,vaca_27_074529,26,Mauita,,xiaomi_15_ultra
IMG_20260912_074540_2.jpg,vaca_27_074529,26,Mauita,,xiaomi_15_ultra
IMG_20260912_074541.jpg,vaca_27_074529,26,Mauita,,xiaomi_15_ultra
IMG_20260912_074541_1.jpg,vaca_27_074529,26,Mauita,,xiaomi_15_ultra
IMG_20260912_074542.jpg,vaca_27_074529,26,Mauita,,xiaomi_15_ultra
IMG_20260912_074542_1.jpg,vaca_27_074529,26,Mauita,,xiaomi_15_ultra
IMG_20260912_074543.jpg,vaca_27_074529,26,Mauita,,xiaomi_15_ultra
IMG_20260912_074543_1.jpg,vaca_27_074529,26,Mauita,,xiaomi_15_ultra
IMG_20260912_074544.jpg,vaca_27_074529,26,Mauita,,xiaomi_15_ultra
IMG_20260912_074544_1.jpg,vaca_27_074529,26,Mauita,,xiaomi_15_ultra
IMG_20260912_074550.jpg,vaca_27_074529,26,Mauita,,xiaomi_15_ultra
IMG_20260912_074550_1.jpg,vaca_27_074529,26,Mauita,,xiaomi_15_ultra
IMG_20260912_074551.jpg,vaca_27_074529,26,Mauita,,xiaomi_15_ultra
IMG_20260912_074551_1.jpg,vaca_27_074529,26,Mauita,,xiaomi_15_ultra
IMG_20260912_074552.jpg,vaca_27_074529,26,Mauita,,xiaomi_15_ultra
IMG_20260912_074552_1.jpg,vaca_27_074529,26,Mauita,,xiaomi_15_ultra
IMG_20260912_074553.jpg,vaca_27_074529,26,Mauita,,xiaomi_15_ultra
IMG_20260912_074553_1.jpg,vaca_27_074529,26,Mauita,,xiaomi_15_ultra
IMG_20260912_074553_2.jpg,vaca_27_074529,26,Mauita,,xiaomi_15_ultra
IMG_20260912_074554.jpg,vaca_27_074529,26,Mauita,,xiaomi_15_ultra
IMG_20260912_074554_1.jpg,vaca_27_074529,26,Mauita,,xiaomi_15_ultra
IMG_20260912_074555.jpg,vaca_27_074529,26,Mauita,,xiaomi_15_ultra
IMG_20260912_074555_1.jpg,vaca_27_074529,26,Mauita,,xiaomi_15_ultra
IMG_20260912_074556.jpg,vaca_27_074529,26,Mauita,,xiaomi_15_ultra
IMG_20260912_074736.jpg,vaca_28_074736,27,Diajira,236688,xiaomi_15_ultra
IMG_20260912_074736_1.jpg,vaca_28_074736,27,Diajira,236688,xiaomi_15_ultra
IMG_20260912_074737.jpg,vaca_28_074736,27,Diajira,236688,xiaomi_15_ultra
IMG_20260912_074737_1.jpg,vaca_28_074736,27,Diajira,236688,xiaomi_15_ultra
IMG_20260912_074738.jpg,vaca_28_074736,27,Diajira,236688,xiaomi_15_ultra
IMG_20260912_074738_1.jpg,vaca_28_074736,27,Diajira,236688,xiaomi_15_ultra
IMG_20260912_074739.jpg,vaca_28_074736,27,Diajira,236688,xiaomi_15_ultra
IMG_20260912_074739_1.jpg,vaca_28_074736,27,Diajira,236688,xiaomi_15_ultra
IMG_20260912_074742.jpg,vaca_28_074736,27,Diajira,236688,xiaomi_15_ultra
IMG_20260912_074743.jpg,vaca_28_074736,27,Diajira,236688,xiaomi_15_ultra
IMG_20260912_074743_1.jpg,vaca_28_074736,27,Diajira,236688,xiaomi_15_ultra
IMG_20260912_074744.jpg,vaca_28_074736,27,Diajira,236688,xiaomi_15_ultra
IMG_20260912_074744_1.jpg,vaca_28_074736,27,Diajira,236688,xiaomi_15_ultra
IMG_20260912_074745.jpg,vaca_28_074736,27,Diajira,236688,xiaomi_15_ultra
IMG_20260912_074745_1.jpg,vaca_28_074736,27,Diajira,236688,xiaomi_15_ultra
IMG_20260912_074746.jpg,vaca_28_074736,27,Diajira,236688,xiaomi_15_ultra
IMG_20260912_074746_1.jpg,vaca_28_074736,27,Diajira,236688,xiaomi_15_ultra
IMG_20260912_074747.jpg,vaca_28_074736,27,Diajira,236688,xiaomi_15_ultra
IMG_20260912_074751.jpg,vaca_28_074736,27,Diajira,236688,xiaomi_15_ultra
IMG_20260912_074751_1.jpg,vaca_28_074736,27,Diajira,236688,xiaomi_15_ultra
IMG_20260912_074752.jpg,vaca_28_074736,27,Diajira,236688,xiaomi_15_ultra
IMG_20260912_074752_1.jpg,vaca_28_074736,27,Diajira,236688,xiaomi_15_ultra
IMG_20260912_074752_2.jpg,vaca_28_074736,27,Diajira,236688,xiaomi_15_ultra
IMG_20260912_074753.jpg,vaca_28_074736,27,Diajira,236688,xiaomi_15_ultra
IMG_20260912_074753_1.jpg,vaca_28_074736,27,Diajira,236688,xiaomi_15_ultra
IMG_20260912_074754.jpg,vaca_28_074736,27,Diajira,236688,xiaomi_15_ultra
IMG_20260912_074754_1.jpg,vaca_28_074736,27,Diajira,236688,xiaomi_15_ultra
IMG_20260912_074755.jpg,vaca_28_074736,27,Diajira,236688,xiaomi_15_ultra
IMG_20260912_074755_1.jpg,vaca_28_074736,27,Diajira,236688,xiaomi_15_ultra
IMG_20260912_074852.jpg,vaca_29_074852,28,Valentina,246521,xiaomi_15_ultra
IMG_20260912_074853.jpg,vaca_29_074852,28,Valentina,246521,xiaomi_15_ultra
IMG_20260912_074853_1.jpg,vaca_29_074852,28,Valentina,246521,xiaomi_15_ultra
IMG_20260912_074854.jpg,vaca_29_074852,28,Valentina,246521,xiaomi_15_ultra
IMG_20260912_074854_1.jpg,vaca_29_074852,28,Valentina,246521,xiaomi_15_ultra
IMG_20260912_074855.jpg,vaca_29_074852,28,Valentina,246521,xiaomi_15_ultra
IMG_20260912_074855_1.jpg,vaca_29_074852,28,Valentina,246521,xiaomi_15_ultra
IMG_20260912_074856.jpg,vaca_29_074852,28,Valentina,246521,xiaomi_15_ultra
IMG_20260912_074856_1.jpg,vaca_29_074852,28,Valentina,246521,xiaomi_15_ultra
IMG_20260912_074857.jpg,vaca_29_074852,28,Valentina,246521,xiaomi_15_ultra
IMG_20260912_074857_1.jpg,vaca_29_074852,28,Valentina,246521,xiaomi_15_ultra
IMG_20260912_074858.jpg,vaca_29_074852,28,Valentina,246521,xiaomi_15_ultra
IMG_20260912_074901.jpg,vaca_29_074852,28,Valentina,246521,xiaomi_15_ultra
IMG_20260912_074902.jpg,vaca_29_074852,28,Valentina,246521,xiaomi_15_ultra
IMG_20260912_074902_1.jpg,vaca_29_074852,28,Valentina,246521,xiaomi_15_ultra
IMG_20260912_074903.jpg,vaca_29_074852,28,Valentina,246521,xiaomi_15_ultra
IMG_20260912_074904.jpg,vaca_29_074852,28,Valentina,246521,xiaomi_15_ultra
IMG_20260912_074904_1.jpg,vaca_29_074852,28,Valentina,246521,xiaomi_15_ultra
IMG_20260912_074905.jpg,vaca_29_074852,28,Valentina,246521,xiaomi_15_ultra
IMG_20260912_074905_1.jpg,vaca_29_074852,28,Valentina,246521,xiaomi_15_ultra
IMG_20260912_074910.jpg,vaca_29_074852,28,Valentina,246521,xiaomi_15_ultra
IMG_20260912_074910_1.jpg,vaca_29_074852,28,Valentina,246521,xiaomi_15_ultra
IMG_20260912_074911.jpg,vaca_29_074852,28,Valentina,246521,xiaomi_15_ultra
IMG_20260912_074911_1.jpg,vaca_29_074852,28,Valentina,246521,xiaomi_15_ultra
IMG_20260912_074912.jpg,vaca_29_074852,28,Valentina,246521,xiaomi_15_ultra
IMG_20260912_074912_1.jpg,vaca_29_074852,28,Valentina,246521,xiaomi_15_ultra
IMG_20260912_074913.jpg,vaca_29_074852,28,Valentina,246521,xiaomi_15_ultra
IMG_20260912_074913_1.jpg,vaca_29_074852,28,Valentina,246521,xiaomi_15_ultra
IMG_20260912_074914.jpg,vaca_29_074852,28,Valentina,246521,xiaomi_15_ultra
IMG_20260912_074914_1.jpg,vaca_29_074852,28,Valentina,246521,xiaomi_15_ultra
IMG_20260912_074915.jpg,vaca_29_074852,28,Valentina,246521,xiaomi_15_ultra
IMG_20260912_074915_1.jpg,vaca_29_074852,28,Valentina,246521,xiaomi_15_ultra
IMG_20260912_074916.jpg,vaca_29_074852,28,Valentina,246521,xiaomi_15_ultra
IMG_20260912_074916_1.jpg,vaca_29_074852,28,Valentina,246521,xiaomi_15_ultra
IMG_20260912_075027.jpg,vaca_30_075027,29,Bengala,246510,xiaomi_15_ultra
IMG_20260912_075028.jpg,vaca_30_075027,29,Bengala,246510,xiaomi_15_ultra
IMG_20260912_075029.jpg,vaca_30_075027,29,Bengala,246510,xiaomi_15_ultra
IMG_20260912_075029_1.jpg,vaca_30_075027,29,Bengala,246510,xiaomi_15_ultra
IMG_20260912_075029_2.jpg,vaca_30_075027,29,Bengala,246510,xiaomi_15_ultra
IMG_20260912_075030.jpg,vaca_30_075027,29,Bengala,246510,xiaomi_15_ultra
IMG_20260912_075030_1.jpg,vaca_30_075027,29,Bengala,246510,xiaomi_15_ultra
IMG_20260912_075031.jpg,vaca_30_075027,29,Bengala,246510,xiaomi_15_ultra
IMG_20260912_075031_1.jpg,vaca_30_075027,29,Bengala,246510,xiaomi_15_ultra
IMG_20260912_075032.jpg,vaca_30_075027,29,Bengala,246510,xiaomi_15_ultra
IMG_20260912_075035.jpg,vaca_30_075027,29,Bengala,246510,xiaomi_15_ultra
IMG_20260912_075035_1.jpg,vaca_30_075027,29,Bengala,246510,xiaomi_15_ultra
IMG_20260912_075036.jpg,vaca_30_075027,29,Bengala,246510,xiaomi_15_ultra
IMG_20260912_075036_1.jpg,vaca_30_075027,29,Bengala,246510,xiaomi_15_ultra
IMG_20260912_075037.jpg,vaca_30_075027,29,Bengala,246510,xiaomi_15_ultra
IMG_20260912_075037_1.jpg,vaca_30_075027,29,Bengala,246510,xiaomi_15_ultra
IMG_20260912_075038.jpg,vaca_30_075027,29,Bengala,246510,xiaomi_15_ultra
IMG_20260912_075038_1.jpg,vaca_30_075027,29,Bengala,246510,xiaomi_15_ultra
IMG_20260912_075038_2.jpg,vaca_30_075027,29,Bengala,246510,xiaomi_15_ultra
IMG_20260912_075039.jpg,vaca_30_075027,29,Bengala,246510,xiaomi_15_ultra
IMG_20260912_075039_1.jpg,vaca_30_075027,29,Bengala,246510,xiaomi_15_ultra
IMG_20260912_075040.jpg,vaca_30_075027,29,Bengala,246510,xiaomi_15_ultra
IMG_20260912_075040_1.jpg,vaca_30_075027,29,Bengala,246510,xiaomi_15_ultra
IMG_20260912_075046.jpg,vaca_30_075027,29,Bengala,246510,xiaomi_15_ultra
IMG_20260912_075047.jpg,vaca_30_075027,29,Bengala,246510,xiaomi_15_ultra
IMG_20260912_075047_1.jpg,vaca_30_075027,29,Bengala,246510,xiaomi_15_ultra
IMG_20260912_075048.jpg,vaca_30_075027,29,Bengala,246510,xiaomi_15_ultra
IMG_20260912_075048_1.jpg,vaca_30_075027,29,Bengala,246510,xiaomi_15_ultra
IMG_20260912_075049.jpg,vaca_30_075027,29,Bengala,246510,xiaomi_15_ultra
IMG_20260912_075049_1.jpg,vaca_30_075027,29,Bengala,246510,xiaomi_15_ultra
IMG_20260912_075050.jpg,vaca_30_075027,29,Bengala,246510,xiaomi_15_ultra
IMG_20260912_075050_1.jpg,vaca_30_075027,29,Bengala,246510,xiaomi_15_ultra
IMG_20260912_075051.jpg,vaca_30_075027,29,Bengala,246510,xiaomi_15_ultra
IMG_20260912_075051_1.jpg,vaca_30_075027,29,Bengala,246510,xiaomi_15_ultra
IMG_20260912_075053.jpg,vaca_30_075027,29,Bengala,246510,xiaomi_15_ultra
IMG_20260912_075156.jpg,vaca_31_075156,30,Victoria,,xiaomi_15_ultra
IMG_20260912_075156_1.jpg,vaca_31_075156,30,Victoria,,xiaomi_15_ultra
IMG_20260912_075157.jpg,vaca_31_075156,30,Victoria,,xiaomi_15_ultra
IMG_20260912_075157_1.jpg,vaca_31_075156,30,Victoria,,xiaomi_15_ultra
IMG_20260912_075158.jpg,vaca_31_075156,30,Victoria,,xiaomi_15_ultra
IMG_20260912_075158_1.jpg,vaca_31_075156,30,Victoria,,xiaomi_15_ultra
IMG_20260912_075159.jpg,vaca_31_075156,30,Victoria,,xiaomi_15_ultra
IMG_20260912_075200.jpg,vaca_31_075156,30,Victoria,,xiaomi_15_ultra
IMG_20260912_075200_1.jpg,vaca_31_075156,30,Victoria,,xiaomi_15_ultra
IMG_20260912_075201.jpg,vaca_31_075156,30,Victoria,,xiaomi_15_ultra
IMG_20260912_075201_1.jpg,vaca_31_075156,30,Victoria,,xiaomi_15_ultra
IMG_20260912_075205.jpg,vaca_31_075156,30,Victoria,,xiaomi_15_ultra
IMG_20260912_075205_1.jpg,vaca_31_075156,30,Victoria,,xiaomi_15_ultra
IMG_20260912_075206.jpg,vaca_31_075156,30,Victoria,,xiaomi_15_ultra
IMG_20260912_075206_1.jpg,vaca_31_075156,30,Victoria,,xiaomi_15_ultra
IMG_20260912_075207.jpg,vaca_31_075156,30,Victoria,,xiaomi_15_ultra
IMG_20260912_075207_1.jpg,vaca_31_075156,30,Victoria,,xiaomi_15_ultra
IMG_20260912_075208.jpg,vaca_31_075156,30,Victoria,,xiaomi_15_ultra
IMG_20260912_075208_1.jpg,vaca_31_075156,30,Victoria,,xiaomi_15_ultra
IMG_20260912_075209.jpg,vaca_31_075156,30,Victoria,,xiaomi_15_ultra
IMG_20260912_075209_1.jpg,vaca_31_075156,30,Victoria,,xiaomi_15_ultra
IMG_20260912_075210.jpg,vaca_31_075156,30,Victoria,,xiaomi_15_ultra
IMG_20260912_075214.jpg,vaca_31_075156,30,Victoria,,xiaomi_15_ultra
IMG_20260912_075214_1.jpg,vaca_31_075156,30,Victoria,,xiaomi_15_ultra
IMG_20260912_075215.jpg,vaca_31_075156,30,Victoria,,xiaomi_15_ultra
IMG_20260912_075215_1.jpg,vaca_31_075156,30,Victoria,,xiaomi_15_ultra
IMG_20260912_075216.jpg,vaca_31_075156,30,Victoria,,xiaomi_15_ultra
IMG_20260912_075216_1.jpg,vaca_31_075156,30,Victoria,,xiaomi_15_ultra
IMG_20260912_075217.jpg,vaca_31_075156,30,Victoria,,xiaomi_15_ultra
IMG_20260912_075217_1.jpg,vaca_31_075156,30,Victoria,,xiaomi_15_ultra
IMG_20260912_075218.jpg,vaca_31_075156,30,Victoria,,xiaomi_15_ultra
IMG_20260912_075218_1.jpg,vaca_31_075156,30,Victoria,,xiaomi_15_ultra
IMG_20260912_075219.jpg,vaca_31_075156,30,Victoria,,xiaomi_15_ultra
IMG_20260912_075219_1.jpg,vaca_31_075156,30,Victoria,,xiaomi_15_ultra
IMG_20260912_075220.jpg,vaca_31_075156,30,Victoria,,xiaomi_15_ultra
IMG_20260912_075220_1.jpg,vaca_31_075156,30,Victoria,,xiaomi_15_ultra
IMG_20260912_075348.jpg,vaca_32_075348,31,Danessa,207920,xiaomi_15_ultra
IMG_20260912_075349.jpg,vaca_32_075348,31,Danessa,207920,xiaomi_15_ultra
IMG_20260912_075349_1.jpg,vaca_32_075348,31,Danessa,207920,xiaomi_15_ultra
IMG_20260912_075350.jpg,vaca_32_075348,31,Danessa,207920,xiaomi_15_ultra
IMG_20260912_075350_1.jpg,vaca_32_075348,31,Danessa,207920,xiaomi_15_ultra
IMG_20260912_075351.jpg,vaca_32_075348,31,Danessa,207920,xiaomi_15_ultra
IMG_20260912_075351_1.jpg,vaca_32_075348,31,Danessa,207920,xiaomi_15_ultra
IMG_20260912_075352.jpg,vaca_32_075348,31,Danessa,207920,xiaomi_15_ultra
IMG_20260912_075352_1.jpg,vaca_32_075348,31,Danessa,207920,xiaomi_15_ultra
IMG_20260912_075353.jpg,vaca_32_075348,31,Danessa,207920,xiaomi_15_ultra
IMG_20260912_075356.jpg,vaca_32_075348,31,Danessa,207920,xiaomi_15_ultra
IMG_20260912_075356_1.jpg,vaca_32_075348,31,Danessa,207920,xiaomi_15_ultra
IMG_20260912_075357.jpg,vaca_32_075348,31,Danessa,207920,xiaomi_15_ultra
IMG_20260912_075357_1.jpg,vaca_32_075348,31,Danessa,207920,xiaomi_15_ultra
IMG_20260912_075358.jpg,vaca_32_075348,31,Danessa,207920,xiaomi_15_ultra
IMG_20260912_075358_1.jpg,vaca_32_075348,31,Danessa,207920,xiaomi_15_ultra
IMG_20260912_075359.jpg,vaca_32_075348,31,Danessa,207920,xiaomi_15_ultra
IMG_20260912_075359_1.jpg,vaca_32_075348,31,Danessa,207920,xiaomi_15_ultra
IMG_20260912_075400.jpg,vaca_32_075348,31,Danessa,207920,xiaomi_15_ultra
IMG_20260912_075404.jpg,vaca_32_075348,31,Danessa,207920,xiaomi_15_ultra
IMG_20260912_075404_1.jpg,vaca_32_075348,31,Danessa,207920,xiaomi_15_ultra
IMG_20260912_075405.jpg,vaca_32_075348,31,Danessa,207920,xiaomi_15_ultra
IMG_20260912_075405_1.jpg,vaca_32_075348,31,Danessa,207920,xiaomi_15_ultra
IMG_20260912_075406.jpg,vaca_32_075348,31,Danessa,207920,xiaomi_15_ultra
IMG_20260912_075407.jpg,vaca_32_075348,31,Danessa,207920,xiaomi_15_ultra
IMG_20260912_075409.jpg,vaca_32_075348,31,Danessa,207920,xiaomi_15_ultra
IMG_20260912_075409_1.jpg,vaca_32_075348,31,Danessa,207920,xiaomi_15_ultra
IMG_20260912_075410.jpg,vaca_32_075348,31,Danessa,207920,xiaomi_15_ultra
IMG_20260912_075410_1.jpg,vaca_32_075348,31,Danessa,207920,xiaomi_15_ultra
IMG_20260912_075411.jpg,vaca_32_075348,31,Danessa,207920,xiaomi_15_ultra
IMG_20260912_075506.jpg,vaca_33_075506,32,Sofía,223687,xiaomi_15_ultra
IMG_20260912_075509.jpg,vaca_33_075506,32,Sofía,223687,xiaomi_15_ultra
IMG_20260912_075510.jpg,vaca_33_075506,32,Sofía,223687,xiaomi_15_ultra
IMG_20260912_075510_1.jpg,vaca_33_075506,32,Sofía,223687,xiaomi_15_ultra
IMG_20260912_075511.jpg,vaca_33_075506,32,Sofía,223687,xiaomi_15_ultra
IMG_20260912_075511_1.jpg,vaca_33_075506,32,Sofía,223687,xiaomi_15_ultra
IMG_20260912_075512.jpg,vaca_33_075506,32,Sofía,223687,xiaomi_15_ultra
IMG_20260912_075512_1.jpg,vaca_33_075506,32,Sofía,223687,xiaomi_15_ultra
IMG_20260912_075513.jpg,vaca_33_075506,32,Sofía,223687,xiaomi_15_ultra
IMG_20260912_075513_1.jpg,vaca_33_075506,32,Sofía,223687,xiaomi_15_ultra
IMG_20260912_075514.jpg,vaca_33_075506,32,Sofía,223687,xiaomi_15_ultra
IMG_20260912_075514_1.jpg,vaca_33_075506,32,Sofía,223687,xiaomi_15_ultra
IMG_20260912_075515.jpg,vaca_33_075506,32,Sofía,223687,xiaomi_15_ultra
IMG_20260912_075518.jpg,vaca_33_075506,32,Sofía,223687,xiaomi_15_ultra
IMG_20260912_075518_1.jpg,vaca_33_075506,32,Sofía,223687,xiaomi_15_ultra
IMG_20260912_075519.jpg,vaca_33_075506,32,Sofía,223687,xiaomi_15_ultra
IMG_20260912_075519_1.jpg,vaca_33_075506,32,Sofía,223687,xiaomi_15_ultra
IMG_20260912_075520.jpg,vaca_33_075506,32,Sofía,223687,xiaomi_15_ultra
IMG_20260912_075520_1.jpg,vaca_33_075506,32,Sofía,223687,xiaomi_15_ultra
IMG_20260912_075521.jpg,vaca_33_075506,32,Sofía,223687,xiaomi_15_ultra
IMG_20260912_075521_1.jpg,vaca_33_075506,32,Sofía,223687,xiaomi_15_ultra
IMG_20260912_075525.jpg,vaca_33_075506,32,Sofía,223687,xiaomi_15_ultra
IMG_20260912_075526.jpg,vaca_33_075506,32,Sofía,223687,xiaomi_15_ultra
IMG_20260912_075526_1.jpg,vaca_33_075506,32,Sofía,223687,xiaomi_15_ultra
IMG_20260912_075527.jpg,vaca_33_075506,32,Sofía,223687,xiaomi_15_ultra
IMG_20260912_075527_1.jpg,vaca_33_075506,32,Sofía,223687,xiaomi_15_ultra
IMG_20260912_075527_2.jpg,vaca_33_075506,32,Sofía,223687,xiaomi_15_ultra
IMG_20260912_075528.jpg,vaca_33_075506,32,Sofía,223687,xiaomi_15_ultra
IMG_20260912_075531.jpg,vaca_33_075506,32,Sofía,223687,xiaomi_15_ultra
IMG_20260912_075531_1.jpg,vaca_33_075506,32,Sofía,223687,xiaomi_15_ultra
IMG_20260912_075531_2.jpg,vaca_33_075506,32,Sofía,223687,xiaomi_15_ultra
IMG_20260912_075532.jpg,vaca_33_075506,32,Sofía,223687,xiaomi_15_ultra
IMG_20260912_075532_1.jpg,vaca_33_075506,32,Sofía,223687,xiaomi_15_ultra
IMG_20260912_075533.jpg,vaca_33_075506,32,Sofía,223687,xiaomi_15_ultra
IMG_20260912_075648.jpg,vaca_34_075648,33,Fabiola,197272,xiaomi_15_ultra
IMG_20260912_075649.jpg,vaca_34_075648,33,Fabiola,197272,xiaomi_15_ultra
IMG_20260912_075649_1.jpg,vaca_34_075648,33,Fabiola,197272,xiaomi_15_ultra
IMG_20260912_075650.jpg,vaca_34_075648,33,Fabiola,197272,xiaomi_15_ultra
IMG_20260912_075650_1.jpg,vaca_34_075648,33,Fabiola,197272,xiaomi_15_ultra
IMG_20260912_075651.jpg,vaca_34_075648,33,Fabiola,197272,xiaomi_15_ultra
IMG_20260912_075651_1.jpg,vaca_34_075648,33,Fabiola,197272,xiaomi_15_ultra
IMG_20260912_075652.jpg,vaca_34_075648,33,Fabiola,197272,xiaomi_15_ultra
IMG_20260912_075655.jpg,vaca_34_075648,33,Fabiola,197272,xiaomi_15_ultra
IMG_20260912_075655_1.jpg,vaca_34_075648,33,Fabiola,197272,xiaomi_15_ultra
IMG_20260912_075655_2.jpg,vaca_34_075648,33,Fabiola,197272,xiaomi_15_ultra
IMG_20260912_075656.jpg,vaca_34_075648,33,Fabiola,197272,xiaomi_15_ultra
IMG_20260912_075656_1.jpg,vaca_34_075648,33,Fabiola,197272,xiaomi_15_ultra
IMG_20260912_075657.jpg,vaca_34_075648,33,Fabiola,197272,xiaomi_15_ultra
IMG_20260912_075657_1.jpg,vaca_34_075648,33,Fabiola,197272,xiaomi_15_ultra
IMG_20260912_075701.jpg,vaca_34_075648,33,Fabiola,197272,xiaomi_15_ultra
IMG_20260912_075701_1.jpg,vaca_34_075648,33,Fabiola,197272,xiaomi_15_ultra
IMG_20260912_075702.jpg,vaca_34_075648,33,Fabiola,197272,xiaomi_15_ultra
IMG_20260912_075702_1.jpg,vaca_34_075648,33,Fabiola,197272,xiaomi_15_ultra
IMG_20260912_075703.jpg,vaca_34_075648,33,Fabiola,197272,xiaomi_15_ultra
IMG_20260912_075704.jpg,vaca_34_075648,33,Fabiola,197272,xiaomi_15_ultra
IMG_20260912_075704_1.jpg,vaca_34_075648,33,Fabiola,197272,xiaomi_15_ultra
IMG_20260912_075756.jpg,vaca_35_075756,34,Lucero,223677,xiaomi_15_ultra
IMG_20260912_075759.jpg,vaca_35_075756,34,Lucero,223677,xiaomi_15_ultra
IMG_20260912_075800.jpg,vaca_35_075756,34,Lucero,223677,xiaomi_15_ultra
IMG_20260912_075800_1.jpg,vaca_35_075756,34,Lucero,223677,xiaomi_15_ultra
IMG_20260912_075801.jpg,vaca_35_075756,34,Lucero,223677,xiaomi_15_ultra
IMG_20260912_075801_1.jpg,vaca_35_075756,34,Lucero,223677,xiaomi_15_ultra
IMG_20260912_075802.jpg,vaca_35_075756,34,Lucero,223677,xiaomi_15_ultra
IMG_20260912_075802_1.jpg,vaca_35_075756,34,Lucero,223677,xiaomi_15_ultra
IMG_20260912_075803.jpg,vaca_35_075756,34,Lucero,223677,xiaomi_15_ultra
IMG_20260912_075803_1.jpg,vaca_35_075756,34,Lucero,223677,xiaomi_15_ultra
IMG_20260912_075804.jpg,vaca_35_075756,34,Lucero,223677,xiaomi_15_ultra
IMG_20260912_075804_1.jpg,vaca_35_075756,34,Lucero,223677,xiaomi_15_ultra
IMG_20260912_075804_2.jpg,vaca_35_075756,34,Lucero,223677,xiaomi_15_ultra
IMG_20260912_075805.jpg,vaca_35_075756,34,Lucero,223677,xiaomi_15_ultra
IMG_20260912_075808.jpg,vaca_35_075756,34,Lucero,223677,xiaomi_15_ultra
IMG_20260912_075809.jpg,vaca_35_075756,34,Lucero,223677,xiaomi_15_ultra
IMG_20260912_075809_1.jpg,vaca_35_075756,34,Lucero,223677,xiaomi_15_ultra
IMG_20260912_075810.jpg,vaca_35_075756,34,Lucero,223677,xiaomi_15_ultra
IMG_20260912_075810_1.jpg,vaca_35_075756,34,Lucero,223677,xiaomi_15_ultra
IMG_20260912_075811.jpg,vaca_35_075756,34,Lucero,223677,xiaomi_15_ultra
IMG_20260912_075811_1.jpg,vaca_35_075756,34,Lucero,223677,xiaomi_15_ultra
IMG_20260912_075812.jpg,vaca_35_075756,34,Lucero,223677,xiaomi_15_ultra
IMG_20260912_075812_1.jpg,vaca_35_075756,34,Lucero,223677,xiaomi_15_ultra
IMG_20260912_075813.jpg,vaca_35_075756,34,Lucero,223677,xiaomi_15_ultra
IMG_20260912_075813_1.jpg,vaca_35_075756,34,Lucero,223677,xiaomi_15_ultra
IMG_20260912_075814.jpg,vaca_35_075756,34,Lucero,223677,xiaomi_15_ultra
IMG_20260912_075818.jpg,vaca_35_075756,34,Lucero,223677,xiaomi_15_ultra
IMG_20260912_075818_1.jpg,vaca_35_075756,34,Lucero,223677,xiaomi_15_ultra
IMG_20260912_075819.jpg,vaca_35_075756,34,Lucero,223677,xiaomi_15_ultra
IMG_20260912_075819_1.jpg,vaca_35_075756,34,Lucero,223677,xiaomi_15_ultra
IMG_20260912_075819_2.jpg,vaca_35_075756,34,Lucero,223677,xiaomi_15_ultra
IMG_20260912_075820.jpg,vaca_35_075756,34,Lucero,223677,xiaomi_15_ultra
IMG_20260912_075820_1.jpg,vaca_35_075756,34,Lucero,223677,xiaomi_15_ultra
IMG_20260912_075821.jpg,vaca_35_075756,34,Lucero,223677,xiaomi_15_ultra
IMG_20260912_075821_1.jpg,vaca_35_075756,34,Lucero,223677,xiaomi_15_ultra
IMG_20260912_075822.jpg,vaca_35_075756,34,Lucero,223677,xiaomi_15_ultra
IMG_20260912_075915.jpg,vaca_36_075915,35,Camelia,197269,xiaomi_15_ultra
IMG_20260912_075915_1.jpg,vaca_36_075915,35,Camelia,197269,xiaomi_15_ultra
IMG_20260912_075916.jpg,vaca_36_075915,35,Camelia,197269,xiaomi_15_ultra
IMG_20260912_075916_1.jpg,vaca_36_075915,35,Camelia,197269,xiaomi_15_ultra
IMG_20260912_075917.jpg,vaca_36_075915,35,Camelia,197269,xiaomi_15_ultra
IMG_20260912_075917_1.jpg,vaca_36_075915,35,Camelia,197269,xiaomi_15_ultra
IMG_20260912_075918.jpg,vaca_36_075915,35,Camelia,197269,xiaomi_15_ultra
IMG_20260912_075918_1.jpg,vaca_36_075915,35,Camelia,197269,xiaomi_15_ultra
IMG_20260912_075919.jpg,vaca_36_075915,35,Camelia,197269,xiaomi_15_ultra
IMG_20260912_075920.jpg,vaca_36_075915,35,Camelia,197269,xiaomi_15_ultra
IMG_20260912_075924.jpg,vaca_36_075915,35,Camelia,197269,xiaomi_15_ultra
IMG_20260912_075924_1.jpg,vaca_36_075915,35,Camelia,197269,xiaomi_15_ultra
IMG_20260912_075925.jpg,vaca_36_075915,35,Camelia,197269,xiaomi_15_ultra
IMG_20260912_075925_1.jpg,vaca_36_075915,35,Camelia,197269,xiaomi_15_ultra
IMG_20260912_075926.jpg,vaca_36_075915,35,Camelia,197269,xiaomi_15_ultra
IMG_20260912_075926_1.jpg,vaca_36_075915,35,Camelia,197269,xiaomi_15_ultra
IMG_20260912_075927.jpg,vaca_36_075915,35,Camelia,197269,xiaomi_15_ultra
IMG_20260912_075927_1.jpg,vaca_36_075915,35,Camelia,197269,xiaomi_15_ultra
IMG_20260912_075928.jpg,vaca_36_075915,35,Camelia,197269,xiaomi_15_ultra
IMG_20260912_075928_1.jpg,vaca_36_075915,35,Camelia,197269,xiaomi_15_ultra
IMG_20260912_075931.jpg,vaca_36_075915,35,Camelia,197269,xiaomi_15_ultra
IMG_20260912_075932.jpg,vaca_36_075915,35,Camelia,197269,xiaomi_15_ultra
IMG_20260912_075932_1.jpg,vaca_36_075915,35,Camelia,197269,xiaomi_15_ultra
IMG_20260912_075932_2.jpg,vaca_36_075915,35,Camelia,197269,xiaomi_15_ultra
IMG_20260912_075933.jpg,vaca_36_075915,35,Camelia,197269,xiaomi_15_ultra
IMG_20260912_075933_1.jpg,vaca_36_075915,35,Camelia,197269,xiaomi_15_ultra
IMG_20260912_075934.jpg,vaca_36_075915,35,Camelia,197269,xiaomi_15_ultra
IMG_20260912_075934_1.jpg,vaca_36_075915,35,Camelia,197269,xiaomi_15_ultra
IMG_20260912_075935.jpg,vaca_36_075915,35,Camelia,197269,xiaomi_15_ultra
IMG_20260912_075935_1.jpg,vaca_36_075915,35,Camelia,197269,xiaomi_15_ultra
IMG_20260912_075936.jpg,vaca_36_075915,35,Camelia,197269,xiaomi_15_ultra
IMG_20260912_080028.jpg,vaca_37_080028,36,Cristy,073169,xiaomi_15_ultra
IMG_20260912_080028_1.jpg,vaca_37_080028,36,Cristy,073169,xiaomi_15_ultra
IMG_20260912_080029.jpg,vaca_37_080028,36,Cristy,073169,xiaomi_15_ultra
IMG_20260912_080029_1.jpg,vaca_37_080028,36,Cristy,073169,xiaomi_15_ultra
IMG_20260912_080030.jpg,vaca_37_080028,36,Cristy,073169,xiaomi_15_ultra
IMG_20260912_080030_1.jpg,vaca_37_080028,36,Cristy,073169,xiaomi_15_ultra
IMG_20260912_080031.jpg,vaca_37_080028,36,Cristy,073169,xiaomi_15_ultra
IMG_20260912_080031_1.jpg,vaca_37_080028,36,Cristy,073169,xiaomi_15_ultra
IMG_20260912_080032.jpg,vaca_37_080028,36,Cristy,073169,xiaomi_15_ultra
IMG_20260912_080032_1.jpg,vaca_37_080028,36,Cristy,073169,xiaomi_15_ultra
IMG_20260912_080033.jpg,vaca_37_080028,36,Cristy,073169,xiaomi_15_ultra
IMG_20260912_080034.jpg,vaca_37_080028,36,Cristy,073169,xiaomi_15_ultra
IMG_20260912_080034_1.jpg,vaca_37_080028,36,Cristy,073169,xiaomi_15_ultra
IMG_20260912_080035.jpg,vaca_37_080028,36,Cristy,073169,xiaomi_15_ultra
IMG_20260912_080035_1.jpg,vaca_37_080028,36,Cristy,073169,xiaomi_15_ultra
IMG_20260912_080035_2.jpg,vaca_37_080028,36,Cristy,073169,xiaomi_15_ultra
IMG_20260912_080036.jpg,vaca_37_080028,36,Cristy,073169,xiaomi_15_ultra
IMG_20260912_080040.jpg,vaca_37_080028,36,Cristy,073169,xiaomi_15_ultra
IMG_20260912_080040_1.jpg,vaca_37_080028,36,Cristy,073169,xiaomi_15_ultra
IMG_20260912_080041.jpg,vaca_37_080028,36,Cristy,073169,xiaomi_15_ultra
IMG_20260912_080041_1.jpg,vaca_37_080028,36,Cristy,073169,xiaomi_15_ultra
IMG_20260912_080042.jpg,vaca_37_080028,36,Cristy,073169,xiaomi_15_ultra
IMG_20260912_080042_1.jpg,vaca_37_080028,36,Cristy,073169,xiaomi_15_ultra
IMG_20260912_080043.jpg,vaca_37_080028,36,Cristy,073169,xiaomi_15_ultra
IMG_20260912_080043_1.jpg,vaca_37_080028,36,Cristy,073169,xiaomi_15_ultra
IMG_20260912_080043_2.jpg,vaca_37_080028,36,Cristy,073169,xiaomi_15_ultra
IMG_20260912_080044.jpg,vaca_37_080028,36,Cristy,073169,xiaomi_15_ultra
IMG_20260912_080045.jpg,vaca_37_080028,36,Cristy,073169,xiaomi_15_ultra
IMG_20260912_080045_1.jpg,vaca_37_080028,36,Cristy,073169,xiaomi_15_ultra
IMG_20260912_080046.jpg,vaca_37_080028,36,Cristy,073169,xiaomi_15_ultra
IMG_20260912_080050.jpg,vaca_37_080028,36,Cristy,073169,xiaomi_15_ultra
IMG_20260912_080050_1.jpg,vaca_37_080028,36,Cristy,073169,xiaomi_15_ultra
IMG_20260912_080050_2.jpg,vaca_37_080028,36,Cristy,073169,xiaomi_15_ultra
IMG_20260912_080051.jpg,vaca_37_080028,36,Cristy,073169,xiaomi_15_ultra
IMG_20260912_080051_1.jpg,vaca_37_080028,36,Cristy,073169,xiaomi_15_ultra
IMG_20260912_080052.jpg,vaca_37_080028,36,Cristy,073169,xiaomi_15_ultra
IMG_20260912_080052_1.jpg,vaca_37_080028,36,Cristy,073169,xiaomi_15_ultra
IMG_20260912_080053.jpg,vaca_37_080028,36,Cristy,073169,xiaomi_15_ultra
IMG_20260912_080054.jpg,vaca_37_080028,36,Cristy,073169,xiaomi_15_ultra
IMG_20260912_080054_1.jpg,vaca_37_080028,36,Cristy,073169,xiaomi_15_ultra
IMG_20260912_080055.jpg,vaca_37_080028,36,Cristy,073169,xiaomi_15_ultra
IMG_20260912_080149.jpg,vaca_38_080149,37,Naomi,223683,xiaomi_15_ultra
IMG_20260912_080150.jpg,vaca_38_080149,37,Naomi,223683,xiaomi_15_ultra
IMG_20260912_080150_1.jpg,vaca_38_080149,37,Naomi,223683,xiaomi_15_ultra
IMG_20260912_080151.jpg,vaca_38_080149,37,Naomi,223683,xiaomi_15_ultra
IMG_20260912_080152.jpg,vaca_38_080149,37,Naomi,223683,xiaomi_15_ultra
IMG_20260912_080152_1.jpg,vaca_38_080149,37,Naomi,223683,xiaomi_15_ultra
IMG_20260912_080153.jpg,vaca_38_080149,37,Naomi,223683,xiaomi_15_ultra
IMG_20260912_080153_1.jpg,vaca_38_080149,37,Naomi,223683,xiaomi_15_ultra
IMG_20260912_080154.jpg,vaca_38_080149,37,Naomi,223683,xiaomi_15_ultra
IMG_20260912_080154_1.jpg,vaca_38_080149,37,Naomi,223683,xiaomi_15_ultra
IMG_20260912_080155.jpg,vaca_38_080149,37,Naomi,223683,xiaomi_15_ultra
IMG_20260912_080155_1.jpg,vaca_38_080149,37,Naomi,223683,xiaomi_15_ultra
IMG_20260912_080158.jpg,vaca_38_080149,37,Naomi,223683,xiaomi_15_ultra
IMG_20260912_080159.jpg,vaca_38_080149,37,Naomi,223683,xiaomi_15_ultra
IMG_20260912_080159_1.jpg,vaca_38_080149,37,Naomi,223683,xiaomi_15_ultra
IMG_20260912_080200.jpg,vaca_38_080149,37,Naomi,223683,xiaomi_15_ultra
IMG_20260912_080200_1.jpg,vaca_38_080149,37,Naomi,223683,xiaomi_15_ultra
IMG_20260912_080201.jpg,vaca_38_080149,37,Naomi,223683,xiaomi_15_ultra
IMG_20260912_080202.jpg,vaca_38_080149,37,Naomi,223683,xiaomi_15_ultra
IMG_20260912_080202_1.jpg,vaca_38_080149,37,Naomi,223683,xiaomi_15_ultra
IMG_20260912_080202_2.jpg,vaca_38_080149,37,Naomi,223683,xiaomi_15_ultra
IMG_20260912_080203.jpg,vaca_38_080149,37,Naomi,223683,xiaomi_15_ultra
IMG_20260912_080203_1.jpg,vaca_38_080149,37,Naomi,223683,xiaomi_15_ultra
IMG_20260912_080206.jpg,vaca_38_080149,37,Naomi,223683,xiaomi_15_ultra
IMG_20260912_080207.jpg,vaca_38_080149,37,Naomi,223683,xiaomi_15_ultra
IMG_20260912_080207_1.jpg,vaca_38_080149,37,Naomi,223683,xiaomi_15_ultra
IMG_20260912_080208.jpg,vaca_38_080149,37,Naomi,223683,xiaomi_15_ultra
IMG_20260912_080208_1.jpg,vaca_38_080149,37,Naomi,223683,xiaomi_15_ultra
IMG_20260912_080209.jpg,vaca_38_080149,37,Naomi,223683,xiaomi_15_ultra
IMG_20260912_080209_1.jpg,vaca_38_080149,37,Naomi,223683,xiaomi_15_ultra
IMG_20260912_080210.jpg,vaca_38_080149,37,Naomi,223683,xiaomi_15_ultra
IMG_20260912_080210_1.jpg,vaca_38_080149,37,Naomi,223683,xiaomi_15_ultra
IMG_20260912_080315.jpg,vaca_39_080315,38,Bora,073159,xiaomi_15_ultra
IMG_20260912_080315_1.jpg,vaca_39_080315,38,Bora,073159,xiaomi_15_ultra
IMG_20260912_080316.jpg,vaca_39_080315,38,Bora,073159,xiaomi_15_ultra
IMG_20260912_080316_1.jpg,vaca_39_080315,38,Bora,073159,xiaomi_15_ultra
IMG_20260912_080317.jpg,vaca_39_080315,38,Bora,073159,xiaomi_15_ultra
IMG_20260912_080317_1.jpg,vaca_39_080315,38,Bora,073159,xiaomi_15_ultra
IMG_20260912_080318.jpg,vaca_39_080315,38,Bora,073159,xiaomi_15_ultra
IMG_20260912_080318_1.jpg,vaca_39_080315,38,Bora,073159,xiaomi_15_ultra
IMG_20260912_080327.jpg,vaca_39_080315,38,Bora,073159,xiaomi_15_ultra
IMG_20260912_080328.jpg,vaca_39_080315,38,Bora,073159,xiaomi_15_ultra
IMG_20260912_080328_1.jpg,vaca_39_080315,38,Bora,073159,xiaomi_15_ultra
IMG_20260912_080329.jpg,vaca_39_080315,38,Bora,073159,xiaomi_15_ultra
IMG_20260912_080329_1.jpg,vaca_39_080315,38,Bora,073159,xiaomi_15_ultra
IMG_20260912_080330.jpg,vaca_39_080315,38,Bora,073159,xiaomi_15_ultra
IMG_20260912_080331.jpg,vaca_39_080315,38,Bora,073159,xiaomi_15_ultra
IMG_20260912_080333.jpg,vaca_39_080315,38,Bora,073159,xiaomi_15_ultra
IMG_20260912_080334.jpg,vaca_39_080315,38,Bora,073159,xiaomi_15_ultra
IMG_20260912_080334_1.jpg,vaca_39_080315,38,Bora,073159,xiaomi_15_ultra
IMG_20260912_080335.jpg,vaca_39_080315,38,Bora,073159,xiaomi_15_ultra
IMG_20260912_080335_1.jpg,vaca_39_080315,38,Bora,073159,xiaomi_15_ultra
IMG_20260912_080336.jpg,vaca_39_080315,38,Bora,073159,xiaomi_15_ultra
IMG_20260912_080336_1.jpg,vaca_39_080315,38,Bora,073159,xiaomi_15_ultra
IMG_20260912_080340.jpg,vaca_39_080315,38,Bora,073159,xiaomi_15_ultra
IMG_20260912_080341.jpg,vaca_39_080315,38,Bora,073159,xiaomi_15_ultra
IMG_20260912_080341_1.jpg,vaca_39_080315,38,Bora,073159,xiaomi_15_ultra
IMG_20260912_080342.jpg,vaca_39_080315,38,Bora,073159,xiaomi_15_ultra
IMG_20260912_080342_1.jpg,vaca_39_080315,38,Bora,073159,xiaomi_15_ultra
IMG_20260912_080343.jpg,vaca_39_080315,38,Bora,073159,xiaomi_15_ultra
IMG_20260912_080343_1.jpg,vaca_39_080315,38,Bora,073159,xiaomi_15_ultra
IMG_20260912_080431.jpg,vaca_40_080431,39,Gioconda,223681,xiaomi_15_ultra
IMG_20260912_080431_1.jpg,vaca_40_080431,39,Gioconda,223681,xiaomi_15_ultra
IMG_20260912_080432.jpg,vaca_40_080431,39,Gioconda,223681,xiaomi_15_ultra
IMG_20260912_080432_1.jpg,vaca_40_080431,39,Gioconda,223681,xiaomi_15_ultra
IMG_20260912_080433.jpg,vaca_40_080431,39,Gioconda,223681,xiaomi_15_ultra
IMG_20260912_080433_1.jpg,vaca_40_080431,39,Gioconda,223681,xiaomi_15_ultra
IMG_20260912_080436.jpg,vaca_40_080431,39,Gioconda,223681,xiaomi_15_ultra
IMG_20260912_080437.jpg,vaca_40_080431,39,Gioconda,223681,xiaomi_15_ultra
IMG_20260912_080438.jpg,vaca_40_080431,39,Gioconda,223681,xiaomi_15_ultra
IMG_20260912_080439.jpg,vaca_40_080431,39,Gioconda,223681,xiaomi_15_ultra
IMG_20260912_080439_1.jpg,vaca_40_080431,39,Gioconda,223681,xiaomi_15_ultra
IMG_20260912_080440.jpg,vaca_40_080431,39,Gioconda,223681,xiaomi_15_ultra
IMG_20260912_080441.jpg,vaca_40_080431,39,Gioconda,223681,xiaomi_15_ultra
IMG_20260912_080448.jpg,vaca_40_080431,39,Gioconda,223681,xiaomi_15_ultra
IMG_20260912_080449.jpg,vaca_40_080431,39,Gioconda,223681,xiaomi_15_ultra
IMG_20260912_080449_1.jpg,vaca_40_080431,39,Gioconda,223681,xiaomi_15_ultra
IMG_20260912_080450.jpg,vaca_40_080431,39,Gioconda,223681,xiaomi_15_ultra
IMG_20260912_080450_1.jpg,vaca_40_080431,39,Gioconda,223681,xiaomi_15_ultra
IMG_20260912_080450_2.jpg,vaca_40_080431,39,Gioconda,223681,xiaomi_15_ultra
IMG_20260912_080451.jpg,vaca_40_080431,39,Gioconda,223681,xiaomi_15_ultra
IMG_20260912_080451_1.jpg,vaca_40_080431,39,Gioconda,223681,xiaomi_15_ultra
IMG_20260912_080452.jpg,vaca_40_080431,39,Gioconda,223681,xiaomi_15_ultra
IMG_20260912_080452_1.jpg,vaca_40_080431,39,Gioconda,223681,xiaomi_15_ultra
IMG_20260912_080453.jpg,vaca_40_080431,39,Gioconda,223681,xiaomi_15_ultra
20260912_080614.jpg,a25_gama_media_080614,40,Esmeralda,160777,galaxy_a25
20260912_080615.jpg,a25_gama_media_080614,40,Esmeralda,160777,galaxy_a25
20260912_080616.jpg,a25_gama_media_080614,40,Esmeralda,160777,galaxy_a25
20260912_080618.jpg,a25_gama_media_080614,40,Esmeralda,160777,galaxy_a25
20260912_080619.jpg,a25_gama_media_080614,40,Esmeralda,160777,galaxy_a25
20260912_080620.jpg,a25_gama_media_080614,40,Esmeralda,160777,galaxy_a25
20260912_080621.jpg,a25_gama_media_080614,40,Esmeralda,160777,galaxy_a25
20260912_080626.jpg,a25_gama_media_080614,40,Esmeralda,160777,galaxy_a25
20260912_080627.jpg,a25_gama_media_080614,40,Esmeralda,160777,galaxy_a25
20260912_080628.jpg,a25_gama_media_080614,40,Esmeralda,160777,galaxy_a25
20260912_080630.jpg,a25_gama_media_080614,40,Esmeralda,160777,galaxy_a25
20260912_080631.jpg,a25_gama_media_080614,40,Esmeralda,160777,galaxy_a25
20260912_080632.jpg,a25_gama_media_080614,40,Esmeralda,160777,galaxy_a25
20260912_080633.jpg,a25_gama_media_080614,40,Esmeralda,160777,galaxy_a25
20260912_080634.jpg,a25_gama_media_080614,40,Esmeralda,160777,galaxy_a25
20260912_080635.jpg,a25_gama_media_080614,40,Esmeralda,160777,galaxy_a25
20260912_080639.jpg,a25_gama_media_080614,40,Esmeralda,160777,galaxy_a25
20260912_080640.jpg,a25_gama_media_080614,40,Esmeralda,160777,galaxy_a25
20260912_080641.jpg,a25_gama_media_080614,40,Esmeralda,160777,galaxy_a25
20260912_080642.jpg,a25_gama_media_080614,40,Esmeralda,160777,galaxy_a25
20260912_080643(0).jpg,a25_gama_media_080614,40,Esmeralda,160777,galaxy_a25
20260912_080643.jpg,a25_gama_media_080614,40,Esmeralda,160777,galaxy_a25
20260912_080644.jpg,a25_gama_media_080614,40,Esmeralda,160777,galaxy_a25
20260912_080645.jpg,a25_gama_media_080614,40,Esmeralda,160777,galaxy_a25
