foto,fila,nombre,arete,primaria,rango_3m,distancia_previa_m,estado,revision_visual,area_cm2,mask_area_px,cm_per_px,marker_side_px,cow_dets,selected_confidence,bbox_x0,bbox_y0,bbox_x1,bbox_y1,sha256_foto
IMG_20260912_065058.jpg,1,Estrellita,197260,1,1,3.106,ok,aceptar,16159.61344187991,1146882,0.11870147498115567,126.36742721504774,1,0.9380362629890442,1648.06,1185.74,3647.98,2390.53,02f4a14048238af08194d3934ce529a5379f536310b870b3d5f4b5256856716a
IMG_20260912_065055.jpg,1,Estrellita,197260,0,2,3.146,ok,aceptar,16674.27769980408,1153844,0.12021259355196448,124.7789400160968,1,0.9448078274726868,1583.41,1218.53,3548.86,2421.08,d33dcf385b21347689d46f9a0485ea07502361b927f7752b9a1f9ed70e2c51b9
IMG_20260912_065052.jpg,1,Estrellita,197260,0,3,3.158,ok,aceptar,18331.703056827842,1258686,0.12068205756152395,124.29353876696186,1,0.9420480132102966,1253.79,1231.71,3351.16,2437.47,a27c74a7aad59ed364f08cfb15571ddb32ecda63d1248a85fd47a19fa54d93d0
IMG_20260912_065054.jpg,1,Estrellita,197260,0,4,3.186,ok,aceptar,18909.962792928392,1276156,0.12172883168472966,123.22471013973991,1,0.9400746822357178,1276.02,1229.75,3494.38,2433.89,b7a4062ed024f141263dc4f284766aa6cdaec6ec7bfe4bd6c8e0a19ee05b8f57
IMG_20260912_065057.jpg,1,Estrellita,197260,0,5,3.224,ok,aceptar,17920.62908843464,1180875,0.12318977482362009,121.76335269284004,1,0.9456705451011658,1656.07,1217.96,3674.78,2398.79,8ea23a76ef9f05eccc760b94de568f8f5c6c77002125654df5571824709d69fb
IMG_20260912_065501.jpg,2,Rosalinda,236681,1,1,2.782,ok,aceptar,12018.564270601944,1063506,0.10630564403281696,141.1025739646471,1,0.9074496030807495,1030.47,1060.21,2895.75,2301,5ec08389b6b6446a05562aeb1625a7dcdeb2aa17c0c9f78b91c82928300a6d40
IMG_20260912_065502.jpg,2,Rosalinda,236681,0,2,2.782,ok,aceptar,11829.245749953054,1046497,0.10631866954792123,141.08528693767204,1,0.9148436784744263,1032.43,1056.36,2858.1,2311.06,8efdedef7ef6da8d8ccede41c38c5f4a9328577eeccde52b203cad0e07de80f8
IMG_20260912_065428.jpg,2,Rosalinda,236681,0,3,2.768,ok,aceptar,12081.9313356059,1076433,0.105943588677818,141.58478287549866,1,0.9244725704193115,1033.13,1071.94,2945.52,2336.04,2448dafc4643d07822d8c87bfd96481f6bd7f47d69038179a651cb5aaf30a8dd
IMG_20260912_065427.jpg,2,Rosalinda,236681,0,4,2.758,ok,aceptar,12140.180046017424,1092767,0.10540198213818648,142.31231420614426,1,0.9502943158149719,1040.98,1132.51,2927.86,2330.12,2bc8f8d8b91e5e87322d6a90936d5608b49b7eef04ad55db9e5ff47479914127
IMG_20260912_065429.jpg,2,Rosalinda,236681,0,5,2.757,ok,aceptar,12184.93571792727,1097892,0.10534933800598778,142.38342911226874,1,0.9308342337608337,1012.27,1107.52,2928.28,2330.63,6f69ebf623ac544db35f687e214de63ff1d71c75ae2c7443c520f455e1e94d34
IMG_20260912_065723.jpg,3,Irina,207898,1,1,3.03,ok,aceptar,15893.95222192332,1185575,0.11578476943427767,129.55071788189184,1,0.942249059677124,1538.64,1202.84,3621.79,2348.37,b61310560537851002b7c2ddbdf3d2f945b70d8765a8ccdc689329464f3da6d4
IMG_20260912_065721.jpg,3,Irina,207898,0,2,3.035,ok,aceptar,16034.14334026538,1192156,0.1159728517276183,129.34061529529356,1,0.9357503652572632,1538.33,1198.23,3632.06,2347.77,33d3ccd193596a9780a94f6749a126879b03fe9eb3494db1054e29d1a6d97998
IMG_20260912_065722_1.jpg,3,Irina,207898,0,3,3.036,ok,aceptar,15958.702318400903,1185654,0.11601651122490952,129.29194165234819,1,0.9393661022186279,1542.14,1196.22,3627.68,2347.31,1b704f827fe79f7d4e4d8f585899eb86c958ed76374b1fdb9a9a8070144011e8
IMG_20260912_065722.jpg,3,Irina,207898,0,4,3.041,ok,aceptar,15998.44291801829,1184429,0.11622092881370794,129.06453384178076,1,0.9340903759002686,1538.22,1193.85,3622.79,2346.25,9d5bdcc2c9178b78a9dd3d096baba62e533efedb12b6d48a909f0ae5705f95de
IMG_20260912_065720.jpg,3,Irina,207898,0,5,3.045,ok,aceptar,16256.835096288458,1200481,0.1163698179146395,128.899402515203,1,0.9371321797370911,1546.12,1205.03,3612.88,2346.52,5736cddf62760a48159d57956764cf6e6b7f34749f1d190495d55b4a3b392209
IMG_20260912_065953.jpg,4,Realta,207903,1,1,3.09,ok,aceptar,15864.594893482717,1137777,0.11808260302555273,127.02972000671465,1,0.9194973707199097,1383.03,976.58,3338.14,2187.54,11dc04ec6dfc479c66cb0e18e90280103b2088436167c73869e563737194a772
IMG_20260912_065949.jpg,4,Realta,207903,0,2,3.096,ok,aceptar,15817.556806344874,1130102,0.11830711928752947,126.78865050838172,1,0.9551738500595093,1378.47,1025.49,3272.97,2193.37,3b78ece9cf5a988a9595e9aa74e2a112142ee847b76bc3110f6d486b20494694
IMG_20260912_065950.jpg,4,Realta,207903,0,3,3.096,ok,aceptar,15946.045360017237,1139282,0.11830711928752947,126.78865050838172,1,0.9614692330360413,1386.02,1024.1,3278.06,2203.6,a60ef3f01477e458d67840932fc0441ba5e29a7f8ae13d307b3cb61d7bf1d76a
IMG_20260912_065951.jpg,4,Realta,207903,0,4,3.096,ok,aceptar,16094.526313988505,1149712,0.11831629662035698,126.77881600816744,1,0.9484893083572388,1386.33,1000.38,3350.36,2191.92,440791a89a3ae09a3f64e1000acd01a8993936abddd0eedffdc5e479fab1d3bb
IMG_20260912_065943.jpg,4,Realta,207903,0,5,2.616,ok,aceptar,14434.292344527224,1444035,0.0999790230468957,150.03147203152974,1,0.9617250561714172,1243.98,1097.6,3257.62,2501.79,fa73e186b4384b1f3796137a4d9d57a7047ec16dc19ec5f027c02a1212bec540
IMG_20260912_070206.jpg,5,Damita,73148,1,1,3.12,ok,aceptar,16748.96919254144,1178614,0.11920878020808602,125.8296576293844,1,0.9554832577705383,1180.14,980.94,3154.87,2139.47,3cbee210345e5b2371de45527d5510d720a2840f79304562af9049cee345f6c2
IMG_20260912_070207.jpg,5,Damita,73148,0,2,3.125,ok,aceptar,16328.380838064266,1144672,0.1194348396407232,125.59149445105055,1,0.9507707357406616,1175.74,980.89,3123.56,2127.67,7c42d7b3aa722e66e5936b2bc2c3e9b7cabf1f150737386487bdd74468a9666f
IMG_20260912_070208.jpg,5,Damita,73148,0,3,3.126,ok,aceptar,16191.717589802101,1135021,0.11943854709093621,125.58759600934813,1,0.9532961845397949,1173.41,984.75,3120.65,2121.01,a89cfed6a7a2341701f9bb3a01a7880eec9c3e4a2603d17f8dd9bf772ababb3e
IMG_20260912_070209.jpg,5,Damita,73148,0,4,3.133,ok,aceptar,16339.458549579856,1139891,0.11972564023755451,125.2864463304405,1,0.9517154097557068,1179.31,978.39,3115.73,2126.84,48445e83b7c15bf5c814569c0deaa66cf90f6270650f6c111738ab3600a81148
IMG_20260912_070208_1.jpg,5,Damita,73148,0,5,3.14,ok,aceptar,16806.90762571096,1167635,0.11997488830486254,125.02616349084823,1,0.947563886642456,1168.53,979.21,3115.94,2119.45,564f98e4ef1cf91d34559d741de627fececdc1c338994ff01dff29b13275012f
IMG_20260912_070540.jpg,6,Señorita,207916,1,1,3.156,ok,aceptar,16229.80533262407,1115643,0.12061297588607146,124.36472850291574,1,0.9504172801971436,1366.7,974.79,3266.15,2155.68,4029ba2a05cbee7a3e0d7aad38a76a06d493e2129ff1e6eec4687f52d3a972b5
IMG_20260912_070541.jpg,6,Señorita,207916,0,2,3.156,ok,aceptar,16097.764445498568,1106884,0.12059567402938304,124.38257110570369,1,0.9525536298751831,1366.83,975.68,3280.13,2117.7,f953f6ca3c4935db65f02aa6975b247314f0f197ef9dbbb2c2191ece4a706a72
IMG_20260912_070542.jpg,6,Señorita,207916,0,3,3.157,ok,aceptar,15918.442586868608,1093775,0.12063860076895538,124.33831215207559,2,0.9525249600410461,1368,987.23,3279.3,2109.58,f8e217318ddd5cfe1b0108a6c2bc4e0fc7f405ea3fe5cff03bcae8c927c13fd5
IMG_20260912_070543_1.jpg,6,Señorita,207916,0,4,3.157,ok,aceptar,16333.178577724126,1122272,0.12063860076895538,124.33831215207559,1,0.9501886367797852,1371.23,975.45,3331.58,2178.55,0c7c48d94079b9138ea626be535e84e9a1b391e46f75a42d88de65c8a919dbdd
IMG_20260912_070543.jpg,6,Señorita,207916,0,5,3.163,ok,aceptar,16183.617794935504,1107764,0.12086879235445017,124.10151295308881,2,0.9542585015296936,1369.52,969.85,3288.78,2132.36,2f07aab8747e88197cd45f0f000c99b1f81543f63378b435e89babf0a1fd68b0
IMG_20260912_070836.jpg,7,Keila,73161,1,1,3,sin_vaca,excluir,,0,,,0,,,,,,862e60bed4bbca3d3fdac5810fadc6a8210f279333d38c3045a7e26aa2d3db1f
IMG_20260912_070836_1.jpg,7,Keila,73161,0,2,3.001,sin_vaca,excluir,,0,,,0,,,,,,86e8f62db64560dcb7e057c4a36ac0aa7001207e7a4fb29c34deca4f6e62e9fd
IMG_20260912_070835.jpg,7,Keila,73161,0,3,2.99,ok,aceptar,14931.821833644706,1143959,0.11424867444560415,131.2925517323334,1,0.58477783203125,1325.5,897.99,3354.41,2133.42,9e2c92187048c05a64e6de57d33fd1d50af5627d03acd6cb30a46ae3f4201d13
IMG_20260912_070835_1.jpg,7,Keila,73161,0,4,2.989,sin_vaca,excluir,,0,,,0,,,,,,1bf2b1fa112d4789768526a52b57b5f53715d2b8871113049233e8a7573c121b
IMG_20260912_070816.jpg,7,Keila,73161,0,5,3.024,ok,aceptar,15176.174607408335,1136272,0.11556864060499059,129.79299506748941,1,0.9205511808395386,1376.19,917.5,3345.58,2068.79,47e1e1d641460f975ca3bc8f508bb8e213f8e038c34df86d96cae029a761a4aa
IMG_20260912_071104.jpg,8,Gaby,223678,1,1,3.038,ok,aceptar,14112.113203535944,1047146,0.11608935727553223,129.21081098242502,1,0.8961909413337708,1414.37,1103.43,3237.36,2246.46,b15e1cc1739ffda2b927f29733af8f63893a0f0be772ce7edc33d2cc799c9f4c
IMG_20260912_071103.jpg,8,Gaby,223678,0,2,3.045,ok,aceptar,14125.807674916854,1043068,0.1163724917541015,128.8964408504326,1,0.568238377571106,1410.5,1091.51,3238.27,2252.75,fa45ab21f9683506d9be55f399e8adccfd869d48ed50c4a51b194d045ed20144
IMG_20260912_071105.jpg,8,Gaby,223678,0,3,3.059,sin_vaca,excluir,,0,,,0,,,,,,cae28d9120dc5fe47c0c5b27df38c8588120174fdb2f716e345c17bd7fd62432
IMG_20260912_071138.jpg,8,Gaby,223678,0,4,3.102,ok,aceptar,15660.604637115408,1114736,0.11852726123763982,126.55316459161179,1,0.6764299273490906,1557.24,992.25,3551.95,2127.95,6fbfe9f003f884e1568c90c0bee876ddc5e6521e37e5f9b58057a5c2f799fa41
IMG_20260912_071139.jpg,8,Gaby,223678,0,5,3.108,ok,aceptar,15494.078383259437,1098481,0.11876448766599293,126.3003806506977,1,0.825503945350647,1557.4,967.86,3504.24,2134.08,de2fc75a0b444066a053f3bb3898d085a36066dead92f97d96f4431744156f65
IMG_20260912_071338.jpg,9,Cerezita,,1,1,3.17,ok,aceptar,15916.397767567376,1084610,0.12113944787160442,123.82423944922124,1,0.9394360184669495,1420.61,902.78,3173.28,2142.74,3e042fd876db698cb617475bc33ffb3f3ead266b00e3ae808c821d943f005e9d
IMG_20260912_071340.jpg,9,Cerezita,,0,2,3.17,ok,aceptar,16250.811744672355,1106566,0.12118500039758255,123.77769485322563,1,0.9536254405975342,1401.77,921.2,3218.28,2170.31,7e11ff159a704b67537a234ad9da16deba89c9d364c80376f57ee2664ab63510
IMG_20260912_071339.jpg,9,Cerezita,,0,3,3.177,ok,aceptar,15884.169084472333,1077979,0.12138837578553135,123.57031637446042,1,0.9476521611213684,1418.19,900.76,3174.9,2145.58,3743b1cb8df05e74935bed41c69226864e1d7dda6950f9b87da6029caf75e20f
IMG_20260912_071340_1.jpg,9,Cerezita,,0,4,3.18,ok,aceptar,16533.34800769749,1119545,0.12152332010947982,123.43309898451233,1,0.9526326060295105,1401.11,918.05,3219.22,2170.12,33fe482062a1790f75cb5d11c449c6f3951428f44609d4866073f87f72cc51e3
IMG_20260912_071338_1.jpg,9,Cerezita,,0,5,3.187,ok,aceptar,16193.123502843146,1090959,0.1218319230588738,123.12044022116791,1,0.9434816837310791,1417.13,898.3,3207.89,2147.91,9eb5f10f47f52148313cd833cd0d8e66e893d564cdb205092e311783ca88a69e
IMG_20260912_071633.jpg,10,Martinica,,1,1,3.007,ok,aceptar,14994.729640996307,1135278,0.11492597817851842,130.51879338107517,1,0.9169666171073914,1309.1,1082.25,3312.46,2213.8,0cd708d24b7c58dc70aac7fb2cca7b13088ef19c27e252cb0708ae6a014d5995
IMG_20260912_071632_1.jpg,10,Martinica,,0,2,3.019,ok,aceptar,14696.931101271712,1104257,0.11536610989611265,130.0208528614471,1,0.9416100382804871,1311.5,1097.98,3314.88,2195.32,2eac6fe7548ee3b87203a5b21c4a0938f0b3effecf984616e4ae9444f6e519ec
IMG_20260912_071633_1.jpg,10,Martinica,,0,3,3.019,ok,aceptar,15213.363945740242,1143287,0.11535462051569632,130.03380300626057,1,0.9477332234382629,1297.53,1069.77,3307.06,2176.85,686473d8b8d5f962eb111abfce78acbdcef9dbbfa5071316c2c5f3062f617913
IMG_20260912_071634.jpg,10,Martinica,,0,4,3.019,ok,aceptar,15196.038637346677,1141985,0.11535462051569632,130.03380300626057,1,0.9440364241600037,1293.07,1055.01,3307.44,2165.13,b3e85280cc852c5291e45f93616aa7432b9d862b67f6e3a0339cd9f8d1f072ff
IMG_20260912_071629.jpg,10,Martinica,,0,5,3.03,ok,aceptar,15599.208153392394,1163390,0.11579468173569209,129.53962803091724,1,0.945776104927063,1319.65,1065.22,3343.35,2183.24,203b7cb158f31fafac73004f5198d8022b3239c7ffc160ac55cc830b3e3c031a
IMG_20260912_071943.jpg,11,Crisalia,197257,1,1,2.99,ok,aceptar,15586.717701020587,1194309,0.11424020726025319,131.30228279285384,1,0.95535808801651,1534.56,872.69,3633.59,2107.58,e79a314f1bc325f3fc7c1572474db8d3507e2cacc063cf9f060360eab946f661
IMG_20260912_071945.jpg,11,Crisalia,197257,0,2,2.99,ok,aceptar,15492.699824131878,1187033,0.11424367283337115,131.29829974810144,1,0.9490587115287781,1507.61,894.9,3580.39,2113.42,573d3e291073d9af43eaf48544aea7391cef4804ff375b57c27b0a6d5bd31e1b
IMG_20260912_071944.jpg,11,Crisalia,197257,0,3,2.983,ok,aceptar,15690.750086032263,1202663,0.11422203084932832,131.3231772230235,1,0.9514089226722717,1530.08,867.58,3614.21,2107.15,21e3bd8453b70fd65b95952039c705da797593f67dbc8f6ace84af3feabb1661
IMG_20260912_071927.jpg,11,Crisalia,197257,0,4,2.922,ok,aceptar,14495.690399568215,1162306,0.1116758360636007,134.31732887549035,2,0.949102520942688,1337.75,905.25,3396.45,2093.91,f41a4eca314f3d8524f86d814e9c16737e7dc7e659a584664f142cdabdf09ead
IMG_20260912_071925.jpg,11,Crisalia,197257,0,5,2.917,ok,aceptar,14659.532479654345,1179710,0.11147370341176586,134.56088333759237,2,0.9186806678771973,1348.09,904.02,3400.81,2073.07,6e8709bf3ae8ef658f5184923f449134b1ca423b228f55943bf6a0c3cccb6dd4
IMG_20260912_072251.jpg,12,Oscarina,207913,1,1,2.818,ok,aceptar,16121.054784105712,1390613,0.10766972018757465,139.31493435543484,1,0.9577434062957764,1390.65,1108.36,3621.93,2499.87,522b604630f473b2f4b77bf7708085604a27d6b51099c8b8d92738d92eb9db9f
IMG_20260912_072222.jpg,12,Oscarina,207913,0,2,3.189,ok,aceptar,15743.200043735469,1060357,0.12184857459202207,123.1036148779217,1,0.9461297988891602,1369.36,860.97,3254.34,2059.97,ed8e4394a9d618e1674c49ab14490a574a1835bf8ae7be167db943e9d52dec92
IMG_20260912_072227_1.jpg,12,Oscarina,207913,0,3,3.19,ok,aceptar,14969.367361614892,1007405,0.1218988678921745,123.0528245206365,2,0.9431675672531128,1411.29,969.02,3145.84,2080.01,87b47d90b4df5030e3ba493f9da78f2e62a0783778679fe6619d99e646f8edef
IMG_20260912_072252.jpg,12,Oscarina,207913,0,4,2.808,ok,aceptar,15486.125559493661,1345412,0.1072861694775346,139.8129886922746,1,0.9564353823661804,1399.41,1104.94,3526.36,2455.95,624b8e6b94927c4d62969629a3646c8ae74b8706b9ce13c7391e17c48612d5d9
IMG_20260912_072252_1.jpg,12,Oscarina,207913,0,5,2.808,ok,aceptar,15873.829047620571,1374255,0.10747493387042346,139.5674271182587,2,0.9577022790908813,1397.64,1097.83,3582.55,2456.85,5e31dadd6caa477bff59acfc688c5198991f5b28eb5a50a2aa899b951970bc5a
IMG_20260912_072534.jpg,13,Minerva,,1,1,3.201,ok,aceptar,15281.951533535013,1021240,0.12232789443675281,122.6212555122123,2,0.9222829937934875,1355.09,1065.49,3216.5,2169.3,97572ecc2990380f34269ba4dd82ec35438135076dfe6b1ebf5c15f7d810e88b
IMG_20260912_072554.jpg,13,Minerva,,0,2,2.797,ok,aceptar,14864.36709249031,1301092,0.10688560205129186,140.336955699626,1,0.9086829423904419,1276.48,1171.49,3432.86,2443.04,620c46300684233ee40b437342e8ecda0047ae34952a67b79ad1f3715a28bdda
IMG_20260912_072554_1.jpg,13,Minerva,,0,3,2.797,ok,aceptar,14873.060491661705,1302188,0.10687185010243429,140.35501383781448,1,0.9268698692321777,1279.1,1177.97,3438.16,2443.76,425f09312e89d30aee3aa0e0aae3bf6266cbd4fbeb7fd4409bf2722cb2730e3e
IMG_20260912_072555.jpg,13,Minerva,,0,4,2.797,ok,aceptar,14838.878961763701,1298861,0.10688560205129186,140.336955699626,1,0.7538937330245972,1278.44,1185.8,3393.35,2446.41,b55ef4bc4f120d286616d76d78b0baa25c1b4ddb536fe21b083674fcfe810d8a
IMG_20260912_072533.jpg,13,Minerva,,0,5,3.208,ok,aceptar,15290.100859078835,1017680,0.12257433769039028,122.37471792740502,2,0.9377663731575012,1386.09,1069.37,3244.03,2179.02,318e52302901bb6762b19ab72c5290b9ff314ca83af7035daac319b31cdbd22d
IMG_20260912_072827.jpg,14,Carlina,207902,1,1,2.934,ok,aceptar,14131.021067619737,1123943,0.11212814269820094,133.7755146838856,2,0.9452046155929565,1414.76,911.09,3314.27,2195.18,c25efc95b5c83c96d8ee78ced0926a296d4885d4bf84928f16eb14369020cad0
IMG_20260912_072827_1.jpg,14,Carlina,207902,0,2,2.929,ok,aceptar,14109.864192176447,1126570,0.11191346075146764,134.0321342873251,2,0.9512205719947815,1407.66,904.41,3257.07,2220.76,2b36a728e4c6c996e77686b592b89b7a5b9295e02e608ffa488e96edaf99cd5d
IMG_20260912_072824.jpg,14,Carlina,207902,0,3,2.928,ok,aceptar,15154.721732004245,1210336,0.11189766076678603,134.0510596665875,2,0.9408191442489624,1410.62,1022.11,3489.14,2189.52,85892745ac59c691726835368c954d3fe9ede2b3574f43b11926c71a387f06ec
IMG_20260912_072825_1.jpg,14,Carlina,207902,0,4,2.923,ok,aceptar,14222.450797752843,1139651,0.11171237424270433,134.2733972103329,2,0.9459497332572937,1421.04,882.49,3343.19,2190.79,2a94234fd91ec61b1aa30544e0b0fdafabec6ebdb53bb93d0528d745ffeb25e4
IMG_20260912_072826.jpg,14,Carlina,207902,0,5,2.923,ok,aceptar,14214.724922760559,1139001,0.1117138906538854,134.2715745750307,2,0.9462863206863403,1416.07,893.57,3303.93,2200.04,253d01fed153eab8a441033cab66275797ebd7c53d20c89f624f88a96ed70924
IMG_20260912_072956_1.jpg,15,Leonora,,1,1,3.134,ok,aceptar,12709.885365443426,886406,0.11974419624005646,125.2670314804138,2,0.9523071646690369,1531.75,952.68,3234.07,2124.27,0376447ee36feba863dfa10859ccc8334ca1df6690b7e140f84614b483c3cd5f
IMG_20260912_072954.jpg,15,Leonora,,0,2,3.14,ok,aceptar,12836.776964933593,891529,0.11999420160458021,125.00604028709539,2,0.9541060328483582,1534.76,925.74,3184.47,2088.32,87739e9db8ba7b3eb0e54f233916ffa09cd352b6c3704bdc62f3f82a23abd5ca
IMG_20260912_072954_1.jpg,15,Leonora,,0,3,3.14,ok,aceptar,12490.375243596012,867471,0.11999420160458021,125.00604028709539,2,0.9477967023849487,1536.61,929.67,3199.03,2104.48,7f7b5fc8e4d87b5d6dbb49d2cb36d611902bb17ed7e99eb4c94604fe234fc610
IMG_20260912_072955.jpg,15,Leonora,,0,4,3.14,ok,aceptar,12880.89764609351,894679,0.11998844989254467,125.01203252007346,1,0.9461948275566101,1531.43,930.28,3203.03,2108.89,135e1afaddad71de9f8120032d5a8dbe84db643b941fb132d3d393a9947e4499
IMG_20260912_072956.jpg,15,Leonora,,0,5,3.14,ok,aceptar,12669.36434484913,879902,0.11999420160458021,125.00604028709539,2,0.9504708647727966,1530.24,943.52,3212.79,2115.02,317e5e3525b25d32ebb021008892a219764eec7da30a58e0ac600f7b1d13916c
IMG_20260912_073109.jpg,16,Cereza,246502,1,1,3.233,ok,aceptar,11195.87604988358,733518,0.12354456741585257,121.41367535417248,2,0.9517613053321838,1595.7,1057.19,3144.67,2143.36,991bc6c978a38fae822c92c3f90ca22514d8379415356f71078386fd0d07f158
IMG_20260912_073110.jpg,16,Cereza,246502,0,2,3.239,ok,aceptar,11180.533914626869,729642,0.12378737659575498,121.1755221938712,2,0.9507741928100586,1586.82,1065.3,3149.23,2143.63,e8a584edc8adce73e1d996a6984188f94e09125b0939bf5841fa5fe25ecc9738
IMG_20260912_073112.jpg,16,Cereza,246502,0,3,3.251,ok,aceptar,11199.513212888503,725587,0.1242381073467167,120.73590237606282,2,0.9509133100509644,1581.74,1062.58,3145.39,2132.11,0d196fe007c4b4326d0c21fe17151a398fefed2cb90a86b53fd1ed0e50a4c50c
IMG_20260912_073111_1.jpg,16,Cereza,246502,0,4,3.252,ok,aceptar,11320.937459142251,730214,0.12451340738270733,120.4689544307116,2,0.9527349472045898,1581.22,1070,3146.5,2136.91,11a212b95935f3c4277f5bdb10f8295cafd089e5916f983916af4104b52a554f
IMG_20260912_073111.jpg,16,Cereza,246502,0,5,3.253,ok,aceptar,11280.584246995046,730138,0.12429776530705655,120.67795396759583,2,0.9507318139076233,1588.59,1069.9,3139.54,2142.92,6ceafa020cab2ce46e43d17adbb0f99c5e279a428b97b55cf75080b4c2e0a8f6
IMG_20260912_073218_1.jpg,17,Guadiela,,1,1,2.803,ok,aceptar,15498.947023462257,1350983,0.10710904690996377,140.04419264984264,2,0.9477088451385498,1196.77,1024.93,3379.73,2225.67,747eba4f49e3dc90b34f6d431e4e791f133c6c3c09058f951c23d83d213e1ff4
IMG_20260912_073219.jpg,17,Guadiela,,0,2,2.803,ok,aceptar,15693.495099658532,1367941,0.10710904690996377,140.04419264984264,2,0.9440039992332458,1067.27,1021.5,3366.97,2225.22,6abe9406e8bac3a82f80ff14150f1e08fd6b5e59567b2f145568f730369321c6
IMG_20260912_073217_1.jpg,17,Guadiela,,0,3,2.8,ok,aceptar,15448.777007168726,1349163,0.10700765355496156,140.1768892380736,2,0.9468201994895935,1291.3,1004.97,3413.13,2221.99,2c0a091fa28b963cc8cac7588a3cfe5ee95db98eaef97d57ca5f3822bb407828
IMG_20260912_073219_1.jpg,17,Guadiela,,0,4,2.799,ok,aceptar,15608.626197771899,1364090,0.10696971222547567,140.2266088963791,2,0.9376450181007385,963.12,1029.22,3378.07,2206.49,8c22489b003018d694a0ffe6de7539c3006e31ecbfb95ddf06440ba878a210df
IMG_20260912_073218.jpg,17,Guadiela,,0,5,2.798,ok,aceptar,15390.138997214708,1345887,0.10693428550164079,140.27306517861234,2,0.948816180229187,1293.69,1013.31,3405.05,2221.39,57ccce8ca5c0678543e5743800b9fd9a7798c89718d02ddb4d5633e9d8449e22
IMG_20260912_073338.jpg,18,Nicoleta,26590,1,1,3.068,ok,aceptar,15630.674761102064,1137442,0.11722607741384435,127.95787704339331,1,0.9422909021377563,1381.82,1019.81,3390.25,2191.8,939a9273ec6740824264699741be37d59ca469dbe076bfb7b23e356c980bf922
IMG_20260912_073337.jpg,18,Nicoleta,26590,0,2,3.079,ok,aceptar,15787.240906528521,1140197,0.11766930032292008,127.4759003311439,1,0.9377704858779907,1384.63,1011.89,3390.62,2197.38,703dacbd9d8514decfbe7eb11e3d067667ed3f23a87dbe238a216230fced50c1
IMG_20260912_073338_1.jpg,18,Nicoleta,26590,0,3,3.079,ok,aceptar,15871.385457662913,1146793,0.11764267820456226,127.50474767258649,1,0.949761688709259,1370.07,1036.79,3376.82,2211.03,08a060b9dc562bb621f2d63fe89b46b8ac8ea3d3881ab229edb57585ccb014e0
IMG_20260912_073339.jpg,18,Nicoleta,26590,0,4,3.079,ok,aceptar,15601.289917118456,1126801,0.11766753127245023,127.4778168437021,1,0.9441136717796326,1389.15,1038.06,3379.5,2212.35,1006f1c0af6268acca6f38df0be5261ad4ca698e58be573df53b0542dfe7b252
IMG_20260912_073338_2.jpg,18,Nicoleta,26590,0,5,3.084,ok,aceptar,15889.384946022037,1143987,0.11785363948672899,127.27651063919063,1,0.9452019333839417,1369.3,1033.03,3375.59,2211.38,676c342504d00f6aac97915813919efeed0471dfc78150f09a750beabed988c8
IMG_20260912_073507.jpg,19,Mafer,236693,1,1,3.146,ok,aceptar,11778.239429086807,814862,0.12022593311212836,124.76509528115116,2,0.9488838315010071,1533.91,962.91,3156.55,2079.6,5a0cb3aba75911f14ee2ddbdc4d0d382bd80384ebfec3510c03bed08cbedc729
IMG_20260912_073510.jpg,19,Mafer,236693,0,2,3.158,ok,aceptar,11856.041826758774,813923,0.12069192129247219,124.28338068834422,2,0.9368974566459656,1538.08,1074.68,3209.17,2089.51,daf1f6fac0d7d90a3ba56522b3e91b0e55aec1de4c412c72660fbfb6e230bd55
IMG_20260912_073508.jpg,19,Mafer,236693,0,3,3.159,ok,aceptar,11968.192056109267,821543,0.12069773634992231,124.27739287928787,2,0.9541894197463989,1532.83,962.1,3164.35,2085.71,d24b65d682f7d90ddaae1928758978392374adb6b19a2eb4c72ec759be966389
IMG_20260912_073508_1.jpg,19,Mafer,236693,0,4,3.159,ok,aceptar,12062.585693144445,827996,0.12069967103479097,124.27540084741688,2,0.9490986466407776,1530.19,977.68,3192.76,2088.28,2e96ff9c9d096386add7f43500b43c65718d7632c1e61a67965d271f7885ec56
IMG_20260912_073509.jpg,19,Mafer,236693,0,5,3.159,ok,aceptar,11786.761975483605,809063,0.12069967103479097,124.27540084741688,1,0.9487884044647217,1529.36,988.62,3162.16,2085.77,5ea094bff0c9b82a1b11fcf87d41b856133d7c80eb6fa7f96f6a23d548c415e4
IMG_20260912_073636.jpg,20,Anita,,1,1,3.006,ok,aceptar,16898.985932896303,1280655,0.11487201719392368,130.58010441896764,1,0.941979706287384,1510.13,1109.17,3597.66,2283.09,a6e1574c18de4e28bdc7231d7f700f7dbea44a304a049c61168a83387d64beb9
IMG_20260912_073641_1.jpg,20,Anita,,0,2,3.02,ok,aceptar,16986.942137099315,1275768,0.11539095068398954,129.9928626212562,1,0.9375370144844055,1504.7,1088.95,3587.66,2296.93,44b9b2e6b260fa2ce5a6c72ce73601267e3066a383f956dcc584574f0a0dcc9b
IMG_20260912_073636_1.jpg,20,Anita,,0,3,3.025,ok,aceptar,17179.02419593592,1285437,0.11560426249647314,129.75300110977847,1,0.9458474516868591,1511.57,1107.78,3593.48,2285.08,775781fcd60ad42c6a3ed7082c0a6b9fa516c6539f524c26e71f6f83f16ab92f
IMG_20260912_073641.jpg,20,Anita,,0,4,3.027,ok,aceptar,16946.551516370946,1266743,0.11566352172028097,129.6865232607718,1,0.9405451416969299,1507.37,1101.9,3575.39,2299.47,8b99e43d4e67fe71070297b7675edfd393ecccb899c4ace92609f209b5cdc80b
IMG_20260912_073637.jpg,20,Anita,,0,5,3.03,ok,aceptar,17394.506179047377,1297091,0.11580327159584869,129.5300192584345,1,0.9488630294799805,1511.66,1108.36,3633.59,2287,926420d1abe78636dc8488ffacfb09a769014e0358283dbfb2ed7c38f5500ed1
IMG_20260912_073759.jpg,21,Zafiro,236697,1,1,3.105,ok,aceptar,10317.665908206925,733021,0.11864037811992253,126.43250331550607,1,0.959450364112854,1557.57,1159.42,3093.55,2166.39,089094ef969edaec40bd03b10bf66474e0a381ce18142ed007e7b35df5c3fd8f
IMG_20260912_073801.jpg,21,Zafiro,236697,0,2,3.111,ok,aceptar,9912.151968946728,701311,0.1188854348110023,126.17188996992101,1,0.9525383114814758,1551.84,1168.45,3000.18,2171.95,2f04ec46a9b1b6566799331441af955079fe3b76ad2ead38a465d80383fa7ca1
IMG_20260912_073800.jpg,21,Zafiro,236697,0,3,3.112,ok,aceptar,9868.354866992913,697909,0.1189112596622264,126.14448827308934,1,0.9358006715774536,1544.53,1155.17,3019.2,2170.58,947dbfaa6d1a7c135500b71f8436deb840c8dc7c5b8064a7fb92ded925972444
IMG_20260912_073800_1.jpg,21,Zafiro,236697,0,4,3.112,ok,aceptar,9853.011031360238,696863,0.11890791976086322,126.14803143614516,1,0.946009635925293,1545.68,1160.74,3023.1,2172.53,66cb67038406a2f8ac9579d8878d17516baf40a69e6f639a45718758a698543b
IMG_20260912_073759_1.jpg,21,Zafiro,236697,0,5,3.118,ok,aceptar,10046.865532465577,707866,0.11913510951420199,125.90746809370972,1,0.9512718319892883,1548.7,1155.54,3035.15,2169.03,063328f8de71b0e4c4bc3ab54c6736dd1e71c5fe5c068b6c57a005866f5f4909
IMG_20260912_073919.jpg,22,Selena,223679,1,1,3.006,ok,aceptar,12271.684369058501,929874,0.11487883850934481,130.57235078834668,2,0.9480868577957153,1447.99,1063.89,3206.45,2153.54,48beccb526555c35cd9e5a786eee9503a67057cf4ff6de9a338e3295d32da0c6
IMG_20260912_073920.jpg,22,Selena,223679,0,2,3.013,ok,aceptar,12328.682673344038,926913,0.1153290861162107,130.06259309889384,2,0.9415259957313538,1431.24,1099.63,3090.13,2146.27,540aa8dddd727fffe1861ba2fd70014ff9ced81b3cbd433f930ae9ce0454a242
IMG_20260912_073917.jpg,22,Selena,223679,0,3,3.016,ok,aceptar,12089.251913911074,910429,0.1152329479204614,130.17110358361765,2,0.9482561349868774,1414.83,1047.7,3144.85,2155.33,bd5cf692b93ab4882dd770651f7fcd59d382eb59e2d49e5c757c0e392bbfbd54
IMG_20260912_073921.jpg,22,Selena,223679,0,4,3.016,ok,aceptar,12719.032443165963,957453,0.11525726384589209,130.14364127241615,2,0.9339196681976318,1433.02,1073.45,3228.76,2126,aebb4a6e5539d4f65c95858bfd723fefdb2b66e32f8be40bfdc9f87b39e301b1
IMG_20260912_073918.jpg,22,Selena,223679,0,5,3.018,ok,aceptar,12308.400336759698,925535,0.11531993353007608,130.0729157642804,2,0.9397264122962952,1435.6,1072.86,3196.05,2144.63,7d01bc3308de73b1247cc064c9c63fcc86449e1e6b1f8c048cfa55ca32f42dba
IMG_20260912_074121.jpg,23,Perla,207915,1,1,2.754,ok,aceptar,10941.894736010012,988294,0.10522118459675835,142.5568440184822,1,0.9489941596984863,1340.95,895,3032.71,2144.13,0fede37780262b59eec630c2d9ca3a963c8c65963515fa62f89e4d061c8fe899
IMG_20260912_074120.jpg,23,Perla,207915,0,2,2.749,ok,aceptar,10657.763923166736,965905,0.10504269145933579,142.7990828453478,1,0.950499951839447,1348.84,897.95,3036.12,2132.82,1a53f6e7cd526995e05cb24ad7c7405b160e6117baec8f981c3df487316a0d4d
IMG_20260912_074121_1.jpg,23,Perla,207915,0,3,2.749,ok,aceptar,10836.704825509818,982288,0.10503383015834182,142.8111302557188,1,0.9574580788612366,1346.18,906.12,2963.29,2129.37,bb08855a73d0b18c9a7aaf5d73eaf70d92b5df66120da8e3965428bed3f29ef0
IMG_20260912_074117.jpg,23,Perla,207915,0,4,2.745,ok,aceptar,10629.10943930448,966233,0.1048835808682663,143.01571204781794,1,0.950800895690918,1402.36,858.73,3044.59,2093.68,13180967018e23e83d36e27109619426f9e01e4892fb65529883e372be68042f
IMG_20260912_074118.jpg,23,Perla,207915,0,5,2.745,ok,aceptar,10421.685864490713,947442,0.10487999853939439,143.02059695744362,1,0.9499586820602417,1388.19,859.75,2975.95,2113.58,8fb8f430fa17b971ec23b29ea572c4f7583af639d6b018940d39d5cfd5794ca5
IMG_20260912_074251.jpg,24,Chaparrita,207911,1,1,3.114,ok,aceptar,13028.095146013276,920337,0.11897809738868297,126.073624719324,1,0.9503816366195679,1510.02,1046.15,3284.7,2117.7,095e68912b02d273a5a620b7b472366397beddf0cbc72a91815243d45a9555ef
IMG_20260912_074251_1.jpg,24,Chaparrita,207911,0,2,3.122,ok,aceptar,13075.962339908,918833,0.11929398277541318,125.73978712941036,1,0.9527602791786194,1509.75,1041.51,3285.7,2121.77,31b45061c616110cc2d7cc3a58652dec19c62fbe0714e0df97af7d5941a90f10
IMG_20260912_074249_1.jpg,24,Chaparrita,207911,0,3,3.127,ok,aceptar,13121.258158730401,918985,0.11949054136683737,125.53294870386287,1,0.9516404867172241,1512.44,1043.21,3275.92,2118.63,f8a52f91f3734e6df389b4ed91aaf6179cedb275d6378917994774bd1c70ee6b
IMG_20260912_074248.jpg,24,Chaparrita,207911,0,4,3.13,ok,aceptar,13059.863797305738,912952,0.11960390287765772,125.41396759722323,1,0.9539839029312134,1505.69,1032.85,3242.76,2122.06,61a8ca5a8c16aa3aab2de3bb181b9d5111280d20cd6243b0acd432c3c7c3dee6
IMG_20260912_074250_1.jpg,24,Chaparrita,207911,0,5,3.135,ok,aceptar,13179.914871105992,918283,0.11980309296029687,125.20544861868507,1,0.9518712759017944,1496.95,1045.15,3281.96,2133.63,ccb710305e69e706b520e99795e3e4408a67f484c8109e6219a452d7d8307079
IMG_20260912_074406_1.jpg,25,Lucy,236669,1,1,3.006,ok,aceptar,12406.206843695089,940415,0.11485759940408276,130.59649581590338,2,0.9442148208618164,1280.28,1008.87,3010.92,2134.36,dc939c19f5d8b14b67abd13f451b970636af8df0eb24f9b02752c34207dc0950
IMG_20260912_074408_1.jpg,25,Lucy,236669,0,2,3.007,ok,aceptar,12826.556901177608,968160,0.11510163115850938,130.31961275460222,2,0.921776294708252,1269.67,1047.19,3095.79,2135.8,1791ac7ee662a2cf48fd62441c7fa9a45095ddce20e3840180e4fb5ed2dd335f
IMG_20260912_074404.jpg,25,Lucy,236669,0,3,3.009,ok,aceptar,12608.253957092023,953421,0.11499663099361918,130.438603899903,2,0.9427306056022644,1266.45,1022.84,3015.68,2139.48,c4521bb78c0ede5536a3df483ecad55de652d88e91762ef02eb4cf240663b7ca
IMG_20260912_074405_1.jpg,25,Lucy,236669,0,4,3.01,ok,aceptar,12401.352709395742,937612,0.11500664949169914,130.42724108820036,2,0.94720858335495,1281.63,977.94,2966.09,2126.8,00707a2a3a90b6fda1002f1540b3a3aa7cff37623f28fff285c4215d0102250a
IMG_20260912_074406.jpg,25,Lucy,236669,0,5,3.01,ok,aceptar,12555.593909641184,948793,0.11503576750688367,130.39422716158614,2,0.9474598169326782,1284.22,994.8,2998.44,2122.38,b9d687730e602a18c998a65c87a634e9e4e69699392e7b9a5f2b5bfb6c270d38
IMG_20260912_074553.jpg,26,Mariita,,1,1,3.194,ok,aceptar,15899.40591503959,1067383,0.12204789903461326,122.90256627642515,1,0.9394601583480835,1205.32,1099.15,3074.33,2198,550855d8eb4e58d2da405b2543c07011861d7c5c2bbdacadf92dd9134bac946d
IMG_20260912_074550.jpg,26,Mariita,,0,2,3.2,ok,aceptar,16167.028146235767,1081087,0.12228826255950807,122.6609953077114,1,0.9392123222351074,1175.79,1087.59,3049.85,2203.49,7d2c1b2b37ff1586ac10ccc11ec00111c2322ef72a37b6d96eb1e101313450e0
IMG_20260912_074553_1.jpg,26,Mariita,,0,3,3.2,ok,aceptar,16152.106389161045,1079968,0.12229512340097201,122.65411394057908,1,0.9409880638122559,1215.21,1099.99,3089.43,2183.24,dbe1e978f310f544aae84aff80627134eb980d7b5b160327b3a08e8995e60f77
IMG_20260912_074553_2.jpg,26,Mariita,,0,4,3.2,ok,aceptar,16228.367528822897,1085067,0.12229512340097201,122.65411394057908,1,0.9351876378059387,1212.06,1096.4,3082.24,2177.3,0913fd306656a04495baac34ac33b41c6575529aba47fdac57d0bd11bc2c8840
IMG_20260912_074552.jpg,26,Mariita,,0,5,3.207,ok,aceptar,16088.535739280562,1070941,0.12256754491671455,122.38150001448261,1,0.9362432360649109,1186.15,1092.86,3070.22,2184.95,30d5097ed53200d42185e6e16f18cc84ac1e5689a349e7515f9f3ba28f87c607
IMG_20260912_074743.jpg,27,Diajira,236688,1,1,3.173,ok,aceptar,14426.895507992756,981372,0.12124661195125357,123.71479712794495,1,0.9515854120254517,1470.82,990.85,3280.1,2175.78,2b37802acb02fd9fc2b30217397739af3c37f6eeb77b66e29ddf88f9e6a51d34
IMG_20260912_074743_1.jpg,27,Diajira,236688,0,2,3.177,ok,aceptar,14518.065805626571,984775,0.1214187822498053,123.53937110931659,1,0.950944721698761,1464.32,986.03,3307.07,2173.18,18ac421345018f46257d1327c51d835808556ab72713c04d4ff7ba101c919383
IMG_20260912_074742.jpg,27,Diajira,236688,0,3,3.179,ok,aceptar,14368.193279438261,973618,0.1214805595118917,123.4765468670043,1,0.950499951839447,1461.35,988.66,3304.48,2169.16,1989c38b04d5504b271334ab8b4dc346b8efc7fcb49c642c22279cdfa1440ab9
IMG_20260912_074745_1.jpg,27,Diajira,236688,0,4,3.188,ok,aceptar,14248.992038074231,959835,0.12184109145634646,123.11117555421964,1,0.9527679681777954,1460.34,993.53,3282.21,2169.2,c84a63dfcf4f540cd6726fe85ef566172544a41e4e34dc35b84a0fec99738c1f
IMG_20260912_074746.jpg,27,Diajira,236688,0,5,3.188,ok,aceptar,14335.109342415986,965636,0.12184109145634646,123.11117555421964,1,0.9545441269874573,1466.81,993.94,3283.3,2173.63,84ccac6b678b90446006d9d35791c7b1348bbffa8ac226f26f864922855cf137
IMG_20260912_074904.jpg,28,Valentina,246521,1,1,2.984,ok,aceptar,12647.143112464517,972713,0.11402599127367351,131.54895504480672,1,0.9497346878051758,1379.03,1109.64,3106.75,2236.95,9976e200f61d2ccc552edd78012f562aea05b4fe3b0d7c546982d86e829843f1
IMG_20260912_074904_1.jpg,28,Valentina,246521,0,2,2.979,ok,aceptar,12925.180505884902,997130,0.11385245954210022,131.74945943485147,1,0.9564096927642822,1379.11,1029.61,3130.14,2217.93,78e0bb42cf1b8980b0b547ab280a7f4bfd3e874abfa7df6ab95f37db57c709e3
IMG_20260912_074905.jpg,28,Valentina,246521,0,3,2.978,ok,aceptar,12900.616504536585,996096,0.11380324205869607,131.80643827583998,1,0.9446994066238403,1377.58,995.48,3133.31,2202.86,f6a241aa163062bd3b45e017479a935c8111cea68c6cc265de21be12f02cb537
IMG_20260912_074902.jpg,28,Valentina,246521,0,4,2.972,ok,aceptar,12769.264493583296,986891,0.11374919900865109,131.869060448146,1,0.9418363571166992,1384.49,1101.11,3101.19,2203.97,53b82c79785a357432b1930348679e20d20e244c7bd960dc0d80c87e05253fe5
IMG_20260912_074903.jpg,28,Valentina,246521,0,5,2.972,ok,aceptar,12636.695424606447,979532,0.11358145946106407,132.06380751906104,1,0.9409846067428589,1380.4,1111.66,3073.42,2206.31,2f10af6e5d54803f322b7aed21e8c9d8caba1edfe4fb3544e2570966132a6e98
IMG_20260912_075038.jpg,29,Bengala,246510,1,1,3,ok,aceptar,12491.816806513665,946755,0.11486666170261843,130.58619252672221,1,0.948512613773346,1413.52,1097.14,3125.07,2223.53,cee383e010d37037a6dbd1dbf788895ea712c5e1072224152b732975ebc019f3
IMG_20260912_075036_1.jpg,29,Bengala,246510,0,2,3.001,ok,aceptar,12662.824251473274,962590,0.11469503462292745,130.78159877900688,1,0.9480264782905579,1419.61,1091.39,3147.51,2219.88,534b6397ea358da09a025e993d59c3dad771737d9f4c35ee39a72a154aec38af
IMG_20260912_075037.jpg,29,Bengala,246510,0,3,3.001,ok,aceptar,12446.964661053236,946181,0.11469503462292745,130.78159877900688,1,0.9482133388519287,1414.95,1096.13,3116.15,2225.94,8a6a6745f2f3568b8426ca7cd7f9fb0d03e572506ee4ed35bb829a6d3779ca56
IMG_20260912_075038_1.jpg,29,Bengala,246510,0,4,3.001,ok,aceptar,12473.889462670792,948783,0.11466146816974333,130.8198843031924,1,0.9454416632652283,1412.4,1098.38,3118.28,2222.71,bd6485cb522f1c0b6455a2bba537eedc33f4f7f1b86ab0a1f91cbfbcbece076f
IMG_20260912_075035_1.jpg,29,Bengala,246510,0,5,3.002,ok,aceptar,12772.859231231152,967204,0.11491719610075843,130.5287677472406,1,0.8225792646408081,1419.07,1065.89,3194.76,2190.14,5bd556d9746e6a4fa20f9ac90f7320ed557a58ee298a46ca9d824851c276b43b
IMG_20260912_075205.jpg,30,Victoria,,1,1,3.077,ok,aceptar,15223.844857460103,1100901,0.11759477937548246,127.55668304036442,1,0.9570837616920471,1550.21,992.19,3360.3,2238.89,ee30802378b1a63303bc3977adf6eca92dc1fb8715742424a3421f002b48e339
IMG_20260912_075210.jpg,30,Victoria,,0,2,3.088,ok,aceptar,16027.895126653131,1150731,0.1180188394404038,127.09835201840448,1,0.95136559009552,1591.4,1002.19,3331.21,2166.95,2c94f3126aea3aa20cd7639c1b49a4032a0868668643ffa27bf0da80146a2ced
IMG_20260912_075209_1.jpg,30,Victoria,,0,3,3.113,ok,aceptar,16783.900626155042,1185870,0.11896738307347293,126.08497902938797,1,0.9505454897880554,1511.24,1001.17,3314.48,2169.4,cf0464ee5e657fa054624d417f4075777cb24011cb13498cadd2cc1e133004b6
IMG_20260912_075205_1.jpg,30,Victoria,,0,4,3.118,ok,aceptar,15910.94446000482,1120563,0.11915982060280005,125.8813576935473,1,0.9580115675926208,1552.39,972.02,3421.19,2178.68,d16436a05c9cd2cf9f2f14eb3f6418b38cbe029e1f563fcf85ad941b7648ed39
IMG_20260912_075207_1.jpg,30,Victoria,,0,5,3.119,ok,aceptar,16451.052114471408,1158430,0.11916862849021427,125.87205366076483,1,0.9539903402328491,1552.23,1001.36,3387.77,2179.98,143302d8c849a964843b27c4b14a2b906c03c729343060894091ef14f0971dc5
IMG_20260912_075406.jpg,31,Danessa,207920,1,1,3.159,ok,aceptar,10997.75451072275,754632,0.12072143853296266,124.25299252795344,2,0.9243732690811157,1488.75,1041.02,3127.02,2181.32,bedc9dbaae1bf241f9c5f0878c27029c874e7e28d9f8bb3fc4cd86d0d54a10f1
IMG_20260912_075405.jpg,31,Danessa,207920,0,2,3.165,ok,aceptar,10764.937658174442,735699,0.12096387108766142,124.00396800404673,2,0.8333582282066345,1454.33,1045.37,3078.07,2176.05,e81d456fe14887ec28bbd4e6f52f0e4c03d8c1a2d5a19cb0c56d1b4c457b574f
IMG_20260912_075410.jpg,31,Danessa,207920,0,3,3.165,ok,aceptar,11084.154452093777,757540,0.12096187207760974,124.00601728762867,1,0.9504473805427551,1498.64,1034.25,3138.42,2203.02,fbf7a820d072af1e0e2648c5535c19ded6e5446987b7186129183eada7f13ad8
IMG_20260912_075410_1.jpg,31,Danessa,207920,0,4,3.165,ok,aceptar,10968.588506207861,749788,0.12095007144659234,124.018116075471,1,0.9504511952400208,1489.67,1042.58,3117.39,2190.5,5f1d67e8125191fca16ff9bd0ce17a0368af3367af2a220a0adac60feece820f
IMG_20260912_075405_1.jpg,31,Danessa,207920,0,5,3.166,ok,aceptar,10553.356342276997,721216,0.12096580638918339,124.00198409574097,2,0.8737683296203613,1475.93,1058.21,3028.92,2188.74,4887a8c8b26fb3c798a7f06c5bc2589807d8900aec47bb5e25f09d004a0590de
IMG_20260912_075532_1.jpg,32,Sofía,223687,1,1,3.031,ok,aceptar,13971.516049774495,1041579,0.11581789288305673,129.5136669007245,2,0.9461488723754883,1441.83,1256.37,3311.22,2367.04,dcb7713a9c70671dffd95f65ab9c153640859e88b735d30d8e060256d3072811
IMG_20260912_075533.jpg,32,Sofía,223687,0,2,3.042,ok,aceptar,13965.542639273504,1033126,0.11626587433830923,129.01464067051313,2,0.9467098116874695,1442.49,1255.48,3306.75,2358.84,1a7ae4bf45542eeed72e30db6d32103af72e2b7bbbb02a8ec46788e5a3a14e33
IMG_20260912_075532.jpg,32,Sofía,223687,0,3,3.043,ok,aceptar,13761.15910564237,1017518,0.11629377216354246,128.98369122385753,2,0.9460676908493042,1433.96,1264.65,3321.65,2348.66,302227b2ccff92cf3c7344835115c76b1434f3acbedd6c0bcc867d4587601c3e
IMG_20260912_075531_1.jpg,32,Sofía,223687,0,4,3.05,ok,aceptar,13671.959244912943,1006783,0.11653260119704893,128.71934416563818,1,0.9383392930030823,1462.24,1258.14,3368.27,2353.43,b0ef31b5d4a433d980d0fbfd85ed68a0a7fbd141aa2b2f3e602bbf96064a3311
IMG_20260912_075531_2.jpg,32,Sofía,223687,0,5,3.055,ok,aceptar,13998.43306335808,1027067,0.1167455471122055,128.48455783571194,2,0.9498805403709412,1424.21,1262.51,3324.12,2365.86,a33b83ff22084dd3b350b83850204f349d724bf5b31d1d1edc1b1e4c7befb146
IMG_20260912_075701_1.jpg,33,Fabiola,197272,1,1,2.919,ok,aceptar,11649.808845016452,936078,0.11155868347877033,134.45838129538797,1,0.9496893286705017,1476,1031.62,3260.32,2120.95,420c50974fe8cf1e4f41c0efc156d994df3108da1283c5898bb8ea0edb82a557
IMG_20260912_075702.jpg,33,Fabiola,197272,0,2,2.914,ok,aceptar,11468.209947061066,924768,0.111360563739726,134.69759398002225,1,0.9402834177017212,1479.91,1037.12,3241.53,2142.73,595f7fa27c411a20e97aa326d666cfeb616a77d1cae30d53b6e34a6854edbfb2
IMG_20260912_075702_1.jpg,33,Fabiola,197272,0,3,2.907,ok,aceptar,11649.098002377872,943780,0.11109915724644161,135.01452550829708,1,0.9419814944267273,1481.73,1041.9,3252.29,2135.36,7e6bfeadd62a5742725928087d90f25746a9b1f3617b04d8f57941090dd107e1
IMG_20260912_075704.jpg,33,Fabiola,197272,0,4,2.907,ok,aceptar,11505.015762025172,932521,0.11107448252778954,135.04451840455053,1,0.9417850375175476,1483.34,1038.56,3250.2,2125.05,dee3a3470568052b41e9b74195e0d85810090d269191cc19c4c245434c96447c
IMG_20260912_075704_1.jpg,33,Fabiola,197272,0,5,2.904,ok,aceptar,11487.509433334933,932573,0.11098684903109879,135.1511474642997,1,0.9415509104728699,1481.95,1038.99,3249.74,2125.01,cb9795912e4510fd86fc7056af3670b9dd11ddf9e0c5bd83cf6f9fdfb7077a35
IMG_20260912_075808.jpg,34,Lucero,223677,1,1,2.913,ok,aceptar,10691.148885391765,862640,0.11132620193495368,134.73916956912163,2,0.939838171005249,1514.72,1116.74,3204.9,2291.71,a6808dcd57748d71fe2ac9dfd55ff94e309d47e6ace27d2ae85cd792ec0178cf
IMG_20260912_075809.jpg,34,Lucero,223677,0,2,2.908,ok,aceptar,10603.260724591784,858942,0.11110607370763208,135.00612072271997,2,0.9414286017417908,1521.33,1106.46,3175.44,2269.79,62c22a1eb73663db6a3df4b06954b94537bbbb857c55280ae82c07c773fe1c6f
IMG_20260912_075810.jpg,34,Lucero,223677,0,3,2.904,ok,aceptar,10805.170081294757,877556,0.1109630495444361,135.18013484293365,2,0.9469521045684814,1533.51,1105.51,3205.48,2248.13,5b5a840587403b6779a9d6b9bdd84155ff4e2fd0e318d9d609d17016052f02ae
IMG_20260912_075812_1.jpg,34,Lucero,223677,0,4,2.903,ok,aceptar,10756.39654683361,870611,0.1111530354572748,134.94908113207333,2,0.9400397539138794,1537.56,1099.93,3235,2270.59,b4498efb505b0be603a1353a779ff444f14a1cdf7d769d01a83acfdda1764bc0
IMG_20260912_075809_1.jpg,34,Lucero,223677,0,5,2.901,ok,aceptar,10567.549474827825,859795,0.11086378130400354,135.30117612412988,2,0.9449819326400757,1520.36,1108.89,3209.91,2268.18,90157f9e75b61f5d6113f1739692044f6c2790a5f5eb2157a96dfc04a8cf6623
IMG_20260912_075932_2.jpg,35,Camelia,197269,1,1,2.838,ok,aceptar,9808.025364105313,830537,0.10867040803119964,138.03205740879753,3,0.9099034667015076,1451.7,1098.63,3056.91,2152.29,1da232bb07f3312fe0f9ba791b727c97d3afe269cb1bc9472323b53472729374
IMG_20260912_075933.jpg,35,Camelia,197269,0,2,2.833,ok,aceptar,9572.64253808153,816855,0.10825387099722157,138.56317434029668,2,0.8881772756576538,1453.31,1105.46,3034.42,2161.42,83cb6663c0a280a27671b6384449572ef2c78be283611aca07235e4bccd518a9
IMG_20260912_075932_1.jpg,35,Camelia,197269,0,3,2.823,ok,aceptar,9737.023010811683,836465,0.10789199196548384,139.02792715884522,3,0.923592209815979,1425.98,1088.1,3039.79,2165.48,337c5d293a8baf71bfcaa537bf3db132a3af3a89386a74e096c88bc3e2a7dba6
IMG_20260912_075931.jpg,35,Camelia,197269,0,4,2.82,ok,aceptar,9812.563040421224,845097,0.10775512869436454,139.20451102189145,3,0.9081501960754395,1363.2,1097.07,3016.35,2176.6,f76d45f761575e076bf05f1148766adc8561e0ac3f6ac2c1ea7f9d70012f2104
IMG_20260912_075932.jpg,35,Camelia,197269,0,5,2.819,ok,aceptar,9995.933657507903,857974,0.10793806269037651,138.96858648489865,3,0.9151632189750671,1419.26,1096.71,3024.88,2164.13,d6ef42715c38993396e36be45f03d5ca7b8b635b932ee7ead6df6002ea5adec3
IMG_20260912_080040.jpg,36,Cristy,73169,1,1,2.929,ok,aceptar,14185.402559623819,1132206,0.11193299037647893,134.00874889117614,1,0.95433509349823,1243.51,1109.72,3091.1,2246.29,5ee7999aca4f081db7f3aec52597592a8bd9af9aaa64300802a93cb5d5d77944
IMG_20260912_080040_1.jpg,36,Cristy,73169,0,2,2.923,ok,aceptar,13937.705521295307,1117378,0.11168518914758067,134.30608046138525,2,0.955951452255249,1241.34,1094.13,3089.29,2237.22,d044a7e8b851ccc0909659bd7638540c0bf7e0d54d28ad99b72464ad6decc38e
IMG_20260912_080041.jpg,36,Cristy,73169,0,3,2.896,ok,aceptar,13608.654133651353,1111091,0.11067072968619401,135.53719255789116,2,0.963539719581604,1230.19,1041,3093.91,2260.7,a4b9bf479290365a63f10d0dbcaada89b78b0c69c5b819269e777e0b8afbf047
IMG_20260912_080041_1.jpg,36,Cristy,73169,0,4,2.895,ok,aceptar,13442.558377790316,1098661,0.11061374885903236,135.60701228123278,2,0.9606633186340332,1234.76,1042.94,3090.41,2240.08,42e0611947651876cfc2ffb7a1ffe3c94db9a68ae9073aebc59dd5f6e75ac24f
IMG_20260912_080042.jpg,36,Cristy,73169,0,5,2.891,ok,aceptar,13731.661958997845,1125028,0.1104790385415363,135.77236187080427,2,0.9544222354888916,1207.77,1100.55,3071.29,2260.93,457300a4e5fb611d2b6c4c2f96259eab928cef9ddfc5fe3f0f1d9b200e86d8ea
IMG_20260912_080203_1.jpg,37,Naomi,223683,1,1,2.967,ok,aceptar,14536.026614405,1130623,0.11338717803040939,132.29009011915915,1,0.947784423828125,1245.31,1078.78,3192.09,2175.3,f07d99d210c557a3aa0074df0ecd516358cb83899c707cac1f8d5f9d7c7ebacd
IMG_20260912_080159.jpg,37,Naomi,223683,0,2,2.956,ok,aceptar,13674.15861087155,1071642,0.11296019760769599,132.7901359742137,1,0.9434435963630676,1262.19,1096.46,3174.86,2190.13,be370571dbe54c95f049408c84f519865ee6614bb15059f3bf5e164a2a007b79
IMG_20260912_080159_1.jpg,37,Naomi,223683,0,3,2.95,ok,aceptar,13707.022014588056,1078402,0.11274082611852516,133.04851947980586,1,0.9437083005905151,1260.39,1094.52,3145.29,2191.83,7c7b0d8e0d0050dc4be1d9236ea56605e3b7e392f3dcba7db025c5dba2b22edf
IMG_20260912_080200.jpg,37,Naomi,223683,0,4,2.945,ok,aceptar,13614.95584112459,1075022,0.11253806473417671,133.28823483353048,1,0.947006344795227,1257.18,1088.92,3125.12,2183.05,87a3309b0a3847d27cfe54b9b8876f3ea51be8e45abee583f18cc07a429af129
IMG_20260912_080200_1.jpg,37,Naomi,223683,0,5,2.945,ok,aceptar,14136.63888565182,1116087,0.11254444331907287,133.28068057055248,1,0.9444190859794617,1245.55,1075.01,3192.49,2175.27,9550372944d5001769cac12b35dc3e020b7084240cf77f495a004b0f1f29d4cb
IMG_20260912_080336_1.jpg,38,Odra,73159,1,1,3.23,ok,aceptar,12982.040908804276,851431,0.12348003884360065,121.47712407994092,1,0.8626522421836853,1696.08,1159.79,3277.44,2190.71,cdcb6cd45904c5072c285d6ac69ae394fcce2681b6a2f06b8b3407329b28949e
IMG_20260912_080336.jpg,38,Odra,73159,0,2,3.236,ok,aceptar,12936.245547467337,846125,0.12364793326999449,121.3121772706575,1,0.7911149859428406,1698.89,1153.1,3267.32,2171.66,a3dafc0f04ef6fafdd69155359d8cea315300f08945dbde5ecb41ca3d9b6d246
IMG_20260912_080335_1.jpg,38,Odra,73159,0,3,3.246,ok,aceptar,13050.458334065926,848204,0.1240402760598755,120.9284635319527,1,0.7739837169647217,1698.78,1152.77,3293.56,2190.21,b730d40ae6fcef16a8c837758d6ddbddcc43861d9aef93f6b937c718f8280009
IMG_20260912_080335.jpg,38,Odra,73159,0,4,3.252,ok,aceptar,13461.725767673404,871739,0.12426737704116009,120.7074644782409,1,0.7951815128326416,1706.66,1109.43,3311.99,2192.11,ba33d5d14cf9a43de994bf136a0018777f7cff6d829a7e9187f1d9c05bfd1d8d
IMG_20260912_080334.jpg,38,Odra,73159,0,5,3.255,ok,aceptar,13575.312587353746,877489,0.12438100992066252,120.59718770226964,1,0.7108942270278931,1716.47,1125.99,3310.35,2196.75,c19f566a4758f3168af40744d55bda0fa806b1e1531904a694cd3c9c17b51efe
IMG_20260912_080441.jpg,39,Gioconda,223681,1,1,3.202,ok,aceptar,16513.956701952742,1102852,0.12236774396594942,122.58132342599995,1,0.9061502814292908,1748.88,1077.84,3641.18,2209.74,19b7170260ed6740eff25bac77a61e11137bd3af09348c6ca4e9bc02a2c633f7
IMG_20260912_080440.jpg,39,Gioconda,223681,0,2,3.217,ok,aceptar,15754.860105205553,1042354,0.12294182535796908,122.00892541105989,1,0.9206160306930542,1568.64,1092.18,3376.23,2145.32,c0ea769572231f36425385be8283ab63f05d03f1d05482dbae813f9de4acaa81
IMG_20260912_080439_1.jpg,39,Gioconda,223681,0,3,3.232,ok,aceptar,14848.158324249433,973262,0.1235154859306166,121.44226197212288,1,0.9191688895225525,1539.13,1106.59,3331.01,2197.13,a95d5171e8e6fcfac5c5dbc82c0da2296c199a12ac905ce49938600f76aaaeba
IMG_20260912_080439.jpg,39,Gioconda,223681,0,4,3.239,ok,aceptar,15048.0833594625,982438,0.12376219920765831,121.20017336498503,2,0.9290282726287842,1537.42,1102.67,3330.21,2194.57,f54b3c5b74c142d6d5e03ae36a7768f4f8dc8123c7bf25eda63b97f4e4a6e7dd
IMG_20260912_080438.jpg,39,Gioconda,223681,0,5,3.256,ok,aceptar,15427.65951820196,996746,0.12441071100025781,120.56839704074126,2,0.9319254159927368,1542.24,1118.57,3348.39,2194.54,18481c385f7a0162bc765d1cfdbaac26c3919586f409c3fe07c93453b3c84d1c
20260912_080631.jpg,40,Esmeralda,160771,1,1,3.084,ok,aceptar,13882.143851558008,1366354,0.10079677891908125,148.8142791947932,1,0.9567445516586304,1274.24,1131.57,3481.41,2455.74,e34a2d833b8ca11a7109361739b81fd41469e3ae43f82a1dcc8c5b28a095502c
20260912_080633.jpg,40,Esmeralda,160771,0,2,3.085,ok,aceptar,13825.067181292996,1360220,0.10081590362067346,148.78604923721656,1,0.9552868604660034,1299.84,1121.3,3486.08,2479.17,72d430cb1065c9d5a318eabbf2671f92e1b7652aef3f1f58843d1fed21215ba6
20260912_080632.jpg,40,Esmeralda,160771,0,3,3.096,ok,aceptar,13633.429534149955,1332034,0.10116840516256755,148.26763331789698,1,0.9423455595970154,1299.45,1130.98,3490.52,2454.26,2b0a5c278c09803d20f184743ac66891535f9ec837f395cfee63e5321874346a
20260912_080630.jpg,40,Esmeralda,160771,0,4,3.101,ok,aceptar,13506.940710563638,1315303,0.10133642790817204,148.02179541588478,1,0.9480089545249939,1280.21,1090.07,3468.96,2440.23,b8d7c78accc340defa48705ce2f25834f38e6e98133f31d9d250ea64dc42cf0a
20260912_080635.jpg,40,Esmeralda,160771,0,5,3.102,ok,aceptar,14232.755728348226,1375406,0.10172531435829162,147.45592180888013,1,0.9439437985420227,1332.89,1129.39,3511.43,2486.65,4ed12b1e33a884c9653c91d8163cfad24553d3cfb17ed7ec28cb628f175c4ff7
