foto,fila,cm_per_px,estado_profundidad,d_media_cm,d_max_cm,l_gate_cm,kernel_px,lo,hi,c0,c1,ancho_componente_px,mask_area_px,sha256_mascara
IMG_20260912_065058.jpg,1,0.11870147498115567,ok,71.51624069303624,79.05518233744968,221.85305673977996,337,51,1920,518,1452,2022,1146882,5320ece23c7a0b782f68d5eaa093140708097e66912230fa2a26e77eef1e5e14
IMG_20260912_065055.jpg,1,0.12021259355196448,ok,72.0347581869057,80.06158730560834,224.67733734862162,333,25,1894,492,1426,1971,1153844,de3e8aad92e1f3b3bf91aef61bbd7087e2579be31e58251daad192c83e70012f
IMG_20260912_065052.jpg,1,0.12068205756152395,ok,75.54923082209326,80.25356827841343,231.70955051812598,331,102,2022,582,1542,2099,1258686,04f4d713f491c9188c9ce9b14dd7475a9b0a0890dcc1231b3e5dc2230a5d7b46
IMG_20260912_065054.jpg,1,0.12172883168472966,ok,76.86126334410636,84.1146226941482,239.92752725060217,329,180,2151,672,1658,2228,1276156,1160457af5e3e0ce94b82b16306bfc4bd071cf427048810066d5edf5974400bb
IMG_20260912_065057.jpg,1,0.12318977482362009,ok,73.69173833144322,78.84145588711687,236.52436766135057,325,0,1920,480,1440,2023,1180875,fb32594cfd953d07604ab8cf58faafcc1ca6612881e02d04be02224c9dd1faf3
IMG_20260912_065501.jpg,2,0.10630564403281696,ok,64.34836746489955,65.27166543614962,182.3141795162811,377,77,1792,505,1363,1869,1063506,fe3f84845394c09ed6b281ebb164e6f419dbcf7344197cc469ba5214702fa627
IMG_20260912_065502.jpg,2,0.10631866954792123,ok,63.46691739517825,65.27966310242363,182.3365182746849,377,77,1792,505,1363,1844,1046497,a8b7b76f282b269f77e0b98ac9668ad210b50ea49702896d283b0c5f2bdc4821
IMG_20260912_065428.jpg,2,0.105943588677818,ok,62.516435814457246,65.04936344818026,187.0963776050266,379,103,1869,544,1427,1946,1076433,21360ddd7e8fd09c8dd4387b8e06962a780464308046a8f83337a621cf2a9ccf
IMG_20260912_065427.jpg,2,0.10540198213818648,ok,62.34903252809784,64.71681703284649,186.13990045603734,379,103,1869,544,1427,1920,1092767,725b7944f6741598078910549586fd9f1bd54424d3feff25ed9c004ac5678ba7
IMG_20260912_065429.jpg,2,0.10534933800598778,ok,62.51977627894855,64.6844935356765,188.7860137067301,381,102,1894,550,1446,1945,1097892,7d228feba3954b98c1983d56a213c71b65fdf52504d66f214bf3ebdf48bcf492
IMG_20260912_065723.jpg,3,0.11578476943427767,ok,69.14523167512922,74.10225243793771,228.21178055496128,345,52,2023,544,1530,2100,1185575,c1af78312b4f660e1f273e8449b005e0ef63114d7dec7aa7d7447afc9568d033
IMG_20260912_065721.jpg,3,0.1159728517276183,ok,69.09892035533876,74.22262510567572,222.66787531702712,345,77,1997,557,1517,2100,1192156,0b56b0a7f2bc1757f82a45453c1929c89c9412fd898da3e5ea835a99a6bb4542
IMG_20260912_065722_1.jpg,3,0.11601651122490952,ok,67.44136281823671,71.23413789209445,228.66854362429666,345,52,2023,544,1530,2100,1185654,14a664407f8318ddf6ef93e95b41eef2929dd5d09d6af90e3a098d14bd849573
IMG_20260912_065722.jpg,3,0.11622092881370794,ok,68.5414695745711,71.35965029161667,229.07145069181834,345,52,2023,544,1530,2100,1184429,4144cc184445c39bdd79fd9d0851dbebd0d02f63c453f51f93229e3ca6102605
IMG_20260912_065720.jpg,3,0.1163698179146395,ok,69.88838778759207,77.5022987311499,226.45566566188847,345,51,1997,537,1510,2074,1200481,4d3966860537bee5ee9ceba05cb712624499f70f94109de6230fc87d53599370
IMG_20260912_065953.jpg,4,0.11808260302555273,ok,70.96316189004278,75.57286593635375,217.62623737609368,339,51,1894,511,1433,1971,1137777,1d454871210aab35e2310a5b4bcf34a912563874160ef7548812bf0dbd046a36
IMG_20260912_065949.jpg,4,0.11830711928752947,ok,70.66288817034598,72.75887836183063,212.00635776325282,339,25,1817,473,1369,1894,1130102,f674b4f9ff3befa13ab8e12c7381b0812692770361f2e93da6a92a20e45ce83b
IMG_20260912_065950.jpg,4,0.11830711928752947,ok,71.66440546922534,75.71655634401887,212.00635776325282,339,51,1843,499,1395,1894,1139282,eb5e5f7f772300062508087023e1c838980e3066231c2990e6632bc9f80f2d95
IMG_20260912_065951.jpg,4,0.11831629662035698,ok,71.20023212238489,75.72242983702847,218.05693467131792,339,51,1894,511,1433,1971,1149712,6cee8aee76ca1c1b9957540481299b786a63ab64effe384960faf3dc9df8c1a5
IMG_20260912_065943.jpg,4,0.0999790230468957,ok,71.88038265722537,74.1844351007966,189.46024867386734,401,25,1920,498,1446,1997,1444035,4f5501a24fdf89ecb49d0af1a21ae8a9ccf515ffb588ee94408b209b4a3aa82b
IMG_20260912_070206.jpg,5,0.11920878020808602,ok,73.12806742749315,79.39304761858529,213.62213413289015,337,128,1920,576,1472,1997,1178614,53e42d736774268592ce54b14fd4daeed2fcab1a0966fe2cdf5465e2ca13e106
IMG_20260912_070207.jpg,5,0.1194348396407232,ok,72.32556773475557,76.43829737006284,220.11840945785286,335,103,1946,563,1485,1997,1144672,5787479bdae31f1c9cf8c7939a6e6f25306a530ca386b3c1a5507694e224f563
IMG_20260912_070208.jpg,5,0.11943854709093621,ok,72.40877714507738,76.44067013819918,220.12524228859544,335,103,1946,563,1485,1972,1135021,12410fd5475e32969b6c2f16cda347e59b461354d73d876254a3fc3150aaf1b1
IMG_20260912_070209.jpg,5,0.11972564023755451,ok,72.42372342151256,76.6244097520349,214.5483473056977,335,128,1920,576,1472,1946,1139891,7f2a9cf830d63169f25b5a71d4fd3a38323ea65c3d1f1858b539903da155adda
IMG_20260912_070208_1.jpg,5,0.11997488830486254,ok,72.54006431428193,76.78392851511202,218.1143469382401,333,128,1946,582,1491,1972,1167635,9305eaed61e45e11845dab742ea5c656694f8521fb8ad376655bd63300f309d5
IMG_20260912_070540.jpg,6,0.12061297588607146,ok,72.78718379703415,77.19230456708574,222.28971455802971,333,0,1843,460,1382,1894,1115643,36a791c41a7de846562a7077384a1ee129e39a8ed3697d760cd86ee6c0dbae14
IMG_20260912_070541.jpg,6,0.12059567402938304,ok,71.85630201287204,77.18123137880514,228.40820661165148,333,0,1894,473,1420,1920,1106884,87bfcc6d228ad4d6a2d3e0c1e1d7b6225d2a7760b91c5cb092092eb0db67e4d0
IMG_20260912_070542.jpg,6,0.12063860076895538,ok,71.7066945546753,77.20870449213145,222.33694121718477,333,0,1843,460,1382,1894,1093775,48393d22317efae58ff5e98721a4bbc7fac962e3e4a5f7c994804b9551e561a2
IMG_20260912_070543_1.jpg,6,0.12063860076895538,ok,70.82958327716659,77.20870449213145,225.4735448371776,333,25,1894,492,1426,1971,1122272,539e3c37e763177fa3fe3b14842e6ec7319f22359492fc8e03035dc1b2d267db
IMG_20260912_070543.jpg,6,0.12086879235445017,ok,71.28514631662696,77.3560271068481,228.92549271932862,331,0,1894,473,1420,1920,1107764,cd6d5d166fdc6b3a604501d903b1bdc4156cd86afacdd392d20c4ea80356fcb9
IMG_20260912_070836.jpg,7,,sin_escala,,,,,,,,,,,
IMG_20260912_070836_1.jpg,7,,sin_escala,,,,,,,,,,,
IMG_20260912_070835.jpg,7,0.11424867444560415,ok,66.95750770394397,73.11915164518665,228.04035419342588,351,26,2022,525,1523,2074,1143959,98b9ef8799a171c393748a932d2ca90ed8bebc4ab8b16e3ae8055ad6d60fab62
IMG_20260912_070835_1.jpg,7,,sin_escala,,,,,,,,,,,
IMG_20260912_070816.jpg,7,0.11556864060499059,ok,67.4355208714994,70.95914533146421,219.00257394645715,347,51,1946,524,1472,1997,1136272,dff1d5cea99ee59bd1455bc199faae52b7af45d8bedfabe3b06747fd54c27b63
IMG_20260912_071104.jpg,8,0.11608935727553223,ok,67.45085217002683,71.27886536717679,202.11157101670162,345,77,1818,512,1382,1844,1047146,2117d6880bbcd078ac3553c4c9d297996528fce326d39af0965f55f8229c512b
IMG_20260912_071103.jpg,8,0.1163724917541015,ok,67.61933495514633,71.45270993701833,199.57882335828407,345,77,1792,505,1363,1844,1043068,665baf2a9f7db1ab2707238872ed04cc8fc4ab11a5dcf366caa973e7fe62ad07
IMG_20260912_071105.jpg,8,,sin_escala,,,,,,,,,,,
IMG_20260912_071138.jpg,8,0.11852726123763982,ok,67.69835539978455,72.77573839991085,221.52745125314883,337,77,1946,544,1478,1997,1114736,c93381cab7907b2310d8210de791e298ded52fe372980af3f555f99ab83e85c2
IMG_20260912_071139.jpg,8,0.11876448766599293,ok,67.63281533428977,72.92139542691966,221.9708274477408,337,77,1946,544,1478,1946,1098481,db1cc52cb557050ffe1cd17f77faa3c1554af81aef5713613caabcf70a8250fd
IMG_20260912_071338.jpg,9,0.12113944787160442,ok,76.43669512455828,80.67887228248854,204.60452745513987,331,52,1741,474,1318,1767,1084610,ffb7d1e05504c11bf995df42eb8b0919e861ea67f17536ce42c82403db28f56c
IMG_20260912_071340.jpg,9,0.12118500039758255,ok,77.40967320851034,83.73883527472954,207.83227568185407,331,26,1741,454,1312,1818,1106566,1605b33c7dfdc1bce88a5c2c16f7cee028e7e5cd1fb0a4b10b1ffc5700f90a52
IMG_20260912_071339.jpg,9,0.12138837578553135,ok,77.79268852672394,84.0007560435877,208.18106447218628,331,26,1741,454,1312,1767,1077979,ab3ab78af0016475a0a4f2fe69e94a2febb86420ab87735877b439864987cfc4
IMG_20260912_071340_1.jpg,9,0.12152332010947982,ok,77.76132785522967,83.97261419565055,208.4124939877579,329,26,1741,454,1312,1818,1119545,1733686909b5474d073c4ad5c0bc53f5e2f17a1b09474936114f084a149d22ec
IMG_20260912_071338_1.jpg,9,0.1218319230588738,ok,75.75765609296684,81.14006075720995,215.15517612197112,329,26,1792,467,1350,1818,1090959,fc90603a6d6361bfbf07bee36b8f63df052f4612a885d8ee8842cb1819149656
IMG_20260912_071633.jpg,10,0.11492597817851842,ok,68.40298449536935,73.55262603425179,220.65787810275538,349,26,1946,506,1466,2022,1135278,af0f33d4515d26834d8c936f8454ff9ce1110db938c751d3b3536b8069fc74a8
IMG_20260912_071632_1.jpg,10,0.11536610989611265,ok,70.91674207189928,73.8343103335121,209.6202216812367,347,26,1843,480,1388,2022,1104257,52367d0dff6158dc1c1a9777ec82fb522b6b99fc20ad367ccc280906cb0f720f
IMG_20260912_071633_1.jpg,10,0.11535462051569632,ok,69.2695360403157,73.82695713004564,218.48165125672884,347,26,1920,499,1446,2022,1143287,c67c4eb8a3894685db84654c9d429c9a07ec80acba2d156ca0cd3ae857447fad
IMG_20260912_071634.jpg,10,0.11535462051569632,ok,69.0256712565011,73.82695713004564,218.48165125672884,347,52,1946,525,1472,2023,1141985,2d97e9c476f4aac704e996ffbb1ec3c753fbe6cb40fa38f84e6b8a0a38dc653f
IMG_20260912_071629.jpg,10,0.11579468173569209,ok,69.13252238481428,74.10859631084294,225.22065597592112,345,0,1945,486,1458,2022,1163390,6a92665f47747835f55aba00c60a7d2b530b5fdebb99165b1f4e4f8f26e4f519
IMG_20260912_071943.jpg,11,0.11424020726025319,ok,66.98471118630579,70.25772746505571,228.13769389872562,351,51,2048,550,1548,2125,1194309,f5a115656a430e255e205c67f3820dbd4f45d86193afd43637690370db78174b
IMG_20260912_071945.jpg,11,0.11424367283337115,ok,65.96885270418767,70.25985879252326,228.1446146482422,351,25,2022,524,1522,2073,1187033,2aafa9c9f6a86d2bbc0f7013c553dd0e15e3fed20c3027aeb2aa2f1698f63222
IMG_20260912_071944.jpg,11,0.11422203084932832,ok,66.69742667979035,70.24654897233691,231.0711684081912,351,25,2048,530,1542,2125,1202663,f67c8f08064782ba033d17330f3c55a43dfa187c0a00116d84567aaefa48ac56
IMG_20260912_071927.jpg,11,0.1116758360636007,ok,63.77267872866412,65.77706744146082,220.11307288135697,359,25,1996,517,1503,2073,1162306,09183c51a4389bf5c18235db4e76e715fca6f9b59956e648384eba5b2bf6ceb6
IMG_20260912_071925.jpg,11,0.11147370341176586,ok,64.96316609536304,68.44485389482423,219.7146694245905,359,0,1971,492,1478,2048,1179710,49a249acf827d053c1e6b30fa555262b7e90ba38633762e801ea8962593e33e9
IMG_20260912_072251.jpg,12,0.10766972018757465,ok,67.68087848213746,71.60036392473714,226.10641239390677,373,25,2125,550,1600,2201,1390613,02b373110e7c0669393053ca89aabfcf8222c2c0dc49c6cb5fdbf61a451ab25f
IMG_20260912_072222.jpg,12,0.12184857459202207,ok,67.36025385706101,71.768810434701,221.3988600337041,329,0,1817,454,1362,1894,1060357,dc75b659b91c31753f753ad54a9f57e8d7d9d58a85e7037339e8b054fa98f7b2
IMG_20260912_072227_1.jpg,12,0.1218988678921745,ok,70.41989403869478,74.84590488579514,206.0090867377749,329,26,1716,448,1293,1741,1007405,8f8065d3f8d85af40e3b575b488e95863615433fbd55b52d72df4efbb1191384
IMG_20260912_072252.jpg,12,0.1072861694775346,ok,68.04195735348122,71.3453027025605,219.72207508999085,373,0,2048,512,1536,2125,1345412,4310fd3d827f827eda520e6301e4407563c9da77b1e704074f294923c5b262a7
IMG_20260912_072252_1.jpg,12,0.10747493387042346,ok,67.58914348367153,71.47083102383161,225.69736112788928,373,0,2100,525,1575,2176,1374255,bff46f42583f0b59282887002cfc4de763c4a4c3acba2761ec5ba1edb983cfdd
IMG_20260912_072534.jpg,13,0.12232789443675281,ok,71.42203472852793,75.23165507860297,216.03106157530544,327,26,1792,467,1350,1869,1021240,1cda731ed174f0269d47c6fa8ea9b16ce28e13d1ec99bf0f099c8541b6fa39f7
IMG_20260912_072554.jpg,13,0.10688560205129186,ok,69.40096927736118,73.85795101744267,216.22957294976342,375,77,2100,582,1594,2176,1301092,976e5a7ccb63cc676138bf992c884a99c8cac625a322dbe79c5e5cafcc6f5bf3
IMG_20260912_072554_1.jpg,13,0.10687185010243429,ok,72.34695706682069,76.62711652344538,216.09488090712213,375,52,2074,557,1568,2176,1302188,5e2142089bce91d757c82fee25cc261951f89321051425d0ccf507933de35aea
IMG_20260912_072555.jpg,13,0.10688560205129186,ok,70.54293164679133,73.96483661949397,218.90171300104572,375,52,2100,564,1588,2125,1298861,6a5153e0b938f790f4dfca5ad0baf7127fced08f6855546efad8f8e1070f360c
IMG_20260912_072533.jpg,13,0.12257433769039028,ok,71.1187677297394,75.38321767959002,216.58885469891962,327,25,1792,466,1350,1869,1017680,1133d4126dc82b10c2bb40f7b4764efc84650259eb03ac1bb570c8f09b43056b
IMG_20260912_072827.jpg,14,0.11212814269820094,ok,65.13456232109634,68.84667961669538,200.9336317151761,357,26,1818,474,1370,1920,1123943,ddcc480c13530f73025114d2ab970e20b848a67a2dbd7a355b8fc004b62aedef
IMG_20260912_072827_1.jpg,14,0.11191346075146764,ok,66.23516301691785,68.71486490140113,203.45867164616817,357,0,1818,454,1363,1869,1126570,beb441d0743adb24afcdafa7def8ce9ffb9589a710c788a47bb8d6b12903b3c5
IMG_20260912_072824.jpg,14,0.11189766076678603,ok,63.9840466748276,68.70516371080663,223.45962855127172,357,26,2023,525,1523,2100,1210336,4604f11fdb7119ab2790e7119047b9ce55a8a55573d30bace403150b78b977bb
IMG_20260912_072825_1.jpg,14,0.11171237424270433,ok,65.74586608731354,68.59139778502046,203.09309637323648,359,26,1844,480,1389,1946,1139651,113e14da779f7f758e2acc28e05ebbce622479df733f3dfc27b245642525ba17
IMG_20260912_072826.jpg,14,0.1117138906538854,ok,65.09665659333498,68.59232886148564,200.19129205176264,359,26,1818,474,1370,1920,1139001,6b808ce6c36b0be262665871d4e39957e2030de419b7b3299ef90c3d5392c2e3
IMG_20260912_072956_1.jpg,15,0.11974419624005646,ok,65.71921019375019,67.41598248315178,193.14738853521106,335,26,1639,429,1235,1690,886406,bc92331941ce4fb0a8561ce8cee8ec9b165a6609a92bafc83163629f20c29263
IMG_20260912_072954.jpg,15,0.11999420160458021,ok,66.38123133083039,70.55659054349317,196.67049642990696,333,0,1639,409,1229,1664,891529,a9e98a52b6058b6439eddb586c086f9afa893fc51642d98102a61a13b91961ea
IMG_20260912_072954_1.jpg,15,0.11999420160458021,ok,65.6395080489571,67.55673550337866,193.5506471881879,333,26,1639,429,1235,1664,867471,5c848405e21a9f985ebdb804fc0ac2e1115624d01b58146e7d26c9eae55e0df4
IMG_20260912_072955.jpg,15,0.11998844989254467,ok,66.02922714254265,67.55349728950266,193.54136967667455,333,26,1639,429,1235,1690,894679,6970e5a21246707587e5b6ca250e31920621d3b2d73331df333a654ed118fe83
IMG_20260912_072956.jpg,15,0.11999420160458021,ok,65.0585931920575,67.55673550337866,193.5506471881879,333,26,1639,429,1235,1690,879902,d73abed2b70fb54a3cfa73c6c90e8f5cf274ba53ae02b6191b5eee8577700f47
IMG_20260912_073109.jpg,16,0.12354456741585257,ok,59.97477055969453,63.254818516916515,177.16290967433258,325,76,1510,434,1151,1561,733518,c2f7fe1ebfbc4595a15096ff07be0ffa27e4383ffccd4369ebc4669f560d9867
IMG_20260912_073110.jpg,16,0.12378737659575498,ok,60.20486247101602,63.37913681702655,177.51109803831264,323,76,1510,434,1151,1561,729642,814ed6763e57521f92c2a633baa3bba6d4562b5a7aae6aea0284fd5115933fff
IMG_20260912_073112.jpg,16,0.1242381073467167,ok,60.19431602146528,63.60991096151895,178.15744593519173,323,76,1510,434,1151,1561,725587,ea344b3d1bdbb6af4173e0a0236c00777ce3da04fc87c8503b984ea903cafd97
IMG_20260912_073111_1.jpg,16,0.12451340738270733,ok,60.33221613122094,63.75086457994615,178.5522261868023,321,76,1510,434,1151,1561,730214,9ae80c2e737a8c1c5cb16381f33b2b8aef27fa861aa9399601119139c08b1ec6
IMG_20260912_073111.jpg,16,0.12429776530705655,ok,60.09373210214455,63.640455837212954,175.01125355233563,323,102,1510,454,1158,1561,730138,8492ae025f6b415e334ea2b50cb9afcaf49fb427ed3e84541f03fa3631ca601a
IMG_20260912_073218_1.jpg,17,0.10710904690996377,ok,70.9646319217769,76.79718663444402,211.1119314595386,373,128,2099,620,1606,2201,1350983,debb9456863c62e1bea3babff7289ef548b75440ef962ded5d0795c64fc27524
IMG_20260912_073219.jpg,17,0.10710904690996377,ok,71.1003106231872,76.79718663444402,211.1119314595386,373,282,2253,774,1760,2330,1367941,73a4bd1e17fb256c570e0c86ce4014808b674913268fba9cb7d5296272604bbb
IMG_20260912_073217_1.jpg,17,0.10700765355496156,ok,69.98943875080988,79.39967893778147,213.58727649570326,375,52,2048,551,1549,2151,1349163,ed73f6f5c1b8a71ad7f26561f18b88f4592e1359a5b5fe7a10228c7956a7b27d
IMG_20260912_073219_1.jpg,17,0.10696971222547567,ok,70.51397864711537,76.69728366566606,210.83730279641256,375,359,2330,851,1837,2407,1364090,70f18d11001073ed7dcf13e0432c4b487a09c346a69a14b2ba873f8649db1b22
IMG_20260912_073218.jpg,17,0.10693428550164079,ok,70.63736189952199,76.67188270467645,210.767476723734,375,52,2023,544,1530,2151,1345887,6743d8486df4e0e5367d15e24dc9fbac0735b65cffeabe70d9115d36adf72a71
IMG_20260912_073338.jpg,18,0.11722607741384435,ok,72.89077330482807,77.95534148020649,219.0955386864751,341,51,1920,518,1452,2022,1137442,784c75f04fef4e36bcf92770debd7f49fc4bf4a3b801d3934c0859000991c6a9
IMG_20260912_073337.jpg,18,0.11766930032292008,ok,72.99603706948804,78.25008471474186,219.92392230353764,341,51,1920,518,1452,2022,1140197,030446427426e8fbb60ca123f584a4b10e69ab333b999cd6396feabe302baf19
IMG_20260912_073338_1.jpg,18,0.11764267820456226,ok,70.92248163355438,75.29131405091985,225.87394215275953,341,51,1971,531,1491,2023,1146793,77d28f77362da36e010748c7e26d4b9214948e11202011cc25c7c681db48b14f
IMG_20260912_073339.jpg,18,0.11766753127245023,ok,71.45298775585324,75.30722001436816,222.9799717612932,341,25,1920,498,1446,2022,1126801,78d38e902854c028b7868b38fdeace6a22524614e8cbf70098f9cafd1337f7b1
IMG_20260912_073338_2.jpg,18,0.11785363948672899,ok,70.61274089859586,75.42632927150655,229.3431824411746,339,25,1971,511,1484,1997,1143987,dec6279c5cf925ed63c1bb52868d6b29ee754e7d35ea84210513c7febac2a00e
IMG_20260912_073507.jpg,19,0.12022593311212836,ok,64.15323523783232,67.68720034212826,187.79290752114449,333,26,1588,416,1197,1639,814862,18f2f7e27c995ea6b7932069201557f4688b2329108f49e0d05f97343adbbe70
IMG_20260912_073510.jpg,19,0.12069192129247219,ok,62.423478904315196,67.94955168766184,194.67606904475764,331,26,1639,429,1235,1664,813923,8c9b73070310fb5599fb026ea5722ad72b79903024442b70b736d0d142e95780
IMG_20260912_073508.jpg,19,0.12069773634992231,ok,62.757502472775414,67.95282556500626,191.5473075873267,331,26,1613,422,1216,1639,821543,01181897d2224ea91e1f7a51d4604c28b5e2f04a5ad0e5a76725ced8fb66cb3f
IMG_20260912_073508_1.jpg,19,0.12069967103479097,ok,62.64875381092086,64.81572334568276,191.55037793221328,331,26,1613,422,1216,1664,827996,0a868572ec73e0f33ef1f95515b5fef5cb3d6262225405f4f01ca6c1212f2b27
IMG_20260912_073509.jpg,19,0.12069967103479097,ok,63.088064418028544,64.81572334568276,188.5328861563435,331,51,1613,441,1222,1664,809063,66727993095bef0da23e85ad7b6ea7377b666770a3d17a37c3504c2737234cc9
IMG_20260912_073636.jpg,20,0.11487201719392368,ok,73.01660427292266,79.37656388100126,232.3860907833076,349,25,2048,530,1542,2099,1280655,232c7503288be2bbb7460d39e35cc8ac874822144f75d6ae8d110a4de4a696f7
IMG_20260912_073641_1.jpg,20,0.11539095068398954,ok,71.80977260525331,76.85037315553703,233.43589323371083,347,25,2048,530,1542,2099,1275768,31852fb0026750d2d48dbaa1d8a6205d8a1b8ff37effb481deeb7a35acca7f7d
IMG_20260912_073636_1.jpg,20,0.11560426249647314,ok,74.2775802429549,79.88254538506294,224.96589481813672,347,51,1997,537,1510,2099,1285437,2f0eb46605b0840a2e0e893655c73261c494dcbfce76d43a4d78011608bf05f7
IMG_20260912_073641.jpg,20,0.11566352172028097,ok,72.60947669404932,77.03190546570713,227.9728013106738,347,51,2022,543,1529,2073,1266743,96ad8bf60c3fe2abf7e4e32bc62bd50b0b126b250e526c15795f30c453238ab1
IMG_20260912_073637.jpg,20,0.11580327159584869,ok,74.09988266935218,80.02006067273145,228.24824831541775,345,51,2022,543,1529,2125,1297091,8fcbda8cc3df41ef4d1f7004dad7df04ffa02cff930c2b93bb3750cea535e93e
IMG_20260912_073759.jpg,21,0.11864037811992253,ok,56.520653316723966,57.77786414440227,164.07964293985287,337,51,1434,396,1088,1536,733021,16bb8214cf4affeaf358f1ab0b7b04ed2af17f0b7436f3dd710c8c19b456dc6e
IMG_20260912_073801.jpg,21,0.1188854348110023,ok,54.727387287027724,57.89720675295812,164.29967090880518,337,52,1434,397,1088,1460,701311,8f4dbd5f6e7865268240fa655b46d72e3b8fc426c291e78c99b274e9cc528225
IMG_20260912_073800.jpg,21,0.1189112596622264,ok,54.651243343072814,57.90978345550426,152.2064123676498,337,128,1408,448,1088,1485,697909,064caf7bd6f0224dac2d6fb6a8338f5482184c4ee4c27fe66691d7cbdcc843e0
IMG_20260912_073800_1.jpg,21,0.11890791976086322,ok,55.87863448409087,57.90815692354039,164.33074510951297,337,52,1434,397,1088,1485,696863,e36d37eea3391ce3694531dd55c661d2ef9cb4c442a91d6f24a97d0cfcd92525
IMG_20260912_073759_1.jpg,21,0.11913510951420199,ok,55.15869365652621,58.01879833341637,164.64472134862714,337,52,1434,397,1088,1511,707866,470a62683753e0221052d9608ad688e3b2036bfe4870cf409c12d3653ffc36a0
IMG_20260912_073919.jpg,22,0.11487883850934481,ok,62.85995819400434,67.6636358820041,194.0303582422834,349,26,1715,448,1292,1766,929874,76ed8734b888f75107203baa380c7043f93a7192af54de4f280d02fa6bf4a346
IMG_20260912_073920.jpg,22,0.1153290861162107,ok,62.43596204772218,64.93027548342663,185.91048681933165,347,26,1638,429,1235,1638,926913,ea6b0049c9e4785a7261ce796e282545e04cc661e08303ab8ccc1007e023daf8
IMG_20260912_073917.jpg,22,0.1152329479204614,ok,61.77732518790679,64.99138262714023,191.74762533964778,347,26,1690,442,1274,1741,910429,535a131a2799184b3da45b699a52e597cc442785a4a857facd15650c497977e8
IMG_20260912_073921.jpg,22,0.11525726384589209,ok,63.51165412479034,67.88652840523044,200.66289635569814,347,0,1741,435,1305,1792,957453,045c11cf875da4bab10a81f483e0a9fc29ee9f01eb35140db52f301d6d98b679
IMG_20260912_073918.jpg,22,0.11531993353007608,ok,63.810732835147,67.92344084921481,191.8923693940466,347,26,1690,442,1274,1766,925535,0adb6d8418c9267e454fe285aa1797c7caf46113e93509ade2280f48fb24a3b2
IMG_20260912_074121.jpg,23,0.10522118459675835,ok,61.68609367710885,61.97527772749066,158.8839887411051,381,26,1536,403,1158,1690,988294,d5046bf1b687d3b99d2da01733127f102ece7d41c9f7b9700a92ca0ddc731551
IMG_20260912_074120.jpg,23,0.10504269145933579,ok,61.58145177977644,61.87014526954878,158.61446410359704,381,26,1536,403,1158,1690,965905,c1f4f83baf9af946ed17bbf871c5f176e6bf7d349cd101c561e1c926f0762952
IMG_20260912_074121_1.jpg,23,0.10503383015834182,ok,61.51276175407357,61.86492596326333,161.33196312321303,381,51,1587,435,1203,1638,982288,4e26b81b6e522a09c631ba8de0d686b5b604cec5ddbf461043e1f02caf8b047c
IMG_20260912_074117.jpg,23,0.1048835808682663,ok,61.61910376010645,61.77642913140885,163.7232697353637,381,77,1638,467,1247,1664,966233,372c9b373551cf95735a7093806160edc2c5cb85dcedc0efa27a6aa8b88f668e
IMG_20260912_074118.jpg,23,0.10487999853939439,ok,61.38424889347996,61.774319139703294,158.36879779448554,381,51,1561,428,1183,1587,947442,e130c4c60cfd696d32f1cfe1b71c75f59b1a3c65b480da8622afaf1e666f9e64
IMG_20260912_074251.jpg,24,0.11897809738868297,ok,66.4905951201195,70.07809936193426,197.97955405476844,337,25,1689,441,1273,1766,920337,d82dfcfcfbd1f5b5b175022e8bb64d9bf0153fe38cb408caae64ec9781ffebed
IMG_20260912_074251_1.jpg,24,0.11929398277541318,ok,66.4770020481715,70.26415585471837,198.50518733828753,335,51,1715,467,1299,1792,918833,0dd3148ff24621926e13d1c3a614bdafd7e6073b4d94ca1d5a1d4231fe655a4e
IMG_20260912_074249_1.jpg,24,0.11949054136683737,ok,66.9594750556185,70.37992886506721,192.73824322470867,335,51,1664,454,1260,1766,918985,e2efd38d31e66b136f6c2729878bed70a85b4d2db7f06351a8b61bc1485c7186
IMG_20260912_074248.jpg,24,0.11960390287765772,ok,67.61760647687272,73.5564002697595,199.02089438842245,335,25,1689,441,1273,1715,912952,e81ee31959f09b55dad4bffc4c74b6d3d05abb3042588bbf80e93cc11a6ec60f
IMG_20260912_074250_1.jpg,24,0.11980309296029687,ok,68.5181535507544,73.67890217058257,193.24238894495886,335,77,1690,480,1286,1792,918283,ef4ecd8530f697930af297add64ce441072218067638ea370eadc950fdb31b6f
IMG_20260912_074406_1.jpg,25,0.11485759940408276,ok,64.38930615208194,67.53626844960066,194.10934299289985,349,26,1716,448,1293,1741,940415,c840fd1714aafb86f68e6e3837b42954d4a0a6bb78c102905e49a78c67e311b1
IMG_20260912_074408_1.jpg,25,0.11510163115850938,ok,63.76987578140188,67.67975912120352,200.39193984696485,349,26,1767,461,1331,1818,968160,6be04719a0ed69dfefa2e1436ac2e94619284a094f9a9ab996973e60f7964b00
IMG_20260912_074404.jpg,25,0.11499663099361918,ok,65.59106518588098,67.61801902424807,191.35439397338232,349,51,1715,467,1299,1766,953421,cffa1c477a2291b3d089a7af59aacdf0d6edc664704225341cab213e9356a511
IMG_20260912_074405_1.jpg,25,0.11500664949169914,ok,65.59595009980573,67.62390990111909,191.3710647541874,349,26,1690,442,1274,1690,937612,6cf5a04ec78c07ce14a2ca690a955430d5e3fe3287b5a28216b0d80f89ca6808
IMG_20260912_074406.jpg,25,0.11503576750688367,ok,65.40293896527461,67.6410312940476,194.4104470866334,349,26,1716,448,1293,1741,948793,142d0b2416b9e401665c666fadbe4da6182490de5c446cf96bad2207c4890359
IMG_20260912_074553.jpg,26,0.12204789903461326,ok,73.03763093600729,78.11065538215249,218.70983507002697,329,51,1843,499,1395,1868,1067383,f55b3ba010b05723c25cb54294bde9bd59d9011b4cea35fbebfc1f7836937ca0
IMG_20260912_074550.jpg,26,0.12228826255950807,ok,73.20972694735448,78.26448803808516,222.19777307062617,327,26,1843,480,1388,1869,1081087,4730d24caf86f492dd10cb2ec1c9b86826661ea6f26625fbb5b28a1eb342f670
IMG_20260912_074553_1.jpg,26,0.12229512340097201,ok,72.88452639049802,78.26887897662209,222.21023921956615,327,51,1868,505,1413,1868,1079968,8a39fa73524b1a734e399f2d7166997ded44371a0ec9d1b4aa5defcd1b683fae
IMG_20260912_074553_2.jpg,26,0.12229512340097201,ok,72.13869942605528,75.08920576819682,219.15286113454184,327,51,1843,499,1395,1868,1085067,7e36659eafb488f4d1f848419f116a8ee3ef24a8dde7abc65528f0008dc63437
IMG_20260912_074552.jpg,26,0.12256754491671455,ok,73.7167177958465,78.44322874669732,219.6410404907525,327,25,1817,473,1369,1843,1070941,4e4449fe8ba26c279cfbee8c39633cef176c4026f7e282028cae77ced1a9c532
IMG_20260912_074743.jpg,27,0.12124661195125357,ok,67.3077978401783,71.41425443928836,214.1215167059138,331,51,1817,492,1375,1817,981372,35e7767d22d05821256ac87ded2a46ec9ef9b76645a072a583e85307e932681e
IMG_20260912_074743_1.jpg,27,0.1214187822498053,ok,67.2840088410016,71.51566274513533,211.39009989691104,329,51,1792,486,1356,1843,984775,89a18fb6f6632e69a4a0c29906de148b29a2a102bef9ef0314b2399878b2d6c2
IMG_20260912_074742.jpg,27,0.1214805595118917,ok,68.16744258848118,71.55204955250422,208.33915956289425,329,51,1766,479,1337,1843,973618,78b2ab3fc4f97c3f9c2b56379e4fddbb5abb0f54f2bef22cf946981b74164572
IMG_20260912_074745_1.jpg,27,0.12184109145634646,ok,66.45721509273208,68.59653448992306,208.95747184763417,329,51,1766,479,1337,1817,959835,f994cad4e57148a8410aa25b2602fb7177bb6b40d76061ab5a8691a826f23d7b
IMG_20260912_074746.jpg,27,0.12184109145634646,ok,67.61270268822095,71.76440286778806,212.12534022549917,329,51,1792,486,1356,1817,965636,5925792329515c6488c406f35f9ef1eec659086097ce256d3100d66c3925c82d
IMG_20260912_074904.jpg,28,0.11402599127367351,ok,64.24542305449818,67.1613088601937,189.73924947939273,351,25,1689,441,1273,1741,972713,5349dc76df0bea383a987a9b8c5089dade191b679278e85ef956322ffe5deda1
IMG_20260912_074904_1.jpg,28,0.11385245954210022,ok,64.56579717464429,67.05909867029703,192.41065662614938,351,25,1715,447,1292,1741,997130,e1206b4e5ffd6b8976421e70e08af3183b35678294d931bbe51f1690b82a3c06
IMG_20260912_074905.jpg,28,0.11380324205869607,ok,63.41466811332265,67.03010957257199,195.28636337272246,351,25,1741,454,1312,1766,996096,8a58b756428e00e6e30d54203c379c6ccf40808871b40c49279089aac6a30d6c
IMG_20260912_074902.jpg,28,0.11374919900865109,ok,64.12237539050872,66.99827821609549,192.23614632462034,353,25,1715,447,1292,1741,986891,14fd841c54787ea599eb0d7559e55f3bcdbc7950c762fb412ddf2adb41e0dafa
IMG_20260912_074903.jpg,28,0.11358145946106407,ok,64.4509254676465,66.89947962256674,188.9995485432106,353,25,1689,441,1273,1715,979532,bcfff3a36395145b06e47b91c615066da49eedd46c51f9612993bb14cb206738
IMG_20260912_075038.jpg,29,0.11486666170261843,ok,62.83738704053313,67.65646374284225,188.26645853059162,349,77,1716,486,1306,1741,946755,3c53fb1601e45767fa5dc58eb324736760bd7a268386e758ce162b6a5b3648a0
IMG_20260912_075036_1.jpg,29,0.11469503462292745,ok,62.65621895058395,67.55537539290427,187.9851617469781,349,77,1716,486,1306,1741,962590,13bd1f4379ee0fd4172f014e2d5f58b7beda75ae71766342c8aac16dc00f29fb
IMG_20260912_075037.jpg,29,0.11469503462292745,ok,64.19051337219243,67.55537539290427,185.00309084678196,349,77,1690,480,1286,1716,946181,2b58cbc0e681ccec732b02a41e5e8b2a8143f299099617285fe121a6300a1af6
IMG_20260912_075038_1.jpg,29,0.11466146816974333,ok,63.89787720536777,67.53560475197882,184.948948157796,349,77,1690,480,1286,1716,948783,a0a252d3f5111a82b0c860456e2465165e180dac82029f5541d1b05b22ce2764
IMG_20260912_075035_1.jpg,29,0.11491719610075843,ok,63.85303929877605,67.57131130724595,188.34928440914305,349,77,1716,486,1306,1792,967204,d768e16767f34f071ae64c6f59272afff256519c440b3b66665476f808818173
IMG_20260912_075205.jpg,30,0.11759477937548246,ok,73.29587981984669,78.20052828469584,204.6149161133395,341,26,1766,461,1331,1818,1100901,d25c896ea7aa393ae954a97c4780da6b0ca65f8de8cd2bca456f5617e868abb9
IMG_20260912_075210.jpg,30,0.1180188394404038,ok,80.69178503528664,87.56997886477961,199.45183865428243,339,25,1715,447,1292,1740,1150731,1d59ac701852d97f96643214a78bab8b9d165c07d59412b2ffc98da8c05dd143
IMG_20260912_075209_1.jpg,30,0.11896738307347293,ok,79.8531601557543,85.29961366368009,201.05487739416927,337,102,1792,524,1369,1817,1185870,c31d93984a5f7d5bc3185e7889ab4d020d6e91de39533c22a13d700d18afa647
IMG_20260912_075205_1.jpg,30,0.11915982060280005,ok,74.35518826081041,76.26228518579202,210.43624318454488,337,0,1766,441,1324,1843,1120563,8fb503ce0240583df8d3b88e2c011e5b674ce45f801bf5fd302a500116a2e8fa
IMG_20260912_075207_1.jpg,30,0.11916862849021427,ok,75.55195163475052,76.26792223373714,207.35341357297284,337,26,1766,461,1331,1843,1158430,46e1666ba8795617f25af6fbaf015da1e5e3375d9c62529854a460c6e6426049
IMG_20260912_075406.jpg,31,0.12072143853296266,ok,55.93880980021749,61.80937652887688,194.72368035366878,331,26,1639,429,1235,1664,754632,229aa24691f4b7bb8754638e5ddfb89321e35702ab4f52e91228dd2afcbd748a
IMG_20260912_075405.jpg,31,0.12096387108766142,ok,57.46508399850119,61.93350199688265,185.80050599064793,331,25,1561,409,1177,1612,735699,d61bc21af95469554e758d3a239f89874d08c0296af3f20d52d1ba3e026496e7
IMG_20260912_075410.jpg,31,0.12096187207760974,ok,56.92886171970972,61.932478503736185,191.96649098716665,331,0,1587,396,1190,1638,757540,915b1e8ec32d3b7c9c83cd4e97a3e6224248e36fba94c5a86ce698a56dfeb67d
IMG_20260912_075410_1.jpg,31,0.12095007144659234,ok,57.72512730402198,61.92643658065528,188.80306152813063,331,26,1587,416,1196,1639,749788,eb85e55901831766998dd5c8334ca61c807ddef2381b2d15568a792da06af4bd
IMG_20260912_075405_1.jpg,31,0.12096580638918339,ok,57.949631408228456,61.934492871261895,179.63422248793734,331,26,1511,397,1139,1536,721216,b9c55d5072341cd772a01a708bafdee09c84c4464373dad14c3e38303602c63a
IMG_20260912_075532_1.jpg,32,0.11581789288305673,ok,66.15624540692048,71.22800412307988,201.63895150940178,345,51,1792,486,1356,1869,1041579,812fb58ac9575489697e547d3f097d7787b45d9866d36a9f8852bff21a130e81
IMG_20260912_075533.jpg,32,0.11626587433830923,ok,66.0577260752026,71.50351271806018,202.41888722299637,345,51,1792,486,1356,1869,1033126,e1d41fcba95becc16dde11038e6a75c9e8e34a0dbc935cd15961715369332fd5
IMG_20260912_075532.jpg,32,0.11629377216354246,ok,63.932701753411195,68.49703180432651,202.46745733672742,345,51,1792,486,1356,1869,1017518,9f1f9843a30bc25cbbcdb31a1b1461869daeb9caa1e6146ce07a6ec0086f653c
IMG_20260912_075531_1.jpg,32,0.11653260119704893,ok,64.06064978839015,68.63770210506182,202.88325868406218,343,51,1792,486,1356,1868,1006783,82cb2c3037a0a59ef76dc97f23e73dd4ac962aa9081589ce1979289ec07fd6fe
IMG_20260912_075531_2.jpg,32,0.1167455471122055,ok,63.640413155975885,68.76312724908904,203.25399752234978,343,51,1792,486,1356,1894,1027067,a04acdf2957daf5c8a22f80774a25ca26b88ccc5fe11b0915a1cb0f5f96c0e6d
IMG_20260912_075701_1.jpg,33,0.11155868347877033,ok,59.677191413336914,62.8075387985477,185.63364930867382,359,51,1715,467,1299,1817,936078,88dd5f293fa09fcf65704df3e88168749b9f16151e325f5b3dd7af6d389f2551
IMG_20260912_075702.jpg,33,0.111360563739726,ok,61.611861555789844,65.48001147895889,182.51996396941092,359,76,1715,485,1305,1792,924768,cb563a0bffe5a1ce39ac44fd83d100a4f96a02e4ccb706f7700ddb77634f7ecf
IMG_20260912_075702_1.jpg,33,0.11109915724644161,ok,60.49843182840154,65.32630446090766,184.86899765807883,361,51,1715,467,1299,1792,943780,72a042b4f482b690313e2c9555fbad2526b2df56b9754ad88dcd14cb3a9917b4
IMG_20260912_075704.jpg,33,0.11107448252778954,ok,60.5785809384313,65.31179572634025,184.82793892624179,361,76,1740,492,1324,1792,932521,2d5582fd726de543e2a8518c9a081b7255129d4e761e84ce13486346797b5008
IMG_20260912_075704_1.jpg,33,0.11098684903109879,ok,60.70086877712031,65.26026723028609,184.68211678774838,361,76,1740,492,1324,1792,932573,01d0fd76cafe09f2455a949497733797f5ec48a4cc1bf90c37b16be263dbb916
IMG_20260912_075808.jpg,34,0.11132620193495368,ok,57.81780165008885,59.78217043907013,179.5691637210803,359,51,1664,454,1260,1715,862640,4e3e8a77ded5134676fb352fcd00586002adc5e1a7a075ce47591a96e1869fe5
IMG_20260912_075809.jpg,34,0.11110607370763208,ok,57.31959449189403,59.663961580998425,170.65892921492286,361,77,1613,461,1229,1664,858942,c5eef4823ff7e78902c8749f067ed04f326904a3270bd7ddbed9cfcee21c7fa9
IMG_20260912_075810.jpg,34,0.1109630495444361,ok,56.792981360258125,59.698120654906624,178.98339891517543,361,51,1664,454,1260,1715,877556,0bda16d18f08ebbb20171e686628bc987ec55f29d93e48b631c46c68f4d1749c
IMG_20260912_075812_1.jpg,34,0.1111530354572748,ok,58.04218323683511,59.80033307601384,176.3998672706951,361,52,1639,448,1242,1716,870611,784bbe00f42b2becfc247407cdbff4ff01f4c7f18e6ad9af09769b25cca033a8
IMG_20260912_075809_1.jpg,34,0.11086378130400354,ok,56.629503756190914,59.64471434155391,173.05836261554953,361,77,1638,467,1247,1715,859795,a399e3c3f01077e1c44f6c7fa0dfae1fecbcf93029befb0e153bb7d1e6333fed
IMG_20260912_075932_2.jpg,35,0.10867040803119964,ok,59.010121376480456,64.00687033037659,169.63450693670262,369,26,1587,416,1196,1613,830537,1bc3be2076f5695322e74af740013271f9c5e062cdedf5deeb46842d5da82bb5
IMG_20260912_075933.jpg,35,0.10825387099722157,ok,59.50213486919419,63.761530017363505,166.27794585173234,371,26,1562,410,1178,1613,816855,2be21f3d04744f31d03cc8e161493fac51d9cd3cd2997487c9889f72191711e5
IMG_20260912_075932_1.jpg,35,0.10789199196548384,ok,57.31084290139879,60.743191476567404,168.41939945812027,371,26,1587,416,1196,1613,836465,3ea86eda8ad69cca9f9b0ab052adaf276cdd48858791e483470cec5c004d77b2
IMG_20260912_075931.jpg,35,0.10775512869436454,ok,58.88921261183541,63.467770800980716,168.31351102059742,371,51,1613,441,1222,1639,845097,b964f903946c1a8385650620cd5dbad7f2534c8807de8d69302f649829963793
IMG_20260912_075932.jpg,35,0.10793806269037651,ok,59.23367234655126,63.575518924631766,168.5992539223681,371,26,1588,416,1197,1613,857974,d16133e1b70a1e49fbac43be1947a441bc475c8e2ca38d6fce818d6070ff68e9
IMG_20260912_080040.jpg,36,0.11193299037647893,ok,68.40333935992287,68.83878908153454,197.78559399523826,357,51,1818,492,1376,1843,1132206,7dc198b6775bf1d3cac3d031553415217ae526f6b3b1e377beebcca37502f6f3
IMG_20260912_080040_1.jpg,36,0.11168518914758067,ok,68.08437783448584,68.68639132576212,197.34772922377505,359,51,1818,492,1376,1843,1117378,b610379074d48966c6feae0ae219ca7bf520f015241b6790871a62bd7fb4da23
IMG_20260912_080041.jpg,36,0.11067072968619401,ok,67.77526369076631,70.82926699916416,192.67774038366377,361,51,1792,486,1356,1869,1111091,b9b077af7fbf14470519597281b98bcc4cf12945c96487fc057ebb26ba03216d
IMG_20260912_080041_1.jpg,36,0.11061374885903236,ok,67.65111451770404,70.79279926978072,192.57853676357533,363,51,1792,486,1356,1869,1098661,f4a1831c41775b5e8e5b63798b0fb5d31a176645a0c186ab8bb9a6e13eb50d2b
IMG_20260912_080042.jpg,36,0.1104790385415363,ok,66.9774479239666,67.94460870304482,195.1059820643531,363,51,1817,492,1375,1868,1125028,55f01c0580454a57c11abd6f184393f4f06217250723e1ecacbc97399f043847
IMG_20260912_080203_1.jpg,37,0.11338717803040939,ok,66.46843783817312,69.73311448870177,211.92063573883516,353,0,1869,467,1401,1945,1130623,c1bf5a0238768aded10090b21838614cda5de2809aceac398146b2a2ca801205
IMG_20260912_080159.jpg,37,0.11296019760769599,ok,65.55562982118822,69.47052152873303,208.2986043885914,355,25,1869,486,1408,1920,1071642,363dc06a1cf7ecfb6d73030c25c56402b7b2a0c9cd07a1d00008c73f7110b163
IMG_20260912_080159_1.jpg,37,0.11274082611852516,ok,64.05464190410028,69.22286723677445,207.8940833625604,355,25,1869,486,1408,1894,1078402,2d69e3adc2d5a4eec0cc2e49876602e7744690a825acfca1b46165e9ddc6efdb
IMG_20260912_080200.jpg,37,0.11253806473417671,ok,66.74227384704066,72.0243614298731,207.52019136982184,355,25,1869,486,1408,1894,1075022,de4ce24ff821cf554e08deb380e21d7f400adeae78f6d843ccd897913d72ad96
IMG_20260912_080200_1.jpg,37,0.11254444331907287,ok,65.92116046383845,69.21483264122982,210.3455645633472,355,0,1869,467,1401,1945,1116087,c0f1f55833ff2406e2be01d392a5b83b171044b243d06e66aa8e1743ef8d787f
IMG_20260912_080336_1.jpg,38,0.12348003884360065,ok,68.7161423710237,69.51926186894717,183.36785768274697,325,51,1536,422,1164,1562,851431,22f4b56583b834b1d1e7f55642474bf9085bfd1d761a6e3c4bb338a752cbf1d4
IMG_20260912_080336.jpg,38,0.12364793326999449,ok,68.75325014070197,69.6137864310069,183.6171809059418,323,51,1536,422,1164,1562,846125,f949724588246639d79c2c1271a76db30548dd9820850a74a216dc1d3f44d82e
IMG_20260912_080335_1.jpg,38,0.1240402760598755,ok,68.48186116093189,69.8346754217099,190.52586402796877,323,26,1562,410,1178,1587,848204,b0a43e88292cf9350734305af254b8207d1bd9455e1456b8bf0eab2b15647e9c
IMG_20260912_080335.jpg,38,0.12426737704116009,ok,68.13076327305255,69.96253327417313,197.21232736432106,323,26,1613,422,1216,1638,871739,157de1be1eab066d5467456e94829b92fd0dee2e83579bf7a9992e90abdc2168
IMG_20260912_080334.jpg,38,0.12438100992066252,ok,69.4245108676632,73.26041484327023,194.28313749607486,323,25,1587,415,1196,1587,877489,327f76ae7236077947a71ee270f03724f59381b3e43a63c3644020fd7e805fb1
IMG_20260912_080441.jpg,39,0.12236774396594942,ok,72.49951263792252,81.37454973735636,213.04224224471793,327,51,1792,486,1356,1869,1102852,a5fc88b71490ddcaaf33bcdbd77c40d2a6e776b722deb1a99de48134c7b7b8fb
IMG_20260912_080440.jpg,39,0.12294182535796908,ok,69.97825773161081,72.41273513584379,210.84523048891697,325,25,1740,453,1311,1766,1042354,b1608a07b9161b16821b0038beb10edc7214570b2e39f748166a2531eb6402cd
IMG_20260912_080439_1.jpg,39,0.1235154859306166,ok,70.3158313324867,75.9620238473292,208.74117122274205,325,26,1716,448,1293,1818,973262,5b3d32c5070367cc71122f5925a58ceaad65341aa889d3296761853a4ac573a8
IMG_20260912_080439.jpg,39,0.12376219920765831,ok,69.68676977684201,72.89593533331075,209.0343544617349,323,52,1741,474,1318,1818,982438,71461576ca01bd47a35238f67b82517e7adbcd0e53b9af20716db703175c7627
IMG_20260912_080438.jpg,39,0.12441071100025781,ok,69.20884114965786,73.27790877915186,207.019423104429,323,77,1741,493,1325,1818,996746,4b03ea37b118e818ac3900bb9399a4e5a932b16c3be1deb35c0a6b5652ebc105
20260912_080631.jpg,40,0.10079677891908125,ok,65.82994520566554,71.96890014822401,197.96487379707557,397,153,2117,644,1626,2219,1366354,2ddffe76b0e7275fbf5e42fbc9cabe56d0bd31e077fe913322f8ad7cb8448b18
20260912_080633.jpg,40,0.10081590362067346,ok,66.42505283210798,71.98255518516085,197.901618807382,397,153,2116,643,1625,2193,1360220,5d63b6c81e90a5718a1b4a0ccfb683444a1c440b4ac0bd51687862b1998055e1
20260912_080632.jpg,40,0.10116840516256755,ok,66.26788095187794,69.70503115700905,198.69474773928266,395,153,2117,644,1626,2219,1332034,874dc7249cdf800a8e467127c04f06cb86b2dd93a1df558dac82fa10c55b2753
20260912_080630.jpg,40,0.10133642790817204,ok,65.46467394961886,69.71946240082237,198.92340798374173,395,128,2091,618,1600,2193,1315303,4b9ca2e88fe0c0cb7dc6544afc72d4c6d564c65f6a6659ac5a3dcbd147c0c765
20260912_080635.jpg,40,0.10172531435829162,ok,66.87037369956357,72.63187445182021,202.33165025864201,393,128,2117,625,1619,2193,1375406,bca883f24d760b08d899a6a3efddf4dc21b35af0286ee29033f750847be17470
