photo,folder,cow_id,arete,weight_kg,marker_px,px_per_cm,body_length_cm,height_cm,chest_depth_cm,lateral_area_cm2,aspect_ratio,fill_ratio
IMG_20260604_065125.jpg,3159,ODRA,73159,403.2,156,10.4213,146.81,103.83,102.19,8330.25,1.414,0.5465
IMG_20260604_065126.jpg,3159,ODRA,73159,403.2,154,10.2426,160.02,105.05,103.1,8629.87,1.5232,0.5134
IMG_20260604_065126_1.jpg,3159,ODRA,73159,403.2,157,10.4616,158.39,100.94,85.65,7928.14,1.5691,0.4959
IMG_20260604_065127.jpg,3159,ODRA,73159,403.2,167,11.1315,137.99,83.37,83.37,6060.81,1.6552,0.5269
IMG_20260604_065624.jpg,3679,SELENA,223679,355.6,112,7.4741,135.27,142.09,130.99,11962.31,0.952,0.6224
IMG_20260604_065625.jpg,3679,SELENA,223679,355.6,110,7.3382,130.0,139.54,139.54,13033.32,0.9316,0.7184
IMG_20260604_065626.jpg,3679,SELENA,223679,355.6,100,6.6667,132.45,158.4,146.85,14628.6,0.8362,0.6973
IMG_20260604_065626_1.jpg,3679,SELENA,223679,355.6,103,6.867,123.05,150.14,142.71,12851.34,0.8196,0.6956
IMG_20260604_065627.jpg,3679,SELENA,223679,355.6,100,6.667,121.94,157.34,148.79,14015.51,0.775,0.7305
IMG_20260604_065627_1.jpg,3679,SELENA,223679,355.6,98,6.5347,121.51,170.47,162.36,14668.98,0.7127,0.7082
IMG_20260604_065628.jpg,3679,SELENA,223679,355.6,98,6.5347,147.83,156.7,151.81,14141.3,0.9434,0.6105
IMG_20260604_065628_1.jpg,3679,SELENA,223679,355.6,98,6.5364,119.48,167.37,167.37,13791.4,0.7139,0.6896
IMG_20260604_065629.jpg,3679,SELENA,223679,355.6,98,6.5364,119.48,162.47,153.75,14206.22,0.7354,0.7318
IMG_20260604_065629_1.jpg,3679,SELENA,223679,355.6,100,6.6697,119.95,154.43,148.73,13469.67,0.7767,0.7272
IMG_20260604_065630.jpg,3679,SELENA,223679,355.6,100,6.6697,132.39,153.53,147.83,14040.1,0.8623,0.6907
IMG_20260604_065630_1.jpg,3679,SELENA,223679,355.6,100,6.6697,125.64,153.53,147.83,13630.49,0.8184,0.7066
IMG_20260604_065631.jpg,3679,SELENA,223679,355.6,100,6.6697,126.69,152.63,145.88,13951.51,0.8301,0.7215
IMG_20260604_065632.jpg,3679,SELENA,223679,355.6,100,6.668,146.82,168.87,147.72,14733.77,0.8694,0.5943
IMG_20260604_065632_1.jpg,3679,SELENA,223679,355.6,100,6.6697,140.04,157.28,146.78,14449.79,0.8904,0.6561
IMG_20260604_065633.jpg,3679,SELENA,223679,355.6,100,6.668,130.47,166.17,159.42,14799.1,0.7852,0.6826
IMG_20260604_065633_1.jpg,3679,SELENA,223679,355.6,101,6.7347,139.73,153.98,152.49,14572.92,0.9074,0.6773
IMG_20260604_065634.jpg,3679,SELENA,223679,355.6,100,6.6697,129.54,160.28,150.53,14086.11,0.8082,0.6784
IMG_20260604_065634_1.jpg,3679,SELENA,223679,355.6,100,6.668,129.57,157.32,149.67,14473.57,0.8236,0.71
IMG_20260604_065635.jpg,3679,SELENA,223679,355.6,100,6.668,127.62,158.37,155.52,14337.48,0.8059,0.7094
IMG_20260604_065635_1.jpg,3679,SELENA,223679,355.6,99,6.6013,128.91,170.72,170.72,15854.57,0.7551,0.7204
IMG_20260604_065636.jpg,3679,SELENA,223679,355.6,99,6.603,126.0,159.93,149.33,14665.02,0.7879,0.7277
IMG_20260604_065636_1.jpg,3679,SELENA,223679,355.6,100,6.6697,127.59,156.53,151.73,14146.92,0.8151,0.7083
IMG_20260604_065637.jpg,3679,SELENA,223679,355.6,100,6.6697,125.64,153.53,148.73,13846.77,0.8184,0.7178
IMG_20260604_065637_1.jpg,3679,SELENA,223679,355.6,101,6.7363,148.15,152.9,150.08,14114.62,0.9689,0.6231
IMG_20260604_065638.jpg,3679,SELENA,223679,355.6,101,6.7347,124.43,169.13,149.23,14363.8,0.7357,0.6825
IMG_20260604_065638_1.jpg,3679,SELENA,223679,355.6,101,6.7347,127.4,155.76,153.83,14314.98,0.8179,0.7214
IMG_20260604_065639.jpg,3679,SELENA,223679,355.6,101,6.7347,137.79,160.51,153.83,14346.64,0.8585,0.6486
IMG_20260604_065639_1.jpg,3679,SELENA,223679,355.6,100,6.6697,126.69,183.22,183.22,15258.73,0.6915,0.6574
IMG_20260604_065639_2.jpg,3679,SELENA,223679,355.6,100,6.668,126.72,161.22,153.57,14783.72,0.786,0.7236
IMG_20260604_065643.jpg,3679,SELENA,223679,355.6,100,6.675,128.54,157.15,154.46,14729.88,0.8179,0.7292
IMG_20260604_065644.jpg,3679,SELENA,223679,355.6,101,6.7386,131.04,151.96,145.28,13409.25,0.8623,0.6734
IMG_20260604_065644_1.jpg,3679,SELENA,223679,355.6,101,6.7452,134.76,153.74,144.25,14158.14,0.8766,0.6834
IMG_20260604_064219.jpg,3681,GIOCONDA,223681,410.5,113,7.5628,149.81,99.83,93.09,7312.68,1.5007,0.4889
IMG_20260604_064221.jpg,3681,GIOCONDA,223681,410.5,119,7.9613,153.49,95.71,94.08,7491.2,1.6037,0.5099
IMG_20260604_064222.jpg,3681,GIOCONDA,223681,410.5,115,7.6852,156.53,96.55,94.08,7964.69,1.6213,0.527
IMG_20260604_064223.jpg,3681,GIOCONDA,223681,410.5,116,7.7474,151.92,98.36,97.58,7704.18,1.5446,0.5156
IMG_20260604_064224.jpg,3681,GIOCONDA,223681,410.5,117,7.8182,139.16,99.0,98.49,8228.41,1.4057,0.5973
IMG_20260604_064224_1.jpg,3681,GIOCONDA,223681,410.5,119,7.9512,114.32,96.59,94.95,6694.67,1.1836,0.6063
IMG_20260604_064225.jpg,3681,GIOCONDA,223681,410.5,121,8.0802,114.85,94.31,94.31,6509.61,1.2178,0.601
IMG_20260604_064226.jpg,3681,GIOCONDA,223681,410.5,120,8.01,112.73,95.01,93.51,6610.32,1.1866,0.6172
IMG_20260604_064232.jpg,3681,GIOCONDA,223681,410.5,118,7.8895,151.72,144.37,131.44,15538.45,1.0509,0.7094
IMG_20260604_065545.jpg,3682,NICOL ESTEFANIA,223682,332.0,134,8.9027,148.83,89.86,89.19,6929.93,1.6562,0.5182
IMG_20260604_065545_1.jpg,3682,NICOL ESTEFANIA,223682,332.0,131,8.7458,150.01,93.65,91.47,7131.89,1.602,0.5077
IMG_20260604_065545_2.jpg,3682,NICOL ESTEFANIA,223682,332.0,130,8.6831,151.79,90.64,90.64,7148.94,1.6747,0.5196
IMG_20260604_065546.jpg,3682,NICOL ESTEFANIA,223682,332.0,129,8.6065,150.93,90.05,90.05,7211.92,1.6761,0.5306
IMG_20260604_065546_1.jpg,3682,NICOL ESTEFANIA,223682,332.0,129,8.6041,153.18,90.77,90.77,7350.95,1.6876,0.5287
IMG_20260604_065547.jpg,3682,NICOL ESTEFANIA,223682,332.0,128,8.5357,152.89,95.95,93.72,7256.88,1.5934,0.4947
IMG_20260604_065547_1.jpg,3682,NICOL ESTEFANIA,223682,332.0,125,8.3357,157.39,96.69,93.57,7753.71,1.6278,0.5095
IMG_20260604_065548.jpg,3682,NICOL ESTEFANIA,223682,332.0,125,8.3344,154.3,95.99,93.71,7648.76,1.6075,0.5164
IMG_20260604_065548_1.jpg,3682,NICOL ESTEFANIA,223682,332.0,125,8.3344,157.42,92.15,92.15,7623.24,1.7083,0.5255
IMG_20260604_065549.jpg,3682,NICOL ESTEFANIA,223682,332.0,125,8.3336,158.87,97.56,93.72,7587.06,1.6285,0.4895
IMG_20260604_065549_1.jpg,3682,NICOL ESTEFANIA,223682,332.0,125,8.3336,157.43,98.28,95.16,7615.05,1.602,0.4922
IMG_20260604_065550.jpg,3682,NICOL ESTEFANIA,223682,332.0,124,8.2677,160.26,95.19,94.34,7775.27,1.6836,0.5097
IMG_20260604_065550_1.jpg,3682,NICOL ESTEFANIA,223682,332.0,125,8.3336,158.87,94.44,94.44,7579.85,1.6823,0.5052
IMG_20260604_065551.jpg,3682,NICOL ESTEFANIA,223682,332.0,125,8.3333,159.0,99.84,95.16,7746.16,1.5925,0.488
IMG_20260604_065551_1.jpg,3682,NICOL ESTEFANIA,223682,332.0,124,8.2669,157.86,102.09,96.77,7796.19,1.5462,0.4837
IMG_20260604_065552.jpg,3682,NICOL ESTEFANIA,223682,332.0,123,8.2,160.73,102.2,96.83,7874.91,1.5728,0.4794
IMG_20260604_065552_1.jpg,3682,NICOL ESTEFANIA,223682,332.0,122,8.1336,162.17,101.43,96.02,7969.69,1.5988,0.4845
IMG_20260604_065553.jpg,3682,NICOL ESTEFANIA,223682,332.0,122,8.1336,162.04,104.63,99.22,8119.36,1.5488,0.4789
IMG_20260604_065553_1.jpg,3682,NICOL ESTEFANIA,223682,332.0,121,8.0678,163.37,104.74,99.16,8274.76,1.5598,0.4836
IMG_20260604_065554.jpg,3682,NICOL ESTEFANIA,223682,332.0,122,8.1333,162.17,103.89,99.96,8264.18,1.5609,0.4905
IMG_20260604_065555.jpg,3682,NICOL ESTEFANIA,223682,332.0,122,8.1336,165.24,97.5,97.5,8076.68,1.6948,0.5013
IMG_20260604_065555_1.jpg,3682,NICOL ESTEFANIA,223682,332.0,122,8.1336,164.38,99.22,95.28,8050.33,1.6568,0.4936
IMG_20260604_065556.jpg,3682,NICOL ESTEFANIA,223682,332.0,122,8.1336,162.9,103.15,97.62,8082.74,1.5793,0.481
IMG_20260604_065556_1.jpg,3682,NICOL ESTEFANIA,223682,332.0,122,8.1344,162.89,99.21,95.15,7907.61,1.6419,0.4893
IMG_20260604_065557.jpg,3682,NICOL ESTEFANIA,223682,332.0,122,8.1344,163.63,97.61,95.89,7868.41,1.6763,0.4927
IMG_20260604_065557_1.jpg,3682,NICOL ESTEFANIA,223682,332.0,121,8.0669,162.64,100.78,96.07,8208.49,1.6138,0.5008
IMG_20260604_065558.jpg,3682,NICOL ESTEFANIA,223682,332.0,121,8.0678,159.4,102.38,98.42,8279.62,1.5569,0.5073
IMG_20260604_065558_1.jpg,3682,NICOL ESTEFANIA,223682,332.0,121,8.0691,152.31,101.5,97.53,7898.14,1.5006,0.5109
IMG_20260604_065559.jpg,3682,NICOL ESTEFANIA,223682,332.0,120,8.0003,126.37,98.37,96.0,7616.67,1.2846,0.6127
IMG_20260604_065559_1.jpg,3682,NICOL ESTEFANIA,223682,332.0,122,8.1344,118.88,96.01,95.27,6981.44,1.2382,0.6117
IMG_20260604_063542.jpg,3685,CHIQUITA,223685,367.4,166,11.0395,120.02,86.96,79.35,5676.28,1.3802,0.5438
IMG_20260604_063544.jpg,3685,CHIQUITA,223685,367.4,163,10.8832,109.99,87.66,82.05,5374.93,1.2547,0.5575
IMG_20260604_063546.jpg,3685,CHIQUITA,223685,367.4,163,10.8767,120.63,83.57,82.56,5748.74,1.4433,0.5703
IMG_20260604_063546_1.jpg,3685,CHIQUITA,223685,367.4,162,10.8074,129.63,84.11,81.15,5966.25,1.5413,0.5472
IMG_20260604_063547.jpg,3685,CHIQUITA,223685,367.4,160,10.6742,136.12,83.38,82.16,6210.74,1.6326,0.5472
IMG_20260604_063548.jpg,3685,CHIQUITA,223685,367.4,159,10.6052,147.85,90.52,88.45,6599.76,1.6333,0.4931
IMG_20260604_063548_1.jpg,3685,CHIQUITA,223685,367.4,159,10.6052,154.45,89.96,88.82,6694.22,1.717,0.4818
IMG_20260604_063549.jpg,3685,CHIQUITA,223685,367.4,160,10.6769,149.86,91.13,89.63,6697.07,1.6444,0.4904
IMG_20260604_063550.jpg,3685,CHIQUITA,223685,367.4,160,10.6742,149.89,91.06,87.22,6456.23,1.6461,0.473
IMG_20260604_063551.jpg,3685,CHIQUITA,223685,367.4,159,10.6134,149.53,92.34,88.66,6605.24,1.6194,0.4784
IMG_20260604_063552.jpg,3685,CHIQUITA,223685,367.4,160,10.68,146.82,91.1,88.67,6547.12,1.6115,0.4895
IMG_20260604_063552_1.jpg,3685,CHIQUITA,223685,367.4,160,10.6769,149.29,91.13,87.1,6469.92,1.6382,0.4755
IMG_20260604_063553.jpg,3685,CHIQUITA,223685,367.4,160,10.68,149.16,91.1,87.73,6592.88,1.6372,0.4852
IMG_20260604_063555.jpg,3685,CHIQUITA,223685,367.4,166,11.0582,151.65,96.04,92.15,6867.44,1.5791,0.4715
IMG_20260604_063556.jpg,3685,CHIQUITA,223685,367.4,186,12.3853,136.94,84.29,81.79,5455.55,1.6245,0.4726
IMG_20260604_070217.jpg,6502,CERESA,246502,298.9,105,7.0013,191.97,135.26,135.26,20994.32,1.4192,0.8085
IMG_20260604_070221.jpg,6502,CERESA,246502,298.9,109,7.2743,82.76,136.37,136.37,6496.14,0.6069,0.5756
IMG_20260604_070222.jpg,6502,CERESA,246502,298.9,110,7.3382,80.27,136.0,133.68,6674.12,0.5902,0.6114
IMG_20260604_070222_1.jpg,6502,CERESA,246502,298.9,110,7.3442,89.73,137.66,135.07,6774.42,0.6518,0.5484
IMG_20260604_070223.jpg,6502,CERESA,246502,298.9,107,7.1383,82.51,133.5,130.84,6189.81,0.618,0.5619
IMG_20260604_070223_1.jpg,6502,CERESA,246502,298.9,108,7.2028,86.22,130.64,128.84,5946.92,0.6599,0.528
IMG_20260604_070224.jpg,6502,CERESA,246502,298.9,108,7.2028,83.58,129.81,128.28,5938.15,0.6439,0.5473
IMG_20260604_070224_1.jpg,6502,CERESA,246502,298.9,107,7.1346,81.57,133.57,131.89,6008.19,0.6107,0.5514
IMG_20260604_070225.jpg,6502,CERESA,246502,298.9,106,7.0679,76.12,145.73,145.73,5992.65,0.5223,0.5402
IMG_20260604_070225_1.jpg,6502,CERESA,246502,298.9,107,7.1346,101.34,92.37,90.69,5646.3,1.0971,0.6032
IMG_20260604_070231.jpg,6502,CERESA,246502,298.9,110,7.3527,106.08,89.63,87.99,5387.44,1.1836,0.5666
IMG_20260604_070232.jpg,6502,CERESA,246502,298.9,109,7.2914,107.94,89.56,87.77,5639.52,1.2052,0.5834
IMG_20260604_070232_1.jpg,6502,CERESA,246502,298.9,105,7.0114,116.95,92.14,91.28,6165.18,1.2693,0.5722
IMG_20260604_070233.jpg,6502,CERESA,246502,298.9,104,6.949,116.99,93.97,93.11,6295.26,1.245,0.5726
IMG_20260604_070233_1.jpg,6502,CERESA,246502,298.9,98,6.5456,124.21,100.68,99.76,7145.03,1.2337,0.5714
IMG_20260604_070234.jpg,6502,CERESA,246502,298.9,99,6.6003,124.08,100.9,98.93,7080.82,1.2297,0.5655
IMG_20260604_070234_1.jpg,6502,CERESA,246502,298.9,99,6.6,123.03,98.94,96.97,6847.15,1.2435,0.5625
IMG_20260604_070235.jpg,6502,CERESA,246502,298.9,100,6.6667,120.0,96.9,94.05,6651.38,1.2384,0.572
IMG_20260604_070235_1.jpg,6502,CERESA,246502,298.9,101,6.7363,122.62,93.97,92.04,6611.43,1.3049,0.5738
IMG_20260604_070236.jpg,6502,CERESA,246502,298.9,100,6.6697,128.49,98.96,95.96,6549.46,1.2985,0.5151
IMG_20260604_070236_1.jpg,6502,CERESA,246502,298.9,97,6.4753,125.55,100.85,98.84,6888.64,1.245,0.5441
IMG_20260604_070236_2.jpg,6502,CERESA,246502,298.9,96,6.417,120.62,100.83,99.74,6782.54,1.1963,0.5577
IMG_20260604_070237.jpg,6502,CERESA,246502,298.9,97,6.4753,117.68,102.85,101.77,6467.33,1.1441,0.5343
IMG_20260604_064617.jpg,6590,NICOLETA,26590,415.0,111,7.4108,188.24,132.91,129.0,12412.27,1.4162,0.4961
IMG_20260604_064621.jpg,6590,NICOLETA,26590,415.0,131,8.7336,183.2,116.56,116.1,10503.46,1.5717,0.4919
IMG_20260604_064621_1.jpg,6590,NICOLETA,26590,415.0,131,8.7336,183.89,117.94,117.94,10732.64,1.5592,0.4949
IMG_20260604_064622.jpg,6590,NICOLETA,26590,415.0,131,8.7344,181.01,118.04,117.58,10600.76,1.5335,0.4961
IMG_20260604_064623.jpg,6590,NICOLETA,26590,415.0,130,8.669,180.87,118.12,118.12,10607.63,1.5312,0.4965
IMG_20260604_064623_1.jpg,6590,NICOLETA,26590,415.0,131,8.7333,155.38,118.74,118.74,9710.77,1.3086,0.5263
IMG_20260604_064624.jpg,6590,NICOLETA,26590,415.0,130,8.6667,196.5,118.15,117.69,11118.04,1.6631,0.4789
IMG_20260604_064625.jpg,6590,NICOLETA,26590,415.0,127,8.4669,188.26,120.23,119.76,11514.21,1.5658,0.5087
IMG_20260604_064625_1.jpg,6590,NICOLETA,26590,415.0,128,8.5333,182.34,120.0,119.53,11207.11,1.5195,0.5122
IMG_20260604_064626.jpg,6590,NICOLETA,26590,415.0,130,8.6669,178.73,118.96,118.96,10882.74,1.5024,0.5119
IMG_20260604_064627.jpg,6590,NICOLETA,26590,415.0,129,8.6003,181.51,119.07,119.07,11117.76,1.5244,0.5144
IMG_20260604_064627_1.jpg,6590,NICOLETA,26590,415.0,129,8.6,176.28,119.07,119.07,10896.62,1.4805,0.5191
IMG_20260604_064628.jpg,6590,NICOLETA,26590,415.0,129,8.6,176.4,118.37,118.37,10837.16,1.4902,0.519
IMG_20260604_064629.jpg,6590,NICOLETA,26590,415.0,129,8.6,177.91,117.56,117.56,10971.76,1.5134,0.5246
IMG_20260604_064630.jpg,6590,NICOLETA,26590,415.0,131,8.7336,170.03,117.25,116.1,10314.45,1.4502,0.5174
IMG_20260604_064637.jpg,6590,NICOLETA,26590,415.0,135,9.0121,108.63,147.69,147.69,10776.14,0.7355,0.6717
IMG_20260604_064638.jpg,6590,NICOLETA,26590,415.0,130,8.6874,172.43,117.18,114.42,10454.99,1.4715,0.5174
IMG_20260604_064639.jpg,6590,NICOLETA,26590,415.0,132,8.8204,171.31,116.77,113.94,10293.87,1.467,0.5146
IMG_20260604_064639_1.jpg,6590,NICOLETA,26590,415.0,131,8.7425,180.73,121.48,115.99,10208.23,1.4878,0.465
IMG_20260604_065443.jpg,6590_2,NICOLETA,26590,415.0,72,4.8042,201.08,149.04,149.04,15429.68,1.3492,0.5149
IMG_20260604_065443_1.jpg,6590_2,NICOLETA,26590,415.0,72,4.8042,206.49,146.54,146.54,15536.83,1.4091,0.5135
IMG_20260604_065444.jpg,6590_2,NICOLETA,26590,415.0,71,4.7408,224.22,145.75,144.49,16528.4,1.5384,0.5057
IMG_20260604_065444_1.jpg,6590_2,NICOLETA,26590,415.0,72,4.8116,220.72,136.96,133.01,15733.33,1.6115,0.5205
IMG_20260604_065500.jpg,6590_3,NICOLETA,26590,415.0,69,4.6236,229.91,142.75,137.12,17608.28,1.6106,0.5365
IMG_20260604_065501.jpg,6590_3,NICOLETA,26590,415.0,68,4.5377,239.77,150.74,150.74,18266.52,1.5906,0.5054
IMG_20260604_065501_1.jpg,6590_3,NICOLETA,26590,415.0,72,4.8166,183.32,138.06,132.87,14428.19,1.3278,0.5701
IMG_20260604_065502.jpg,6590_3,NICOLETA,26590,415.0,71,4.7451,187.56,140.36,131.08,14687.58,1.3363,0.5579
IMG_20260604_065502_1.jpg,6590_3,NICOLETA,26590,415.0,72,4.8074,194.28,133.13,130.84,14726.08,1.4594,0.5694
IMG_20260604_065503.jpg,6590_3,NICOLETA,26590,415.0,72,4.8042,189.21,138.63,134.67,14721.88,1.3649,0.5613
IMG_20260604_065504.jpg,6590_3,NICOLETA,26590,415.0,72,4.8042,197.12,131.97,131.97,14415.6,1.4937,0.5542
IMG_20260604_065504_1.jpg,6590_3,NICOLETA,26590,415.0,72,4.8042,199.83,139.88,137.38,15564.65,1.4286,0.5568
IMG_20260604_065504_2.jpg,6590_3,NICOLETA,26590,415.0,71,4.7451,201.05,143.1,138.88,15701.01,1.405,0.5457
IMG_20260604_065505.jpg,6590_3,NICOLETA,26590,415.0,71,4.7502,204.83,141.47,138.94,15795.78,1.4479,0.5451
IMG_20260604_065505_1.jpg,6590_3,NICOLETA,26590,415.0,69,4.6121,215.09,140.07,137.25,16171.79,1.5356,0.5368
IMG_20260604_065506.jpg,6590_3,NICOLETA,26590,415.0,69,4.6121,227.66,140.07,137.25,16033.15,1.6254,0.5028
IMG_20260604_065509.jpg,6590_3,NICOLETA,26590,415.0,297,19.8136,122.9,83.68,83.68,6715.85,1.4686,0.653
IMG_20260604_063741.jpg,6679,FORD,236679,309.3,128,8.5609,156.99,99.41,98.94,7334.13,1.5793,0.47
IMG_20260604_063742.jpg,6679,FORD,236679,309.3,128,8.5052,164.72,98.65,98.18,7422.66,1.6698,0.4568
IMG_20260604_063743.jpg,6679,FORD,236679,309.3,128,8.5052,150.5,96.29,96.29,7086.41,1.5629,0.489
IMG_20260604_063744.jpg,6679,FORD,236679,309.3,128,8.5052,156.49,98.53,98.18,7422.43,1.5883,0.4814
IMG_20260604_063745.jpg,6679,FORD,236679,309.3,128,8.5052,159.55,100.06,97.35,7755.39,1.5946,0.4858
IMG_20260604_063745_1.jpg,6679,FORD,236679,309.3,127,8.4614,162.62,99.87,98.57,7515.58,1.6284,0.4628
IMG_20260604_063746.jpg,6679,FORD,236679,309.3,127,8.4614,163.45,99.87,99.87,7521.47,1.6367,0.4608
IMG_20260604_063747.jpg,6679,FORD,236679,309.3,126,8.4077,171.27,104.31,99.67,7790.91,1.642,0.4361
IMG_20260604_063747_1.jpg,6679,FORD,236679,309.3,126,8.3958,159.37,99.81,98.38,7490.29,1.5967,0.4709
IMG_20260604_063748.jpg,6679,FORD,236679,309.3,126,8.4077,159.14,97.41,97.41,7372.25,1.6337,0.4756
IMG_20260604_063749.jpg,6679,FORD,236679,309.3,126,8.3844,157.32,100.78,100.42,8128.42,1.5609,0.5127
IMG_20260604_063749_1.jpg,6679,FORD,236679,309.3,127,8.4732,156.26,97.48,97.48,7450.38,1.6029,0.4891
IMG_20260604_063750.jpg,6679,FORD,236679,309.3,127,8.4732,153.31,98.9,97.72,7645.08,1.5501,0.5042
IMG_20260604_063802.jpg,6679,FORD,236679,309.3,124,8.2691,162.53,98.2,96.75,7291.46,1.6552,0.4569
IMG_20260604_063802_1.jpg,6679,FORD,236679,309.3,124,8.2529,158.25,97.66,96.45,7145.3,1.6203,0.4623
IMG_20260604_063914.jpg,6681,ROSALINDA,236681,361.5,90,5.9785,153.22,94.17,90.99,7748.48,1.627,0.537
IMG_20260604_063917.jpg,6681,ROSALINDA,236681,361.5,91,6.0846,139.86,91.54,88.42,7270.12,1.5278,0.5678
IMG_20260604_063919.jpg,6681,ROSALINDA,236681,361.5,93,6.209,139.15,100.98,92.77,7605.77,1.378,0.5413
IMG_20260604_063919_1.jpg,6681,ROSALINDA,236681,361.5,93,6.2057,148.41,101.04,94.91,7957.21,1.4689,0.5307
IMG_20260604_063920.jpg,6681,ROSALINDA,236681,361.5,91,6.0758,144.34,103.2,96.94,7810.18,1.3987,0.5243
IMG_20260604_063927.jpg,6681,ROSALINDA,236681,361.5,88,5.8682,139.74,104.63,100.37,8056.32,1.3355,0.551
IMG_20260604_063927_1.jpg,6681,ROSALINDA,236681,361.5,89,5.9393,147.66,104.56,96.98,8139.55,1.4122,0.5272
IMG_20260604_063928.jpg,6681,ROSALINDA,236681,361.5,89,5.9427,178.71,111.9,105.51,8996.77,1.597,0.4499
IMG_20260604_063929.jpg,6681,ROSALINDA,236681,361.5,88,5.8761,173.24,115.55,108.92,9254.98,1.4993,0.4623
IMG_20260604_063930.jpg,6681,ROSALINDA,236681,361.5,89,5.9367,175.69,115.38,108.81,9268.72,1.5226,0.4572
IMG_20260604_063931.jpg,6681,ROSALINDA,236681,361.5,89,5.9348,170.35,114.24,109.35,8911.96,1.4912,0.4579
IMG_20260604_063931_1.jpg,6681,ROSALINDA,236681,361.5,90,6.0033,187.56,113.1,108.77,9250.36,1.6583,0.436
IMG_20260604_063932.jpg,6681,ROSALINDA,236681,361.5,90,6.0004,161.16,109.99,105.66,8607.13,1.4652,0.4856
IMG_20260604_063933.jpg,6681,ROSALINDA,236681,361.5,90,6.0004,156.82,111.99,107.66,8600.66,1.4003,0.4897
IMG_20260604_063934.jpg,6681,ROSALINDA,236681,361.5,90,6.0004,150.32,111.99,106.66,8139.41,1.3423,0.4835
IMG_20260604_063934_1.jpg,6681,ROSALINDA,236681,361.5,89,5.9348,144.4,111.04,106.83,8417.44,1.3005,0.525
IMG_20260604_063935.jpg,6681,ROSALINDA,236681,361.5,88,5.867,164.65,112.32,107.89,9113.65,1.4659,0.4928
IMG_20260604_063936.jpg,6681,ROSALINDA,236681,361.5,87,5.8015,168.75,114.62,110.32,9339.06,1.4722,0.4828
IMG_20260604_063936_1.jpg,6681,ROSALINDA,236681,361.5,86,5.7368,172.92,114.87,110.51,9658.38,1.5053,0.4862
IMG_20260604_065957.jpg,6684,NOHELIA,236684,292.6,109,7.2694,200.7,155.86,154.9,15889.79,1.2877,0.508
IMG_20260604_070000.jpg,6684,NOHELIA,236684,292.6,81,5.4263,117.94,215.8,214.51,15976.63,0.5465,0.6277
IMG_20260604_070001.jpg,6684,NOHELIA,236684,292.6,86,5.7395,198.45,137.12,135.03,12915.31,1.4473,0.4746
IMG_20260604_070002.jpg,6684,NOHELIA,236684,292.6,88,5.8727,188.5,163.47,148.14,16420.8,1.1531,0.5329
IMG_20260604_070003.jpg,6684,NOHELIA,236684,292.6,88,5.8727,190.71,165.51,152.91,16778.71,1.1523,0.5316
IMG_20260604_070003_1.jpg,6684,NOHELIA,236684,292.6,85,5.6702,195.23,155.73,153.43,17090.26,1.2537,0.5621
IMG_20260604_070004.jpg,6684,NOHELIA,236684,292.6,84,5.6099,212.12,167.56,159.72,18908.1,1.266,0.532
IMG_20260604_070005.jpg,6684,NOHELIA,236684,292.6,82,5.4683,220.0,179.03,159.65,20165.49,1.2288,0.512
IMG_20260604_070005_1.jpg,6684,NOHELIA,236684,292.6,80,5.3437,224.0,173.66,163.93,20681.83,1.2899,0.5317
IMG_20260604_070008.jpg,6684,NOHELIA,236684,292.6,93,6.2004,169.35,150.8,140.48,13467.2,1.123,0.5274
IMG_20260604_070009.jpg,6684,NOHELIA,236684,292.6,96,6.4014,160.9,147.0,139.03,13435.84,1.0946,0.568
IMG_20260604_070013.jpg,6684,NOHELIA,236684,292.6,125,8.3376,128.21,105.19,102.07,7404.66,1.2189,0.549
IMG_20260604_070018.jpg,6684,NOHELIA,236684,292.6,137,9.1333,133.14,91.86,89.01,6536.04,1.4493,0.5344
IMG_20260604_070019.jpg,6684,NOHELIA,236684,292.6,140,9.3336,128.89,92.57,89.78,6597.02,1.3924,0.5529
IMG_20260604_070019_1.jpg,6684,NOHELIA,236684,292.6,133,8.8669,137.14,95.97,93.83,7003.82,1.4289,0.5321
IMG_20260604_070020.jpg,6684,NOHELIA,236684,292.6,136,9.0669,134.78,94.52,93.2,6918.91,1.4259,0.5431
IMG_20260604_070020_1.jpg,6684,NOHELIA,236684,292.6,137,9.1355,125.44,102.24,96.66,6847.51,1.227,0.5339
IMG_20260604_070021.jpg,6684,NOHELIA,236684,292.6,137,9.1355,122.6,96.0,92.5,6660.13,1.2771,0.5659
IMG_20260604_070022.jpg,6684,NOHELIA,236684,292.6,140,9.3419,126.74,90.45,87.67,6319.64,1.4012,0.5513
IMG_20260604_070022_1.jpg,6684,NOHELIA,236684,292.6,135,9.001,105.99,95.99,94.55,6053.21,1.1042,0.595
IMG_20260604_070023.jpg,6684,NOHELIA,236684,292.6,135,9.0039,115.84,96.62,94.51,6527.82,1.1989,0.5832
IMG_20260604_070023_1.jpg,6684,NOHELIA,236684,292.6,136,9.0706,121.38,96.69,95.25,6791.19,1.2554,0.5787
IMG_20260604_070356.jpg,6690,NOHEMI,236690,320.7,119,7.9336,151.63,147.6,145.2,10310.17,1.0273,0.4607
IMG_20260604_070356_1.jpg,6690,NOHEMI,236690,320.7,121,8.089,155.89,151.94,148.72,11246.61,1.026,0.4748
IMG_20260604_070357.jpg,6690,NOHEMI,236690,320.7,121,8.089,148.72,160.59,155.15,11001.83,0.9261,0.4607
IMG_20260604_070357_1.jpg,6690,NOHEMI,236690,320.7,125,8.3549,142.43,159.31,150.21,10191.27,0.8941,0.4491
IMG_20260604_070358.jpg,6690,NOHEMI,236690,320.7,128,8.5593,142.77,148.73,142.77,10676.18,0.9599,0.5028
IMG_20260604_070358_1.jpg,6690,NOHEMI,236690,320.7,129,8.6165,155.28,141.12,135.9,11707.0,1.1003,0.5342
IMG_20260604_070359.jpg,6690,NOHEMI,236690,320.7,126,8.413,167.36,141.57,135.51,13198.93,1.1822,0.5571
IMG_20260604_070359_1.jpg,6690,NOHEMI,236690,320.7,126,8.4214,170.99,133.71,131.81,13615.13,1.2789,0.5955
IMG_20260604_070400.jpg,6690,NOHEMI,236690,320.7,127,8.438,167.58,134.98,134.98,13945.15,1.2414,0.6165
IMG_20260604_070401.jpg,6690,NOHEMI,236690,320.7,125,8.3504,166.34,134.13,134.13,14377.6,1.2402,0.6444
IMG_20260604_070401_1.jpg,6690,NOHEMI,236690,320.7,129,8.6065,164.3,133.16,133.16,13871.4,1.2339,0.6341
IMG_20260604_070401_2.jpg,6690,NOHEMI,236690,320.7,127,8.4732,181.98,137.49,137.49,14717.46,1.3236,0.5882
IMG_20260604_070402.jpg,6690,NOHEMI,236690,320.7,132,8.8003,176.7,136.02,129.43,13774.79,1.2991,0.5731
IMG_20260604_070404.jpg,6690,NOHEMI,236690,320.7,130,8.669,121.81,137.39,121.81,8315.18,0.8866,0.4969
IMG_20260604_070404_1.jpg,6690,NOHEMI,236690,320.7,133,8.8707,125.58,132.8,119.72,8953.55,0.9457,0.5369
IMG_20260604_070405.jpg,6690,NOHEMI,236690,320.7,135,9.0062,133.58,137.24,129.36,10307.02,0.9733,0.5622
IMG_20260604_070405_1.jpg,6690,NOHEMI,236690,320.7,140,9.3371,144.58,127.56,120.7,10859.2,1.1335,0.5888
IMG_20260604_070406.jpg,6690,NOHEMI,236690,320.7,138,9.2022,148.12,136.27,128.01,11481.8,1.0869,0.5688
IMG_20260604_070406_1.jpg,6690,NOHEMI,236690,320.7,138,9.2039,148.85,141.9,132.77,11581.69,1.049,0.5483
IMG_20260604_070406_2.jpg,6690,NOHEMI,236690,320.7,138,9.2002,154.45,138.47,127.39,11522.4,1.1154,0.5387
IMG_20260604_070411.jpg,6690,NOHEMI,236690,320.7,145,9.6749,72.77,140.88,140.88,6989.82,0.5165,0.6819
IMG_20260604_070412.jpg,6690,NOHEMI,236690,320.7,137,9.1355,132.45,117.02,117.02,9452.46,1.1319,0.6099
IMG_20260604_070413.jpg,6690,NOHEMI,236690,320.7,137,9.1394,138.63,120.47,120.47,9359.65,1.1508,0.5604
IMG_20260604_070415.jpg,6690,NOHEMI,236690,320.7,132,8.8252,138.47,105.95,105.95,7789.18,1.307,0.531
IMG_20260604_070416.jpg,6690,NOHEMI,236690,320.7,135,8.9753,128.35,140.5,136.15,8384.7,0.9136,0.465
IMG_20260604_070417.jpg,6690,NOHEMI,236690,320.7,134,8.9089,129.31,144.35,138.63,8586.2,0.8958,0.46
IMG_20260604_070417_1.jpg,6690,NOHEMI,236690,320.7,133,8.8827,124.62,141.17,130.37,7741.37,0.8828,0.44
IMG_20260604_070418.jpg,6690,NOHEMI,236690,320.7,135,9.0158,129.88,141.97,131.99,8707.88,0.9148,0.4722
IMG_20260604_070418_1.jpg,6690,NOHEMI,236690,320.7,134,8.9535,135.14,142.18,133.69,9226.2,0.9505,0.4802
IMG_20260604_070419.jpg,6690,NOHEMI,236690,320.7,135,9.0298,134.0,143.19,135.44,9295.16,0.9358,0.4844
IMG_20260604_070419_1.jpg,6690,NOHEMI,236690,320.7,136,9.0823,138.84,140.93,131.79,9688.99,0.9852,0.4952
IMG_20260604_070420.jpg,6690,NOHEMI,236690,320.7,136,9.0823,138.07,141.59,133.23,9803.66,0.9751,0.5015
IMG_20260604_070420_1.jpg,6690,NOHEMI,236690,320.7,135,9.0121,139.92,139.26,130.71,10219.14,1.0048,0.5245
IMG_20260604_070420_2.jpg,6690,NOHEMI,236690,320.7,135,9.0121,145.58,142.03,130.05,10604.11,1.025,0.5128
IMG_20260604_070421.jpg,6690,NOHEMI,236690,320.7,134,8.9455,150.24,140.29,131.69,10958.16,1.0709,0.5199
IMG_20260604_070422.jpg,6690,NOHEMI,236690,320.7,136,9.0787,148.7,140.33,131.85,10934.2,1.0597,0.524
IMG_20260604_070422_1.jpg,6690,NOHEMI,236690,320.7,135,9.0121,150.58,139.26,134.26,11054.32,1.0813,0.5272
IMG_20260604_070423.jpg,6690,NOHEMI,236690,320.7,135,9.0121,151.24,142.81,134.26,11134.13,1.0591,0.5155
IMG_20260604_070423_1.jpg,6690,NOHEMI,236690,320.7,134,8.9395,152.47,143.97,133.23,11252.04,1.0591,0.5126
IMG_20260604_070424.jpg,6690,NOHEMI,236690,320.7,133,8.8729,153.61,148.65,134.9,11478.77,1.0334,0.5027
IMG_20260604_070424_1.jpg,6690,NOHEMI,236690,320.7,133,8.8729,155.08,148.65,134.23,11498.12,1.0432,0.4988
IMG_20260604_070424_2.jpg,6690,NOHEMI,236690,320.7,133,8.8729,156.54,146.4,131.97,11532.64,1.0693,0.5032
IMG_20260604_070425.jpg,6690,NOHEMI,236690,320.7,132,8.8063,159.89,151.94,134.45,11752.49,1.0523,0.4838
IMG_20260604_070425_1.jpg,6690,NOHEMI,236690,320.7,131,8.7374,154.51,156.8,135.51,11475.45,0.9854,0.4737
IMG_20260604_070426.jpg,6690,NOHEMI,236690,320.7,132,8.801,158.5,154.19,133.05,11517.59,1.028,0.4713
IMG_20260604_070426_1.jpg,6690,NOHEMI,236690,320.7,134,8.9356,153.32,150.41,130.38,11272.18,1.0193,0.4888
IMG_20260604_070426_2.jpg,6690,NOHEMI,236690,320.7,134,8.9373,151.05,151.84,131.81,11108.38,0.9948,0.4843
IMG_20260604_070427.jpg,6690,NOHEMI,236690,320.7,134,8.9395,153.25,150.34,130.32,11128.92,1.0193,0.483
IMG_20260604_070313.jpg,6693,MAFER,236693,337.9,208,13.8707,99.2,85.86,83.05,4030.23,1.1553,0.4731
IMG_20260604_070317.jpg,6693,MAFER,236693,337.9,181,12.0851,129.25,93.67,92.1,5813.88,1.3799,0.4802
IMG_20260604_070318.jpg,6693,MAFER,236693,337.9,187,12.4923,117.83,91.26,89.66,5354.75,1.2912,0.498
IMG_20260604_070318_1.jpg,6693,MAFER,236693,337.9,190,12.6345,96.8,90.23,88.17,4424.81,1.0728,0.5066
IMG_20260604_070319.jpg,6693,MAFER,236693,337.9,193,12.834,94.28,88.28,85.79,4363.15,1.068,0.5242
IMG_20260604_070321.jpg,6693,MAFER,236693,337.9,189,12.6113,100.47,90.32,87.78,4602.36,1.1124,0.5072
IMG_20260604_070322.jpg,6693,MAFER,236693,337.9,184,12.2755,127.73,95.39,92.3,5754.86,1.339,0.4723
IMG_20260604_070323.jpg,6693,MAFER,236693,337.9,190,12.6809,129.17,101.96,89.9,5812.29,1.2668,0.4413
IMG_20260604_070323_1.jpg,6693,MAFER,236693,337.9,189,12.6028,127.43,92.44,90.46,5583.5,1.3785,0.474
IMG_20260604_070324.jpg,6693,MAFER,236693,337.9,189,12.6016,124.9,91.97,90.39,5617.94,1.3581,0.489
IMG_20260604_070324_1.jpg,6693,MAFER,236693,337.9,186,12.4007,129.02,92.9,90.32,5745.8,1.3889,0.4794
IMG_20260604_070324_2.jpg,6693,MAFER,236693,337.9,185,12.3341,129.15,93.4,91.86,5796.39,1.3828,0.4805
IMG_20260604_070325.jpg,6693,MAFER,236693,337.9,185,12.3341,125.02,90.24,86.67,5826.4,1.3854,0.5165
IMG_20260604_070325_1.jpg,6693,MAFER,236693,337.9,186,12.4002,114.11,95.0,92.42,5584.89,1.2012,0.5152
IMG_20260604_070325_2.jpg,6693,MAFER,236693,337.9,187,12.4674,107.8,94.49,92.4,5359.1,1.1409,0.5261
IMG_20260604_070326.jpg,6693,MAFER,236693,337.9,185,12.3341,94.37,93.97,92.43,4928.21,1.0043,0.5557
IMG_20260604_070327.jpg,6693,MAFER,236693,337.9,187,12.4674,100.1,92.88,90.88,5062.5,1.0777,0.5445
IMG_20260604_070327_1.jpg,6693,MAFER,236693,337.9,187,12.4711,106.81,95.42,92.85,5372.24,1.1193,0.5271
IMG_20260604_070328.jpg,6693,MAFER,236693,337.9,186,12.4029,106.27,92.88,91.35,5282.64,1.1441,0.5352
IMG_20260604_070328_1.jpg,6693,MAFER,236693,337.9,187,12.4711,109.85,89.25,87.24,5340.44,1.2309,0.5447
IMG_20260604_070329.jpg,6693,MAFER,236693,337.9,188,12.5362,109.28,92.37,90.86,5320.11,1.1831,0.527
IMG_20260604_070329_1.jpg,6693,MAFER,236693,337.9,189,12.6028,94.5,92.92,90.93,4832.47,1.0171,0.5503
IMG_20260604_070329_2.jpg,6693,MAFER,236693,337.9,190,12.6695,99.53,91.95,89.9,4899.39,1.0824,0.5353
IMG_20260604_070330.jpg,6693,MAFER,236693,337.9,191,12.7361,103.01,92.96,90.45,5085.9,1.1081,0.5311
IMG_20260604_070330_1.jpg,6693,MAFER,236693,337.9,190,12.673,105.58,92.4,90.35,5236.36,1.1426,0.5368
IMG_20260604_070331.jpg,6693,MAFER,236693,337.9,192,12.8085,102.43,90.96,88.93,5047.07,1.1262,0.5417
IMG_20260604_070331_1.jpg,6693,MAFER,236693,337.9,192,12.8062,103.93,85.43,83.94,5071.52,1.2166,0.5712
IMG_20260604_070332.jpg,6693,MAFER,236693,337.9,192,12.8085,117.42,90.49,87.99,5493.85,1.2977,0.5171
IMG_20260604_070332_1.jpg,6693,MAFER,236693,337.9,193,12.8751,123.26,87.46,84.97,5347.06,1.4094,0.496
IMG_20260604_070332_2.jpg,6693,MAFER,236693,337.9,193,12.8875,129.12,89.85,87.37,5359.67,1.437,0.462
IMG_20260604_070333.jpg,6693,MAFER,236693,337.9,194,12.9472,130.99,90.44,87.97,5334.87,1.4483,0.4503
IMG_20260604_070333_1.jpg,6693,MAFER,236693,337.9,192,12.8173,133.33,90.89,89.33,5463.23,1.467,0.4508
IMG_20260604_070334.jpg,6693,MAFER,236693,337.9,191,12.7544,124.43,90.79,89.3,5321.4,1.3705,0.471
IMG_20260604_070334_1.jpg,6693,MAFER,236693,337.9,192,12.8173,90.89,85.9,84.42,4611.62,1.0581,0.5907
IMG_20260604_070334_2.jpg,6693,MAFER,236693,337.9,191,12.7475,105.43,92.33,90.84,4828.33,1.1419,0.496
IMG_20260604_070335.jpg,6693,MAFER,236693,337.9,192,12.8173,127.87,90.81,88.86,5341.24,1.4081,0.4599
IMG_20260604_070335_1.jpg,6693,MAFER,236693,337.9,193,12.8839,131.17,91.43,89.96,5379.21,1.4346,0.4485
IMG_20260604_070336.jpg,6693,MAFER,236693,337.9,191,12.7475,141.05,90.84,89.35,5629.19,1.5527,0.4393
IMG_20260604_070336_1.jpg,6693,MAFER,236693,337.9,190,12.6809,136.27,90.37,89.35,5802.68,1.5079,0.4712
IMG_20260604_070336_2.jpg,6693,MAFER,236693,337.9,189,12.6143,136.51,90.77,90.29,5927.55,1.5039,0.4784
IMG_20260604_070337.jpg,6693,MAFER,236693,337.9,189,12.6143,135.96,90.77,89.74,5964.78,1.4978,0.4833
IMG_20260604_070337_1.jpg,6693,MAFER,236693,337.9,188,12.5477,146.88,92.29,90.77,6193.68,1.5915,0.4569
IMG_20260604_070338.jpg,6693,MAFER,236693,337.9,188,12.542,147.98,96.95,90.81,6119.65,1.5263,0.4265
IMG_20260604_070338_1.jpg,6693,MAFER,236693,337.9,188,12.542,135.23,91.85,90.26,5864.71,1.4722,0.4722
IMG_20260604_070338_2.jpg,6693,MAFER,236693,337.9,188,12.5378,151.14,101.05,92.36,6336.43,1.4957,0.4149
IMG_20260604_070339.jpg,6693,MAFER,236693,337.9,186,12.4029,136.18,92.88,91.83,6149.55,1.4661,0.4862
IMG_20260604_070339_2.jpg,6693,MAFER,236693,337.9,184,12.2755,144.35,91.73,90.67,6489.95,1.5737,0.4901
IMG_20260604_070340.jpg,6693,MAFER,236693,337.9,185,12.3398,147.33,94.9,93.36,6438.72,1.5525,0.4605
IMG_20260604_070340_1.jpg,6693,MAFER,236693,337.9,184,12.2712,144.97,95.43,93.39,6279.03,1.5192,0.4539
IMG_20260604_070341.jpg,6693,MAFER,236693,337.9,183,12.2066,144.18,95.44,93.88,6361.6,1.5107,0.4623
IMG_20260604_070341_1.jpg,6693,MAFER,236693,337.9,183,12.2066,191.95,95.44,93.88,6946.3,2.0112,0.3792
IMG_20260604_065045.jpg,6697,ZAFIRO,236697,314.8,132,8.804,124.37,125.74,124.26,9456.14,0.9892,0.6047
IMG_20260604_065048.jpg,6697,ZAFIRO,236697,314.8,172,11.4381,109.72,74.49,71.08,4343.43,1.473,0.5314
IMG_20260604_065049.jpg,6697,ZAFIRO,236697,314.8,177,11.7879,105.28,72.19,67.87,3930.3,1.4583,0.5171
IMG_20260604_065049_1.jpg,6697,ZAFIRO,236697,314.8,180,12.0313,105.81,70.73,68.07,3982.68,1.4959,0.5322
IMG_20260604_065050.jpg,6697,ZAFIRO,236697,314.8,202,13.4832,93.97,67.42,62.67,3059.35,1.3938,0.4829
IMG_20260604_065051.jpg,6697,ZAFIRO,236697,314.8,218,14.5486,82.69,64.68,58.56,2507.44,1.2784,0.4688
IMG_20260604_065055.jpg,6697,ZAFIRO,236697,314.8,139,9.282,132.3,91.68,88.88,6121.92,1.443,0.5047
IMG_20260604_065056.jpg,6697,ZAFIRO,236697,314.8,154,10.2773,120.85,78.43,77.84,4959.65,1.5409,0.5233
IMG_20260604_065056_1.jpg,6697,ZAFIRO,236697,314.8,146,9.7336,130.27,82.81,81.47,5978.94,1.5732,0.5543
IMG_20260604_070504.jpg,6700,PAULINA,236700,320.7,100,6.668,154.47,153.57,153.57,14460.32,1.0059,0.6096
IMG_20260604_070505.jpg,6700,PAULINA,236700,320.7,100,6.667,214.04,152.69,152.69,13907.59,1.4018,0.4255
IMG_20260604_070505_1.jpg,6700,PAULINA,236700,320.7,103,6.867,128.59,104.41,100.63,7116.11,1.2315,0.53
IMG_20260604_070506.jpg,6700,PAULINA,236700,320.7,104,6.9337,131.1,103.41,99.66,6923.87,1.2678,0.5107
IMG_20260604_070506_1.jpg,6700,PAULINA,236700,320.7,103,6.868,133.23,105.27,101.63,7301.8,1.2656,0.5206
IMG_20260604_070506_2.jpg,6700,PAULINA,236700,320.7,101,6.7337,131.13,108.41,104.55,7146.39,1.2096,0.5027
IMG_20260604_070507.jpg,6700,PAULINA,236700,320.7,100,6.6667,103.65,107.4,104.55,6194.72,0.9651,0.5565
IMG_20260604_070507_1.jpg,6700,PAULINA,236700,320.7,102,6.8,95.88,106.32,101.62,5912.91,0.9018,0.58
IMG_20260604_070507_2.jpg,6700,PAULINA,236700,320.7,101,6.7363,109.26,108.37,105.55,6442.76,1.0082,0.5441
IMG_20260604_070508.jpg,6700,PAULINA,236700,320.7,100,6.688,131.13,109.15,105.26,7430.68,1.2014,0.5192
IMG_20260604_070508_1.jpg,6700,PAULINA,236700,320.7,101,6.7663,137.15,107.89,104.05,7454.9,1.2712,0.5038
IMG_20260604_070508_2.jpg,6700,PAULINA,236700,320.7,98,6.55,148.4,110.53,107.48,8459.26,1.3425,0.5157
IMG_20260604_070509.jpg,6700,PAULINA,236700,320.7,97,6.4753,148.26,109.8,106.71,8502.06,1.3502,0.5223
IMG_20260604_070509_1.jpg,6700,PAULINA,236700,320.7,99,6.6121,136.57,108.44,105.41,7995.11,1.2594,0.5399
IMG_20260604_070510.jpg,6700,PAULINA,236700,320.7,100,6.683,133.17,105.34,102.5,7768.11,1.2642,0.5537
IMG_20260604_070510_1.jpg,6700,PAULINA,236700,320.7,97,6.479,138.29,109.58,107.58,8024.58,1.262,0.5295
IMG_20260604_070511.jpg,6700,PAULINA,236700,320.7,97,6.479,141.22,110.51,109.74,8315.09,1.2779,0.5328
IMG_20260604_070511_1.jpg,6700,PAULINA,236700,320.7,97,6.4835,137.12,109.51,109.51,8073.14,1.2521,0.5376
IMG_20260604_070511_2.jpg,6700,PAULINA,236700,320.7,98,6.5456,127.11,182.87,181.96,10825.81,0.6951,0.4657
IMG_20260604_070512.jpg,6700,PAULINA,236700,320.7,99,6.6121,136.42,187.69,187.69,11895.08,0.7268,0.4646
IMG_20260604_070512_1.jpg,6700,PAULINA,236700,320.7,98,6.55,146.57,192.37,192.37,13138.55,0.7619,0.466
IMG_20260604_070512_2.jpg,6700,PAULINA,236700,320.7,97,6.479,147.24,193.7,193.7,14118.16,0.7602,0.495
IMG_20260604_070513.jpg,6700,PAULINA,236700,320.7,96,6.4125,151.74,194.62,192.59,14677.94,0.7796,0.497
IMG_20260604_070513_1.jpg,6700,PAULINA,236700,320.7,97,6.479,158.05,196.63,192.62,14914.08,0.8038,0.4799
IMG_20260604_070514.jpg,6700,PAULINA,236700,320.7,97,6.4753,191.81,205.55,189.03,18141.17,0.9331,0.4601
IMG_20260604_070514_1.jpg,6700,PAULINA,236700,320.7,98,6.5418,188.79,205.45,195.05,18808.24,0.9189,0.4849
IMG_20260604_070514_2.jpg,6700,PAULINA,236700,320.7,97,6.4753,192.73,205.55,195.67,18525.82,0.9376,0.4676
IMG_20260604_070515.jpg,6700,PAULINA,236700,320.7,97,6.4753,144.24,210.49,199.68,16889.17,0.6853,0.5563
IMG_20260604_070515_1.jpg,6700,PAULINA,236700,320.7,98,6.5456,160.41,203.34,196.47,16920.44,0.7889,0.5187
IMG_20260604_070517.jpg,6700,PAULINA,236700,320.7,111,7.4012,204.97,164.3,154.7,17818.81,1.2475,0.5291
IMG_20260604_070518.jpg,6700,PAULINA,236700,320.7,109,7.267,197.33,169.95,160.31,18351.8,1.1611,0.5472
IMG_20260604_070518_1.jpg,6700,PAULINA,236700,320.7,108,7.2,193.75,172.5,163.61,18199.81,1.1232,0.5445
IMG_20260604_070518_2.jpg,6700,PAULINA,236700,320.7,110,7.3336,197.17,170.99,162.4,18105.41,1.1531,0.537
IMG_20260604_070519.jpg,6700,PAULINA,236700,320.7,110,7.3345,196.33,170.15,160.61,18255.41,1.1538,0.5465
IMG_20260604_070519_1.jpg,6700,PAULINA,236700,320.7,110,7.3345,190.2,166.75,157.06,17873.3,1.1406,0.5636
IMG_20260604_070520.jpg,6700,PAULINA,236700,320.7,110,7.3336,187.63,167.58,157.08,17802.13,1.1196,0.5662
IMG_20260604_070520_1.jpg,6700,PAULINA,236700,320.7,110,7.3333,185.05,168.41,158.05,17885.18,1.0988,0.5739
IMG_20260604_070520_2.jpg,6700,PAULINA,236700,320.7,110,7.3336,180.67,172.9,157.08,18179.19,1.045,0.5819
IMG_20260604_070521.jpg,6700,PAULINA,236700,320.7,110,7.3336,180.67,173.72,158.04,17697.46,1.04,0.5639
IMG_20260604_070521_1.jpg,6700,PAULINA,236700,320.7,109,7.267,184.12,173.52,156.74,18285.37,1.0611,0.5723
IMG_20260604_070522.jpg,6700,PAULINA,236700,320.7,111,7.4003,180.8,170.4,154.86,17824.8,1.0611,0.5786
IMG_20260604_070522_1.jpg,6700,PAULINA,236700,320.7,111,7.4003,179.86,171.34,154.05,17890.66,1.0497,0.5805
IMG_20260604_070522_2.jpg,6700,PAULINA,236700,320.7,111,7.4003,181.61,173.91,154.05,18183.37,1.0443,0.5757
IMG_20260604_070523.jpg,6700,PAULINA,236700,320.7,111,7.4003,184.18,173.91,154.86,18027.43,1.0591,0.5628
IMG_20260604_070523_1.jpg,6700,PAULINA,236700,320.7,110,7.3336,187.63,171.95,155.45,18100.35,1.0912,0.561
IMG_20260604_070524.jpg,6700,PAULINA,236700,320.7,111,7.4,179.86,169.59,154.86,17825.95,1.0606,0.5844
IMG_20260604_070524_1.jpg,6700,PAULINA,236700,320.7,112,7.4667,178.26,165.54,152.68,17338.6,1.0769,0.5876
IMG_20260604_070524_2.jpg,6700,PAULINA,236700,320.7,112,7.4667,178.26,166.21,155.49,17885.76,1.0725,0.6037
IMG_20260604_070525.jpg,6700,PAULINA,236700,320.7,111,7.4,175.54,171.35,154.86,17995.6,1.0244,0.5983
IMG_20260604_070525_1.jpg,6700,PAULINA,236700,320.7,111,7.4003,166.07,167.83,155.67,17574.38,0.9895,0.6305
IMG_20260604_070526.jpg,6700,PAULINA,236700,320.7,114,7.6,149.87,165.92,151.58,16445.24,0.9033,0.6613
IMG_20260604_070526_1.jpg,6700,PAULINA,236700,320.7,114,7.6,151.58,165.13,150.79,16165.86,0.9179,0.6458
IMG_20260604_070526_2.jpg,6700,PAULINA,236700,320.7,115,7.6678,156.89,165.37,149.46,16411.58,0.9487,0.6326
IMG_20260604_063437.jpg,6703,IRIS/KARINA,236703,309.3,140,9.3071,134.09,111.42,106.16,7311.23,1.2035,0.4894
IMG_20260604_063438.jpg,6703,IRIS/KARINA,236703,309.3,127,8.4393,185.09,112.33,108.07,10552.06,1.6477,0.5075
IMG_20260604_063439.jpg,6703,IRIS/KARINA,236703,309.3,135,9.0049,215.33,109.38,94.73,11153.67,1.9685,0.4735
IMG_20260604_063820.jpg,6703_2,IRIS/KARINA,236703,309.3,133,8.8707,157.94,106.08,104.61,8047.18,1.4888,0.4803
IMG_20260604_063821.jpg,6703_2,IRIS/KARINA,236703,309.3,118,7.8692,179.69,113.1,102.68,10279.91,1.5888,0.5058
IMG_20260604_063822.jpg,6703_2,IRIS/KARINA,236703,309.3,105,7.0,214.0,130.71,124.71,13114.31,1.6372,0.4688
IMG_20260604_063822_1.jpg,6703_2,IRIS/KARINA,236703,309.3,126,8.4024,111.99,114.97,114.25,7045.88,0.9741,0.5472
IMG_20260604_063824.jpg,6703_2,IRIS/KARINA,236703,309.3,116,7.7517,165.9,117.26,114.81,9666.76,1.4147,0.4969
IMG_20260604_063825.jpg,6703_2,IRIS/KARINA,236703,309.3,123,8.2024,136.54,110.82,106.92,7841.19,1.2321,0.5182
IMG_20260604_063826.jpg,6703_2,IRIS/KARINA,236703,309.3,128,8.5375,123.69,107.99,104.95,7284.69,1.1453,0.5454
IMG_20260604_063827.jpg,6703_2,IRIS/KARINA,236703,309.3,127,8.469,111.94,108.87,106.62,6711.37,1.0282,0.5507
IMG_20260604_063827_1.jpg,6703_2,IRIS/KARINA,236703,309.3,124,8.2763,138.35,112.13,108.99,7695.7,1.2338,0.4961
IMG_20260604_063828.jpg,6703_2,IRIS/KARINA,236703,309.3,122,8.1432,155.71,112.36,110.03,8429.16,1.3858,0.4818
IMG_20260604_063829.jpg,6703_2,IRIS/KARINA,236703,309.3,119,7.9434,159.63,118.46,113.55,8948.73,1.3475,0.4732
IMG_20260604_063829_1.jpg,6703_2,IRIS/KARINA,236703,309.3,121,8.0736,156.93,116.55,110.98,8937.94,1.3464,0.4887
IMG_20260604_063830.jpg,6703_2,IRIS/KARINA,236703,309.3,119,7.9434,159.5,117.58,112.8,8924.32,1.3565,0.4758
IMG_20260604_063831.jpg,6703_2,IRIS/KARINA,236703,309.3,120,8.0178,156.4,115.74,111.0,8674.38,1.3513,0.4792
IMG_20260604_063832.jpg,6703_2,IRIS/KARINA,236703,309.3,120,8.0044,160.66,118.31,111.44,8854.71,1.358,0.4658
IMG_20260604_063833.jpg,6703_2,IRIS/KARINA,236703,309.3,122,8.1402,165.11,116.34,110.07,8550.29,1.4192,0.4451
IMG_20260604_063833_1.jpg,6703_2,IRIS/KARINA,236703,309.3,121,8.0736,166.47,117.3,111.72,8807.74,1.4192,0.4511
IMG_20260604_063834.jpg,6703_2,IRIS/KARINA,236703,309.3,119,7.9378,170.07,120.06,113.63,9209.38,1.4166,0.451
IMG_20260604_064052.jpg,6703_3,IRIS/KARINA,236703,309.3,157,10.472,163.1,151.55,112.4,10405.13,1.0762,0.421
IMG_20260604_064054.jpg,6703_3,IRIS/KARINA,236703,309.3,158,10.5342,156.73,136.13,116.95,10230.55,1.1513,0.4795
IMG_20260604_064055.jpg,6703_3,IRIS/KARINA,236703,309.3,159,10.6,156.32,133.4,111.7,10026.71,1.1719,0.4808
IMG_20260604_064055_1.jpg,6703_3,IRIS/KARINA,236703,309.3,158,10.5367,154.32,131.82,112.94,9743.32,1.1706,0.479
IMG_20260604_064056.jpg,6703_3,IRIS/KARINA,236703,309.3,158,10.5352,154.24,136.68,123.59,9994.54,1.1285,0.4741
IMG_20260604_064057.jpg,6703_3,IRIS/KARINA,236703,309.3,160,10.6685,157.19,132.54,111.54,10131.48,1.186,0.4863
IMG_20260604_064058.jpg,6703_3,IRIS/KARINA,236703,309.3,157,10.472,171.79,146.68,113.35,10706.53,1.1712,0.4249
IMG_20260604_064102.jpg,6703_3,IRIS/KARINA,236703,309.3,157,10.4675,214.0,154.0,120.75,12929.03,1.3896,0.3923
IMG_20260604_064102_1.jpg,6703_3,IRIS/KARINA,236703,309.3,158,10.5335,210.76,152.47,147.81,12905.81,1.3823,0.4016
IMG_20260604_064103.jpg,6703_3,IRIS/KARINA,236703,309.3,158,10.5333,198.7,149.53,113.92,12397.6,1.3289,0.4173
IMG_20260604_064104.jpg,6703_3,IRIS/KARINA,236703,309.3,159,10.6002,184.81,149.71,114.9,11690.67,1.2344,0.4225
IMG_20260604_065913.jpg,7269,CAMELIA,197269,379.7,98,6.5337,126.42,127.34,121.37,8666.85,0.9928,0.5384
IMG_20260604_065915.jpg,7269,CAMELIA,197269,379.7,121,8.0942,125.77,85.49,85.49,6207.0,1.4711,0.5773
IMG_20260604_065917.jpg,7269,CAMELIA,197269,379.7,116,7.7345,163.04,88.56,81.19,7282.51,1.8409,0.5044
IMG_20260604_065918.jpg,7269,CAMELIA,197269,379.7,116,7.7359,115.82,106.65,100.05,6913.61,1.0861,0.5597
IMG_20260604_065918_1.jpg,7269,CAMELIA,197269,379.7,120,8.0003,122.37,108.0,104.87,6905.86,1.1331,0.5226
IMG_20260604_065919.jpg,7269,CAMELIA,197269,379.7,122,8.1377,112.44,102.98,102.24,6444.36,1.0919,0.5566
IMG_20260604_065919_1.jpg,7269,CAMELIA,197269,379.7,121,8.0711,133.19,103.95,101.6,7003.4,1.2813,0.5058
IMG_20260604_065920.jpg,7269,CAMELIA,197269,379.7,119,7.9403,149.87,101.51,98.36,7669.49,1.4764,0.5042
IMG_20260604_065920_1.jpg,7269,CAMELIA,197269,379.7,120,8.0025,149.58,100.72,95.1,7719.25,1.4851,0.5124
IMG_20260604_065921.jpg,7269,CAMELIA,197269,379.7,120,8.0044,150.42,99.94,95.95,7455.68,1.505,0.4959
IMG_20260604_065921_1.jpg,7269,CAMELIA,197269,379.7,121,8.0736,152.23,97.48,94.26,7721.51,1.5616,0.5204
IMG_20260604_065922.jpg,7269,CAMELIA,197269,379.7,120,8.0069,155.86,95.17,95.17,7402.6,1.6378,0.4991
IMG_20260604_065922_1.jpg,7269,CAMELIA,197269,379.7,120,8.0069,156.61,95.92,95.17,7634.36,1.6328,0.5082
IMG_20260604_065922_2.jpg,7269,CAMELIA,197269,379.7,119,7.9378,159.62,99.27,99.27,7730.62,1.6079,0.4879
IMG_20260604_065923.jpg,7269,CAMELIA,197269,379.7,121,8.0766,158.48,95.96,95.96,7460.41,1.6516,0.4906
IMG_20260604_065923_1.jpg,7269,CAMELIA,197269,379.7,121,8.0766,159.97,96.7,96.7,7588.77,1.6543,0.4906
IMG_20260604_065923_2.jpg,7269,CAMELIA,197269,379.7,121,8.0711,168.13,100.61,99.86,7761.02,1.6712,0.4588
IMG_20260604_065924.jpg,7269,CAMELIA,197269,379.7,120,8.0069,166.23,101.41,100.66,7812.48,1.6392,0.4634
IMG_20260604_065924_1.jpg,7269,CAMELIA,197269,379.7,118,7.8805,175.37,97.46,97.46,8430.17,1.7995,0.4933
IMG_20260604_065925.jpg,7269,CAMELIA,197269,379.7,119,7.9434,174.74,95.8,95.8,8134.66,1.8239,0.4859
IMG_20260604_065925_1.jpg,7269,CAMELIA,197269,379.7,119,7.947,165.85,96.64,95.0,7932.37,1.7161,0.4949
IMG_20260604_065925_2.jpg,7269,CAMELIA,197269,379.7,118,7.8768,167.33,99.91,98.26,8009.19,1.6747,0.4791
IMG_20260604_065926.jpg,7269,CAMELIA,197269,379.7,119,7.947,165.09,95.13,95.13,7745.42,1.7354,0.4932
IMG_20260604_065926_1.jpg,7269,CAMELIA,197269,379.7,118,7.8805,166.49,91.87,91.87,7768.03,1.8122,0.5079
IMG_20260604_065926_2.jpg,7269,CAMELIA,197269,379.7,119,7.9403,164.48,95.97,95.08,7929.69,1.7139,0.5024
IMG_20260604_065927.jpg,7269,CAMELIA,197269,379.7,119,7.9359,163.69,93.63,91.99,7907.71,1.7483,0.516
IMG_20260604_065927_1.jpg,7269,CAMELIA,197269,379.7,119,7.9359,164.57,95.14,94.38,7918.82,1.7298,0.5058
IMG_20260604_065928.jpg,7269,CAMELIA,197269,379.7,119,7.9336,168.65,99.2,99.2,8028.63,1.7001,0.4799
IMG_20260604_065745.jpg,7898,IRINA,207898,449.1,105,7.0051,239.4,156.17,156.17,19747.4,1.5329,0.5282
IMG_20260604_065746.jpg,7898,IRINA,207898,449.1,99,6.5997,259.86,171.68,169.71,21821.83,1.5137,0.4891
IMG_20260604_065746_1.jpg,7898,IRINA,207898,449.1,100,6.6567,263.35,165.4,164.35,20973.54,1.5922,0.4815
IMG_20260604_065747.jpg,7898,IRINA,207898,449.1,102,6.7731,257.93,160.63,159.75,20242.87,1.6057,0.4886
IMG_20260604_065747_1.jpg,7898,IRINA,207898,449.1,100,6.6406,265.04,166.7,164.74,21557.09,1.5899,0.4879
IMG_20260604_065748.jpg,7898,IRINA,207898,449.1,100,6.6406,271.81,171.52,171.52,22364.87,1.5847,0.4797
IMG_20260604_065749.jpg,7898,IRINA,207898,449.1,100,6.6406,259.31,165.8,163.84,21038.41,1.564,0.4893
IMG_20260604_065749_1.jpg,7898,IRINA,207898,449.1,99,6.6215,265.8,173.98,168.24,23189.41,1.5278,0.5015
IMG_20260604_065750.jpg,7898,IRINA,207898,449.1,100,6.683,264.25,165.64,164.0,20939.13,1.5953,0.4784
IMG_20260604_065750_1.jpg,7898,IRINA,207898,449.1,99,6.6121,267.99,164.55,162.73,21730.51,1.6287,0.4928
IMG_20260604_065751.jpg,7898,IRINA,207898,449.1,99,6.6054,271.29,165.77,163.81,22271.04,1.6365,0.4952
IMG_20260604_065752.jpg,7898,IRINA,207898,449.1,99,6.603,275.33,166.74,165.83,22312.59,1.6512,0.486
IMG_20260604_065753.jpg,7898,IRINA,207898,449.1,99,6.6054,273.26,166.68,166.08,22607.06,1.6394,0.4963
IMG_20260604_065753_1.jpg,7898,IRINA,207898,449.1,98,6.5388,281.86,168.38,166.7,22500.45,1.6739,0.4741
IMG_20260604_065753_2.jpg,7898,IRINA,207898,449.1,99,6.6121,277.82,165.45,163.64,21579.03,1.6792,0.4694
IMG_20260604_065754.jpg,7898,IRINA,207898,449.1,98,6.5456,276.83,167.29,166.22,22850.87,1.6548,0.4934
IMG_20260604_065755.jpg,7898,IRINA,207898,449.1,98,6.5456,240.47,167.14,166.22,20609.42,1.4388,0.5128
IMG_20260604_065755_1.jpg,7898,IRINA,207898,449.1,98,6.5456,249.33,167.29,166.22,20748.27,1.4904,0.4974
IMG_20260604_065800.jpg,7898,IRINA,207898,449.1,95,6.3421,265.37,179.59,175.49,23621.57,1.4776,0.4956
IMG_20260604_065800_1.jpg,7898,IRINA,207898,449.1,96,6.4087,267.61,179.76,175.7,23891.49,1.4887,0.4967
IMG_20260604_065801.jpg,7898,IRINA,207898,449.1,96,6.4087,271.66,174.76,173.05,22517.53,1.5545,0.4743
IMG_20260604_065801_1.jpg,7898,IRINA,207898,449.1,96,6.4087,269.63,174.76,173.83,23430.51,1.5429,0.4972
IMG_20260604_065802.jpg,7898,IRINA,207898,449.1,97,6.4722,264.05,172.12,169.96,22403.25,1.5341,0.4929
IMG_20260604_065802_1.jpg,7898,IRINA,207898,449.1,97,6.4698,266.16,173.11,171.57,22848.73,1.5375,0.4959
IMG_20260604_065803.jpg,7898,IRINA,207898,449.1,97,6.4722,268.07,169.19,167.18,22612.73,1.5845,0.4986
IMG_20260604_065804.jpg,7898,IRINA,207898,449.1,97,6.468,268.09,169.14,167.13,22847.7,1.585,0.5039
IMG_20260604_065804_1.jpg,7898,IRINA,207898,449.1,97,6.4698,270.03,173.11,167.24,23315.69,1.5598,0.4988
IMG_20260604_065805.jpg,7898,IRINA,207898,449.1,98,6.5388,266.26,166.39,165.32,22157.57,1.6002,0.5001
IMG_20260604_065805_1.jpg,7898,IRINA,207898,449.1,96,6.4031,265.96,173.04,171.95,22549.9,1.537,0.49
IMG_20260604_065354.jpg,7911,CHAPARRITA,207911,385.6,104,6.9346,185.45,137.43,133.82,15188.75,1.3494,0.596
IMG_20260604_065354_1.jpg,7911,CHAPARRITA,207911,385.6,105,7.0003,189.28,136.14,135.28,15952.35,1.3903,0.6191
IMG_20260604_065355.jpg,7911,CHAPARRITA,207911,385.6,104,6.9333,193.85,140.34,137.45,16425.83,1.3813,0.6038
IMG_20260604_065356.jpg,7911,CHAPARRITA,207911,385.6,103,6.867,184.51,141.69,138.93,15593.79,1.3022,0.5965
IMG_20260604_065356_1.jpg,7911,CHAPARRITA,207911,385.6,103,6.868,187.25,140.8,138.91,15851.46,1.3299,0.6013
IMG_20260604_065357.jpg,7911,CHAPARRITA,207911,385.6,103,6.8696,187.2,140.77,138.87,15888.01,1.3299,0.6029
IMG_20260604_065357_1.jpg,7911,CHAPARRITA,207911,385.6,103,6.868,190.16,139.78,138.76,16000.55,1.3604,0.602
IMG_20260604_065358.jpg,7911,CHAPARRITA,207911,385.6,102,6.8052,187.21,142.98,141.07,16133.56,1.3094,0.6027
IMG_20260604_065358_1.jpg,7911,CHAPARRITA,207911,385.6,102,6.8082,187.13,145.71,139.1,15846.55,1.2843,0.5812
IMG_20260604_065358_2.jpg,7911,CHAPARRITA,207911,385.6,101,6.7386,190.84,147.21,142.46,16175.42,1.2964,0.5758
IMG_20260604_065359.jpg,7911,CHAPARRITA,207911,385.6,102,6.8029,187.27,142.0,138.18,15639.67,1.3188,0.5881
IMG_20260604_065359_1.jpg,7911,CHAPARRITA,207911,385.6,102,6.8029,190.06,150.52,144.94,15728.54,1.2627,0.5498
IMG_20260604_065359_2.jpg,7911,CHAPARRITA,207911,385.6,102,6.8082,198.29,148.65,141.01,15990.88,1.334,0.5425
IMG_20260604_065400.jpg,7911,CHAPARRITA,207911,385.6,103,6.8748,202.92,145.31,136.73,15855.71,1.3964,0.5377
IMG_20260604_065400_1.jpg,7911,CHAPARRITA,207911,385.6,102,6.816,207.45,150.23,143.63,16284.05,1.3809,0.5225
IMG_20260604_065400_2.jpg,7911,CHAPARRITA,207911,385.6,102,6.816,205.69,149.35,140.85,16148.34,1.3772,0.5256
IMG_20260604_065401.jpg,7911,CHAPARRITA,207911,385.6,100,6.683,211.58,147.54,144.7,16663.44,1.4341,0.5338
IMG_20260604_065401_1.jpg,7911,CHAPARRITA,207911,385.6,102,6.8209,208.33,149.25,140.74,15936.09,1.3959,0.5125
IMG_20260604_065401_2.jpg,7911,CHAPARRITA,207911,385.6,102,6.8052,210.72,148.56,138.13,16028.08,1.4184,0.512
IMG_20260604_065402.jpg,7911,CHAPARRITA,207911,385.6,103,6.8696,210.49,149.06,140.62,15950.42,1.4121,0.5084
IMG_20260604_065402_1.jpg,7911,CHAPARRITA,207911,385.6,102,6.8003,211.75,146.9,139.26,16164.3,1.4414,0.5196
IMG_20260604_065331.jpg,7915,PERLA,207915,355.6,93,6.2057,185.63,109.41,103.13,9440.08,1.6966,0.4648
IMG_20260604_065333.jpg,7915,PERLA,207915,355.6,93,6.2229,134.66,113.13,106.06,6861.74,1.1903,0.4504
IMG_20260604_065333_1.jpg,7915,PERLA,207915,355.6,94,6.284,114.1,105.98,103.91,6937.95,1.0766,0.5737
IMG_20260604_065334.jpg,7915,PERLA,207915,355.6,94,6.2893,179.03,110.82,103.83,11976.62,1.6155,0.6036
IMG_20260604_065335.jpg,7915,PERLA,207915,355.6,94,6.284,178.23,103.91,99.94,12023.56,1.7152,0.6492
IMG_20260604_065335_1.jpg,7915,PERLA,207915,355.6,90,6.0181,182.95,111.66,111.66,10796.47,1.6384,0.5285
IMG_20260604_065336.jpg,7915,PERLA,207915,355.6,91,6.0798,191.62,105.27,104.28,10635.41,1.8203,0.5273
IMG_20260604_065336_1.jpg,7915,PERLA,207915,355.6,91,6.0901,194.42,105.09,102.3,10537.2,1.85,0.5157
IMG_20260604_065337.jpg,7915,PERLA,207915,355.6,92,6.1032,204.48,102.73,102.73,11243.58,1.9904,0.5352
IMG_20260604_065337_1.jpg,7915,PERLA,207915,355.6,86,5.7646,249.8,107.73,107.73,12903.03,2.3188,0.4795
IMG_20260604_065338.jpg,7915,PERLA,207915,355.6,84,5.6143,216.59,110.61,109.36,12862.12,1.9581,0.5369
IMG_20260604_065338_1.jpg,7915,PERLA,207915,355.6,84,5.6194,180.98,113.89,111.76,10575.35,1.5891,0.5131
IMG_20260604_065339.jpg,7915,PERLA,207915,355.6,84,5.6253,215.1,113.77,111.46,13411.83,1.8906,0.5481
IMG_20260604_065339_1.jpg,7915,PERLA,207915,355.6,81,5.4263,215.8,117.94,115.55,13509.61,1.8297,0.5308
IMG_20260604_065340.jpg,7915,PERLA,207915,355.6,82,5.4926,203.91,116.52,115.25,11559.42,1.75,0.4865
IMG_20260604_065340_1.jpg,7915,PERLA,207915,355.6,82,5.4926,195.72,115.43,113.06,11696.62,1.6956,0.5178
IMG_20260604_065341.jpg,7915,PERLA,207915,355.6,82,5.4926,194.62,118.89,114.15,11332.5,1.6371,0.4898
IMG_20260604_065341_1.jpg,7915,PERLA,207915,355.6,82,5.4926,201.54,121.25,113.06,11342.64,1.6622,0.4641
IMG_20260604_065342.jpg,7915,PERLA,207915,355.6,82,5.4995,186.2,116.37,114.01,10879.52,1.6,0.5021
IMG_20260604_065342_1.jpg,7915,PERLA,207915,355.6,81,5.4263,188.71,114.44,112.05,11093.54,1.649,0.5137
